cohort,arch,spec,cls,kind,group,n_seeds,n_pos_test,auprc,auprc_ceiling,auroc,gap,rel_gap,gap_ci_lo,gap_ci_hi,gap_seed_sd,q,blind,type,dx_group,low_ceiling,suff_abs0.02,suff_abs0.05,suff_abs0.1,suff_rel0.05,suff_rel0.1,sufficiency
chapman,seresnet,I,AF,single,rhythm,5,267,0.9277,0.9582,0.9886,0.0305,0.0318,-0.0095,0.0703,0.0139,0.1189,False,ok,rhythm,False,indeterminate,indeterminate,sufficient,indeterminate,sufficient,indeterminate
chapman,seresnet,I,AFL,single,rhythm,5,67,0.5141,0.8139,0.9461,0.2998,0.3684,0.1794,0.4140,0.0321,0.0024,True,B_confusion,rhythm,False,loss,loss,loss,loss,loss,loss
chapman,seresnet,I,TWC,single,morphology,5,281,0.5252,0.7532,0.8337,0.2280,0.3027,0.1759,0.2770,0.0149,0.0024,True,B_confusion,repolarization,False,loss,loss,loss,loss,loss,loss
chapman,seresnet,I,LAD,single,morphology,5,57,0.0975,0.6051,0.6670,0.5076,0.8389,0.3584,0.6316,0.0367,0.0024,True,B_confusion,axis,False,loss,loss,loss,loss,loss,loss
chapman,seresnet,I,SB,single,rhythm,5,583,0.9997,0.9997,0.9998,0.0000,0.0000,-0.0002,0.0003,0.0006,0.5173,False,ok,rhythm,False,sufficient,sufficient,sufficient,sufficient,sufficient,sufficient
chapman,seresnet,I,SVT,single,rhythm,5,87,0.9260,0.9522,0.9962,0.0262,0.0275,0.0006,0.0597,0.0374,0.0467,False,ok,rhythm,False,indeterminate,indeterminate,sufficient,indeterminate,sufficient,indeterminate
chapman,seresnet,I,SR,single,rhythm,5,274,0.9954,0.9964,0.9990,0.0010,0.0010,-0.0035,0.0045,0.0040,0.3776,False,ok,rhythm,False,sufficient,sufficient,sufficient,sufficient,sufficient,sufficient
chapman,seresnet,I,ST,single,rhythm,5,235,0.9902,0.9908,0.9976,0.0006,0.0006,-0.0051,0.0056,0.0034,0.4903,False,ok,rhythm,False,sufficient,sufficient,sufficient,sufficient,sufficient,sufficient
chapman,seresnet,I,STTC,single,morphology,5,174,0.4936,0.6093,0.8826,0.1157,0.1898,0.0572,0.1745,0.0239,0.0024,False,ok,repolarization,False,loss,loss,indeterminate,loss,indeterminate,loss
chapman,seresnet,I,LVH,single,morphology,5,196,0.2487,0.8036,0.7301,0.5549,0.6905,0.4857,0.6071,0.0252,0.0024,True,B_confusion,hypertrophy,False,loss,loss,loss,loss,loss,loss
chapman,seresnet,I,RBBB,single,morphology,5,68,0.8761,0.9695,0.9747,0.0934,0.0964,0.0413,0.1583,0.0175,0.0024,False,ok,conduction,False,loss,indeterminate,indeterminate,indeterminate,indeterminate,indeterminate
chapman,seresnet,II,AF,single,rhythm,5,267,0.9608,0.9582,0.9940,-0.0025,-0.0026,-0.0274,0.0251,0.0173,0.6138,False,ok,rhythm,False,indeterminate,sufficient,sufficient,sufficient,sufficient,sufficient
chapman,seresnet,II,AFL,single,rhythm,5,67,0.7336,0.8139,0.9710,0.0803,0.0987,0.0005,0.1688,0.0196,0.0492,False,ok,rhythm,False,indeterminate,indeterminate,indeterminate,indeterminate,indeterminate,indeterminate
chapman,seresnet,II,TWC,single,morphology,5,281,0.6369,0.7532,0.8711,0.1164,0.1545,0.0687,0.1629,0.0149,0.0024,False,ok,repolarization,False,loss,loss,indeterminate,loss,indeterminate,loss
chapman,seresnet,II,LAD,single,morphology,5,57,0.5943,0.6051,0.9721,0.0108,0.0178,-0.0848,0.1153,0.0356,0.4903,False,ok,axis,False,indeterminate,indeterminate,indeterminate,indeterminate,indeterminate,indeterminate
chapman,seresnet,II,SB,single,rhythm,5,583,0.9999,0.9997,0.9999,-0.0001,-0.0001,-0.0004,0.0001,0.0005,0.9241,False,ok,rhythm,False,sufficient,sufficient,sufficient,sufficient,sufficient,sufficient
chapman,seresnet,II,SVT,single,rhythm,5,87,0.9346,0.9522,0.9972,0.0176,0.0185,-0.0097,0.0532,0.0360,0.2044,False,ok,rhythm,False,indeterminate,indeterminate,sufficient,indeterminate,sufficient,indeterminate
chapman,seresnet,II,SR,single,rhythm,5,274,0.9975,0.9964,0.9994,-0.0012,-0.0012,-0.0053,0.0020,0.0040,0.7750,False,ok,rhythm,False,sufficient,sufficient,sufficient,sufficient,sufficient,sufficient
chapman,seresnet,II,ST,single,rhythm,5,235,0.9908,0.9908,0.9973,0.0000,0.0000,-0.0050,0.0051,0.0040,0.5994,False,ok,rhythm,False,sufficient,sufficient,sufficient,sufficient,sufficient,sufficient
chapman,seresnet,II,STTC,single,morphology,5,174,0.5102,0.6093,0.9051,0.0991,0.1627,0.0455,0.1489,0.0304,0.0024,False,ok,repolarization,False,loss,indeterminate,indeterminate,loss,indeterminate,indeterminate
chapman,seresnet,II,LVH,single,morphology,5,196,0.3600,0.8036,0.7609,0.4436,0.5520,0.3750,0.5075,0.0243,0.0024,True,B_confusion,hypertrophy,False,loss,loss,loss,loss,loss,loss
chapman,seresnet,II,RBBB,single,morphology,5,68,0.8212,0.9695,0.9656,0.1483,0.1529,0.0800,0.2254,0.0209,0.0024,False,ok,conduction,False,loss,loss,indeterminate,loss,indeterminate,loss
chapman,seresnet,III,AF,single,rhythm,5,267,0.9682,0.9582,0.9934,-0.0100,-0.0104,-0.0377,0.0140,0.0144,0.7313,False,ok,rhythm,False,sufficient,sufficient,sufficient,sufficient,sufficient,sufficient
chapman,seresnet,III,AFL,single,rhythm,5,67,0.7884,0.8139,0.9800,0.0255,0.0314,-0.0623,0.1102,0.0199,0.3776,False,ok,rhythm,False,indeterminate,indeterminate,indeterminate,indeterminate,indeterminate,indeterminate
chapman,seresnet,III,TWC,single,morphology,5,281,0.4471,0.7532,0.7741,0.3061,0.4064,0.2333,0.3688,0.0139,0.0024,True,B_confusion,repolarization,False,loss,loss,loss,loss,loss,loss
chapman,seresnet,III,LAD,single,morphology,5,57,0.3187,0.6051,0.9196,0.2864,0.4732,0.1424,0.4027,0.0661,0.0045,True,B_confusion,axis,False,loss,loss,loss,loss,loss,loss
chapman,seresnet,III,SB,single,rhythm,5,583,0.9996,0.9997,0.9998,0.0002,0.0002,-0.0001,0.0005,0.0005,0.2606,False,ok,rhythm,False,sufficient,sufficient,sufficient,sufficient,sufficient,sufficient
chapman,seresnet,III,SVT,single,rhythm,5,87,0.9594,0.9522,0.9981,-0.0072,-0.0076,-0.0321,0.0152,0.0400,0.8084,False,ok,rhythm,False,sufficient,sufficient,sufficient,sufficient,sufficient,sufficient
chapman,seresnet,III,SR,single,rhythm,5,274,0.9963,0.9964,0.9991,0.0001,0.0001,-0.0030,0.0032,0.0033,0.5797,False,ok,rhythm,False,sufficient,sufficient,sufficient,sufficient,sufficient,sufficient
chapman,seresnet,III,ST,single,rhythm,5,235,0.9944,0.9908,0.9986,-0.0036,-0.0036,-0.0090,0.0005,0.0023,0.9543,False,ok,rhythm,False,sufficient,sufficient,sufficient,sufficient,sufficient,sufficient
chapman,seresnet,III,STTC,single,morphology,5,174,0.3275,0.6093,0.8081,0.2818,0.4625,0.2033,0.3528,0.0279,0.0024,True,B_confusion,repolarization,False,loss,loss,loss,loss,loss,loss
chapman,seresnet,III,LVH,single,morphology,5,196,0.2487,0.8036,0.7130,0.5549,0.6905,0.4873,0.6069,0.0299,0.0024,True,B_confusion,hypertrophy,False,loss,loss,loss,loss,loss,loss
chapman,seresnet,III,RBBB,single,morphology,5,68,0.7580,0.9695,0.9667,0.2115,0.2181,0.1381,0.2967,0.0166,0.0024,True,B_confusion,conduction,False,loss,loss,loss,loss,loss,loss
chapman,seresnet,aVR,AF,single,rhythm,5,267,0.9450,0.9582,0.9911,0.0133,0.0139,-0.0233,0.0502,0.0170,0.3304,False,ok,rhythm,False,indeterminate,indeterminate,sufficient,indeterminate,sufficient,indeterminate
chapman,seresnet,aVR,AFL,single,rhythm,5,67,0.6596,0.8139,0.9674,0.1543,0.1896,0.0684,0.2464,0.0255,0.0024,True,B_confusion,rhythm,False,loss,loss,indeterminate,loss,indeterminate,loss
chapman,seresnet,aVR,TWC,single,morphology,5,281,0.6296,0.7532,0.8770,0.1236,0.1641,0.0836,0.1634,0.0116,0.0024,False,ok,repolarization,False,loss,loss,indeterminate,loss,loss,loss
chapman,seresnet,aVR,LAD,single,morphology,5,57,0.3472,0.6051,0.9067,0.2579,0.4262,0.1000,0.3968,0.0419,0.0045,True,B_confusion,axis,False,loss,loss,loss,loss,loss,loss
chapman,seresnet,aVR,SB,single,rhythm,5,583,0.9997,0.9997,0.9998,0.0000,0.0000,-0.0002,0.0003,0.0005,0.4769,False,ok,rhythm,False,sufficient,sufficient,sufficient,sufficient,sufficient,sufficient
chapman,seresnet,aVR,SVT,single,rhythm,5,87,0.9446,0.9522,0.9974,0.0076,0.0080,-0.0148,0.0354,0.0463,0.3777,False,ok,rhythm,False,indeterminate,sufficient,sufficient,sufficient,sufficient,sufficient
chapman,seresnet,aVR,SR,single,rhythm,5,274,0.9979,0.9964,0.9995,-0.0015,-0.0016,-0.0051,0.0008,0.0033,0.8808,False,ok,rhythm,False,sufficient,sufficient,sufficient,sufficient,sufficient,sufficient
chapman,seresnet,aVR,ST,single,rhythm,5,235,0.9919,0.9908,0.9967,-0.0011,-0.0011,-0.0063,0.0030,0.0038,0.7214,False,ok,rhythm,False,sufficient,sufficient,sufficient,sufficient,sufficient,sufficient
chapman,seresnet,aVR,STTC,single,morphology,5,174,0.5670,0.6093,0.9178,0.0423,0.0694,-0.0100,0.0880,0.0209,0.1189,False,ok,repolarization,False,indeterminate,indeterminate,sufficient,indeterminate,indeterminate,indeterminate
chapman,seresnet,aVR,LVH,single,morphology,5,196,0.3421,0.8036,0.7666,0.4616,0.5743,0.3950,0.5244,0.0234,0.0024,True,B_confusion,hypertrophy,False,loss,loss,loss,loss,loss,loss
chapman,seresnet,aVR,RBBB,single,morphology,5,68,0.8467,0.9695,0.9762,0.1228,0.1267,0.0619,0.1913,0.0172,0.0024,False,ok,conduction,False,loss,loss,indeterminate,loss,indeterminate,loss
chapman,seresnet,aVL,AF,single,rhythm,5,267,0.9633,0.9582,0.9930,-0.0050,-0.0052,-0.0289,0.0186,0.0197,0.6446,False,ok,rhythm,False,sufficient,sufficient,sufficient,sufficient,sufficient,sufficient
chapman,seresnet,aVL,AFL,single,rhythm,5,67,0.7156,0.8139,0.9718,0.0984,0.1208,0.0002,0.1978,0.0253,0.0504,False,ok,rhythm,False,indeterminate,indeterminate,indeterminate,indeterminate,indeterminate,indeterminate
chapman,seresnet,aVL,TWC,single,morphology,5,281,0.3835,0.7532,0.7402,0.3697,0.4909,0.3062,0.4281,0.0112,0.0024,True,B_confusion,repolarization,False,loss,loss,loss,loss,loss,loss
chapman,seresnet,aVL,LAD,single,morphology,5,57,0.1680,0.6051,0.8332,0.4370,0.7223,0.2944,0.5504,0.0495,0.0024,True,B_confusion,axis,False,loss,loss,loss,loss,loss,loss
chapman,seresnet,aVL,SB,single,rhythm,5,583,0.9995,0.9997,0.9997,0.0002,0.0002,-0.0001,0.0007,0.0007,0.1730,False,ok,rhythm,False,sufficient,sufficient,sufficient,sufficient,sufficient,sufficient
chapman,seresnet,aVL,SVT,single,rhythm,5,87,0.9562,0.9522,0.9980,-0.0040,-0.0042,-0.0363,0.0272,0.0407,0.6917,False,ok,rhythm,False,indeterminate,sufficient,sufficient,sufficient,sufficient,sufficient
chapman,seresnet,aVL,SR,single,rhythm,5,274,0.9944,0.9964,0.9986,0.0020,0.0020,-0.0026,0.0065,0.0037,0.2760,False,ok,rhythm,False,sufficient,sufficient,sufficient,sufficient,sufficient,sufficient
chapman,seresnet,aVL,ST,single,rhythm,5,235,0.9908,0.9908,0.9978,-0.0000,-0.0000,-0.0068,0.0065,0.0045,0.5849,False,ok,rhythm,False,sufficient,sufficient,sufficient,sufficient,sufficient,sufficient
chapman,seresnet,aVL,STTC,single,morphology,5,174,0.3740,0.6093,0.8215,0.2353,0.3861,0.1582,0.3129,0.0291,0.0024,True,B_confusion,repolarization,False,loss,loss,loss,loss,loss,loss
chapman,seresnet,aVL,LVH,single,morphology,5,196,0.2302,0.8036,0.6941,0.5735,0.7136,0.5030,0.6273,0.0286,0.0024,True,B_confusion,hypertrophy,False,loss,loss,loss,loss,loss,loss
chapman,seresnet,aVL,RBBB,single,morphology,5,68,0.8215,0.9695,0.9697,0.1480,0.1527,0.0854,0.2230,0.0192,0.0024,False,ok,conduction,False,loss,loss,indeterminate,loss,indeterminate,loss
chapman,seresnet,aVF,AF,single,rhythm,5,267,0.9691,0.9582,0.9948,-0.0108,-0.0113,-0.0322,0.0118,0.0179,0.8146,False,ok,rhythm,False,sufficient,sufficient,sufficient,sufficient,sufficient,sufficient
chapman,seresnet,aVF,AFL,single,rhythm,5,67,0.7761,0.8139,0.9786,0.0378,0.0464,-0.0539,0.1297,0.0166,0.3087,False,ok,rhythm,False,indeterminate,indeterminate,indeterminate,indeterminate,indeterminate,indeterminate
chapman,seresnet,aVF,TWC,single,morphology,5,281,0.5234,0.7532,0.8228,0.2299,0.3052,0.1641,0.2884,0.0126,0.0024,True,B_confusion,repolarization,False,loss,loss,loss,loss,loss,loss
chapman,seresnet,aVF,LAD,single,morphology,5,57,0.4176,0.6051,0.9642,0.1875,0.3099,0.0590,0.2906,0.0448,0.0024,True,B_confusion,axis,False,loss,loss,indeterminate,loss,indeterminate,loss
chapman,seresnet,aVF,SB,single,rhythm,5,583,0.9999,0.9997,0.9999,-0.0001,-0.0001,-0.0004,0.0001,0.0005,0.8743,False,ok,rhythm,False,sufficient,sufficient,sufficient,sufficient,sufficient,sufficient
chapman,seresnet,aVF,SVT,single,rhythm,5,87,0.9423,0.9522,0.9973,0.0098,0.0103,-0.0160,0.0436,0.0350,0.3776,False,ok,rhythm,False,indeterminate,sufficient,sufficient,sufficient,sufficient,sufficient
chapman,seresnet,aVF,SR,single,rhythm,5,274,0.9967,0.9964,0.9992,-0.0003,-0.0003,-0.0047,0.0034,0.0038,0.6111,False,ok,rhythm,False,sufficient,sufficient,sufficient,sufficient,sufficient,sufficient
chapman,seresnet,aVF,ST,single,rhythm,5,235,0.9925,0.9908,0.9984,-0.0017,-0.0017,-0.0057,0.0018,0.0034,0.8608,False,ok,rhythm,False,sufficient,sufficient,sufficient,sufficient,sufficient,sufficient
chapman,seresnet,aVF,STTC,single,morphology,5,174,0.4578,0.6093,0.8710,0.1515,0.2487,0.0803,0.2169,0.0255,0.0024,True,B_confusion,repolarization,False,loss,loss,indeterminate,loss,loss,loss
chapman,seresnet,aVF,LVH,single,morphology,5,196,0.2998,0.8036,0.7437,0.5038,0.6269,0.4362,0.5614,0.0257,0.0024,True,B_confusion,hypertrophy,False,loss,loss,loss,loss,loss,loss
chapman,seresnet,aVF,RBBB,single,morphology,5,68,0.8173,0.9695,0.9793,0.1522,0.1570,0.0840,0.2347,0.0246,0.0024,True,B_confusion,conduction,False,loss,loss,indeterminate,loss,indeterminate,loss
chapman,seresnet,V1,AF,single,rhythm,5,267,0.9821,0.9582,0.9959,-0.0239,-0.0249,-0.0561,0.0021,0.0175,0.9543,False,ok,rhythm,False,sufficient,sufficient,sufficient,sufficient,sufficient,sufficient
chapman,seresnet,V1,AFL,single,rhythm,5,67,0.8121,0.8139,0.9889,0.0018,0.0022,-0.0968,0.0943,0.0231,0.6111,False,ok,rhythm,False,indeterminate,indeterminate,sufficient,indeterminate,indeterminate,indeterminate
chapman,seresnet,V1,TWC,single,morphology,5,281,0.3692,0.7532,0.7279,0.3840,0.5098,0.3237,0.4443,0.0058,0.0024,True,B_confusion,repolarization,False,loss,loss,loss,loss,loss,loss
chapman,seresnet,V1,LAD,single,morphology,5,57,0.1434,0.6051,0.6761,0.4617,0.7630,0.3182,0.5798,0.0444,0.0024,True,B_confusion,axis,False,loss,loss,loss,loss,loss,loss
chapman,seresnet,V1,SB,single,rhythm,5,583,0.9998,0.9997,0.9999,-0.0001,-0.0001,-0.0003,0.0002,0.0006,0.7313,False,ok,rhythm,False,sufficient,sufficient,sufficient,sufficient,sufficient,sufficient
chapman,seresnet,V1,SVT,single,rhythm,5,87,0.9528,0.9522,0.9973,-0.0007,-0.0007,-0.0283,0.0245,0.0460,0.5976,False,ok,rhythm,False,indeterminate,sufficient,sufficient,sufficient,sufficient,sufficient
chapman,seresnet,V1,SR,single,rhythm,5,274,0.9982,0.9964,0.9996,-0.0018,-0.0018,-0.0059,0.0012,0.0041,0.8743,False,ok,rhythm,False,sufficient,sufficient,sufficient,sufficient,sufficient,sufficient
chapman,seresnet,V1,ST,single,rhythm,5,235,0.9903,0.9908,0.9982,0.0005,0.0005,-0.0074,0.0098,0.0038,0.5849,False,ok,rhythm,False,sufficient,sufficient,sufficient,sufficient,sufficient,sufficient
chapman,seresnet,V1,STTC,single,morphology,5,174,0.3174,0.6093,0.7986,0.2919,0.4790,0.2221,0.3556,0.0289,0.0024,True,B_confusion,repolarization,False,loss,loss,loss,loss,loss,loss
chapman,seresnet,V1,LVH,single,morphology,5,196,0.2929,0.8036,0.7555,0.5107,0.6355,0.4396,0.5659,0.0244,0.0024,True,B_confusion,hypertrophy,False,loss,loss,loss,loss,loss,loss
chapman,seresnet,V1,RBBB,single,morphology,5,68,0.9500,0.9695,0.9982,0.0195,0.0201,-0.0154,0.0697,0.0237,0.2986,False,ok,conduction,False,indeterminate,indeterminate,sufficient,indeterminate,sufficient,indeterminate
chapman,seresnet,V2,AF,single,rhythm,5,267,0.9647,0.9582,0.9931,-0.0064,-0.0067,-0.0413,0.0257,0.0104,0.6492,False,ok,rhythm,False,indeterminate,sufficient,sufficient,sufficient,sufficient,sufficient
chapman,seresnet,V2,AFL,single,rhythm,5,67,0.6114,0.8139,0.9609,0.2025,0.2487,0.0820,0.3230,0.0463,0.0045,True,B_confusion,rhythm,False,loss,loss,indeterminate,loss,loss,loss
chapman,seresnet,V2,TWC,single,morphology,5,281,0.4179,0.7532,0.7656,0.3353,0.4452,0.2681,0.3948,0.0214,0.0024,True,B_confusion,repolarization,False,loss,loss,loss,loss,loss,loss
chapman,seresnet,V2,LAD,single,morphology,5,57,0.0879,0.6051,0.6749,0.5172,0.8547,0.3841,0.6380,0.0319,0.0024,True,B_confusion,axis,False,loss,loss,loss,loss,loss,loss
chapman,seresnet,V2,SB,single,rhythm,5,583,0.9997,0.9997,0.9998,0.0000,0.0000,-0.0002,0.0003,0.0004,0.5325,False,ok,rhythm,False,sufficient,sufficient,sufficient,sufficient,sufficient,sufficient
chapman,seresnet,V2,SVT,single,rhythm,5,87,0.9191,0.9522,0.9969,0.0330,0.0347,-0.0087,0.0904,0.0272,0.1527,False,ok,rhythm,False,indeterminate,indeterminate,sufficient,indeterminate,sufficient,indeterminate
chapman,seresnet,V2,SR,single,rhythm,5,274,0.9933,0.9964,0.9980,0.0030,0.0030,-0.0017,0.0082,0.0034,0.2051,False,ok,rhythm,False,sufficient,sufficient,sufficient,sufficient,sufficient,sufficient
chapman,seresnet,V2,ST,single,rhythm,5,235,0.9799,0.9908,0.9950,0.0109,0.0110,0.0015,0.0229,0.0038,0.0288,False,ok,rhythm,False,indeterminate,sufficient,sufficient,sufficient,sufficient,sufficient
chapman,seresnet,V2,STTC,single,morphology,5,174,0.3740,0.6093,0.8054,0.2353,0.3862,0.1567,0.3096,0.0249,0.0024,True,B_confusion,repolarization,False,loss,loss,loss,loss,loss,loss
chapman,seresnet,V2,LVH,single,morphology,5,196,0.2987,0.8036,0.7553,0.5050,0.6283,0.4288,0.5607,0.0200,0.0024,True,B_confusion,hypertrophy,False,loss,loss,loss,loss,loss,loss
chapman,seresnet,V2,RBBB,single,morphology,5,68,0.9522,0.9695,0.9963,0.0173,0.0179,-0.0064,0.0447,0.0176,0.1527,False,ok,conduction,False,indeterminate,sufficient,sufficient,sufficient,sufficient,sufficient
chapman,seresnet,V3,AF,single,rhythm,5,267,0.9563,0.9582,0.9919,0.0019,0.0020,-0.0196,0.0241,0.0090,0.4669,False,ok,rhythm,False,indeterminate,sufficient,sufficient,sufficient,sufficient,sufficient
chapman,seresnet,V3,AFL,single,rhythm,5,67,0.5136,0.8139,0.9448,0.3003,0.3689,0.1778,0.4146,0.0312,0.0024,True,B_confusion,rhythm,False,loss,loss,loss,loss,loss,loss
chapman,seresnet,V3,TWC,single,morphology,5,281,0.5377,0.7532,0.8251,0.2155,0.2861,0.1594,0.2628,0.0166,0.0024,True,B_confusion,repolarization,False,loss,loss,loss,loss,loss,loss
chapman,seresnet,V3,LAD,single,morphology,5,57,0.0651,0.6051,0.6825,0.5400,0.8924,0.4134,0.6553,0.0268,0.0024,True,B_confusion,axis,False,loss,loss,loss,loss,loss,loss
chapman,seresnet,V3,SB,single,rhythm,5,583,0.9997,0.9997,0.9998,0.0001,0.0001,-0.0002,0.0005,0.0008,0.4903,False,ok,rhythm,False,sufficient,sufficient,sufficient,sufficient,sufficient,sufficient
chapman,seresnet,V3,SVT,single,rhythm,5,87,0.9115,0.9522,0.9971,0.0406,0.0427,-0.0175,0.1039,0.0319,0.2320,False,ok,rhythm,False,indeterminate,indeterminate,indeterminate,indeterminate,indeterminate,indeterminate
chapman,seresnet,V3,SR,single,rhythm,5,274,0.9947,0.9964,0.9987,0.0017,0.0017,-0.0015,0.0062,0.0027,0.2606,False,ok,rhythm,False,sufficient,sufficient,sufficient,sufficient,sufficient,sufficient
chapman,seresnet,V3,ST,single,rhythm,5,235,0.9801,0.9908,0.9951,0.0107,0.0108,0.0013,0.0217,0.0125,0.0242,False,ok,rhythm,False,indeterminate,sufficient,sufficient,sufficient,sufficient,sufficient
chapman,seresnet,V3,STTC,single,morphology,5,174,0.4151,0.6093,0.8454,0.1942,0.3187,0.1198,0.2712,0.0253,0.0024,True,B_confusion,repolarization,False,loss,loss,loss,loss,loss,loss
chapman,seresnet,V3,LVH,single,morphology,5,196,0.3464,0.8036,0.8005,0.4572,0.5689,0.3884,0.5136,0.0223,0.0024,True,B_confusion,hypertrophy,False,loss,loss,loss,loss,loss,loss
chapman,seresnet,V3,RBBB,single,morphology,5,68,0.9021,0.9695,0.9915,0.0674,0.0696,0.0277,0.1186,0.0175,0.0024,False,ok,conduction,False,loss,indeterminate,indeterminate,indeterminate,indeterminate,indeterminate
chapman,seresnet,V4,AF,single,rhythm,5,267,0.9325,0.9582,0.9891,0.0257,0.0269,-0.0113,0.0669,0.0239,0.1497,False,ok,rhythm,False,indeterminate,indeterminate,sufficient,indeterminate,sufficient,indeterminate
chapman,seresnet,V4,AFL,single,rhythm,5,67,0.3920,0.8139,0.9380,0.4219,0.5184,0.2885,0.5332,0.0420,0.0024,True,B_confusion,rhythm,False,loss,loss,loss,loss,loss,loss
chapman,seresnet,V4,TWC,single,morphology,5,281,0.6268,0.7532,0.8727,0.1265,0.1679,0.0777,0.1735,0.0163,0.0024,False,ok,repolarization,False,loss,loss,indeterminate,loss,loss,loss
chapman,seresnet,V4,LAD,single,morphology,5,57,0.0800,0.6051,0.7232,0.5250,0.8677,0.3958,0.6375,0.0356,0.0024,True,B_confusion,axis,False,loss,loss,loss,loss,loss,loss
chapman,seresnet,V4,SB,single,rhythm,5,583,0.9997,0.9997,0.9998,0.0001,0.0001,-0.0002,0.0003,0.0005,0.4669,False,ok,rhythm,False,sufficient,sufficient,sufficient,sufficient,sufficient,sufficient
chapman,seresnet,V4,SVT,single,rhythm,5,87,0.9289,0.9522,0.9961,0.0232,0.0244,-0.0124,0.0687,0.0390,0.1893,False,ok,rhythm,False,indeterminate,indeterminate,sufficient,indeterminate,sufficient,indeterminate
chapman,seresnet,V4,SR,single,rhythm,5,274,0.9968,0.9964,0.9992,-0.0004,-0.0004,-0.0043,0.0025,0.0052,0.6446,False,ok,rhythm,False,sufficient,sufficient,sufficient,sufficient,sufficient,sufficient
chapman,seresnet,V4,ST,single,rhythm,5,235,0.9872,0.9908,0.9974,0.0036,0.0036,-0.0032,0.0110,0.0044,0.2320,False,ok,rhythm,False,sufficient,sufficient,sufficient,sufficient,sufficient,sufficient
chapman,seresnet,V4,STTC,single,morphology,5,174,0.5064,0.6093,0.8831,0.1029,0.1689,0.0407,0.1696,0.0344,0.0045,False,ok,repolarization,False,loss,indeterminate,indeterminate,loss,indeterminate,indeterminate
chapman,seresnet,V4,LVH,single,morphology,5,196,0.5068,0.8036,0.8855,0.2969,0.3694,0.2364,0.3528,0.0299,0.0024,True,B_confusion,hypertrophy,False,loss,loss,loss,loss,loss,loss
chapman,seresnet,V4,RBBB,single,morphology,5,68,0.8595,0.9695,0.9805,0.1100,0.1135,0.0519,0.1742,0.0175,0.0024,False,ok,conduction,False,loss,loss,indeterminate,loss,indeterminate,loss
chapman,seresnet,V5,AF,single,rhythm,5,267,0.9239,0.9582,0.9885,0.0344,0.0359,-0.0110,0.0809,0.0180,0.1282,False,ok,rhythm,False,indeterminate,indeterminate,sufficient,indeterminate,sufficient,indeterminate
chapman,seresnet,V5,AFL,single,rhythm,5,67,0.3818,0.8139,0.9371,0.4321,0.5309,0.3126,0.5402,0.0473,0.0024,True,B_confusion,rhythm,False,loss,loss,loss,loss,loss,loss
chapman,seresnet,V5,TWC,single,morphology,5,281,0.7434,0.7532,0.9192,0.0098,0.0130,-0.0243,0.0434,0.0166,0.3776,False,ok,repolarization,False,indeterminate,sufficient,sufficient,indeterminate,sufficient,sufficient
chapman,seresnet,V5,LAD,single,morphology,5,57,0.1066,0.6051,0.7873,0.4985,0.8239,0.3738,0.6101,0.0399,0.0024,True,B_confusion,axis,False,loss,loss,loss,loss,loss,loss
chapman,seresnet,V5,SB,single,rhythm,5,583,0.9997,0.9997,0.9998,0.0001,0.0001,-0.0001,0.0004,0.0005,0.3776,False,ok,rhythm,False,sufficient,sufficient,sufficient,sufficient,sufficient,sufficient
chapman,seresnet,V5,SVT,single,rhythm,5,87,0.9081,0.9522,0.9956,0.0440,0.0462,0.0095,0.0870,0.0382,0.0089,False,ok,rhythm,False,indeterminate,indeterminate,sufficient,indeterminate,sufficient,indeterminate
chapman,seresnet,V5,SR,single,rhythm,5,274,0.9954,0.9964,0.9982,0.0009,0.0009,-0.0045,0.0072,0.0020,0.4903,False,ok,rhythm,False,sufficient,sufficient,sufficient,sufficient,sufficient,sufficient
chapman,seresnet,V5,ST,single,rhythm,5,235,0.9879,0.9908,0.9971,0.0029,0.0029,-0.0019,0.0084,0.0028,0.1903,False,ok,rhythm,False,sufficient,sufficient,sufficient,sufficient,sufficient,sufficient
chapman,seresnet,V5,STTC,single,morphology,5,174,0.5622,0.6093,0.9106,0.0471,0.0772,0.0011,0.0975,0.0231,0.0480,False,ok,repolarization,False,indeterminate,indeterminate,sufficient,indeterminate,indeterminate,indeterminate
chapman,seresnet,V5,LVH,single,morphology,5,196,0.7704,0.8036,0.9455,0.0332,0.0413,0.0033,0.0623,0.0157,0.0288,False,ok,hypertrophy,False,indeterminate,indeterminate,sufficient,indeterminate,sufficient,indeterminate
chapman,seresnet,V5,RBBB,single,morphology,5,68,0.8708,0.9695,0.9861,0.0987,0.1018,0.0499,0.1617,0.0191,0.0024,False,ok,conduction,False,loss,indeterminate,indeterminate,loss,indeterminate,indeterminate
chapman,seresnet,V6,AF,single,rhythm,5,267,0.9228,0.9582,0.9878,0.0355,0.0370,-0.0009,0.0770,0.0149,0.0573,False,ok,rhythm,False,indeterminate,indeterminate,sufficient,indeterminate,sufficient,indeterminate
chapman,seresnet,V6,AFL,single,rhythm,5,67,0.4652,0.8139,0.9400,0.3487,0.4284,0.2434,0.4473,0.0321,0.0024,True,B_confusion,rhythm,False,loss,loss,loss,loss,loss,loss
chapman,seresnet,V6,TWC,single,morphology,5,281,0.7130,0.7532,0.9136,0.0402,0.0534,0.0051,0.0763,0.0099,0.0288,False,ok,repolarization,False,indeterminate,indeterminate,sufficient,indeterminate,indeterminate,indeterminate
chapman,seresnet,V6,LAD,single,morphology,5,57,0.1245,0.6051,0.8138,0.4805,0.7942,0.3440,0.5885,0.0307,0.0024,True,B_confusion,axis,False,loss,loss,loss,loss,loss,loss
chapman,seresnet,V6,SB,single,rhythm,5,583,0.9999,0.9997,1.0000,-0.0002,-0.0002,-0.0004,0.0000,0.0005,0.9740,False,ok,rhythm,False,sufficient,sufficient,sufficient,sufficient,sufficient,sufficient
chapman,seresnet,V6,SVT,single,rhythm,5,87,0.9027,0.9522,0.9950,0.0495,0.0520,0.0050,0.1024,0.0286,0.0259,False,ok,rhythm,False,indeterminate,indeterminate,indeterminate,indeterminate,indeterminate,indeterminate
chapman,seresnet,V6,SR,single,rhythm,5,274,0.9969,0.9964,0.9993,-0.0006,-0.0006,-0.0051,0.0030,0.0042,0.6446,False,ok,rhythm,False,sufficient,sufficient,sufficient,sufficient,sufficient,sufficient
chapman,seresnet,V6,ST,single,rhythm,5,235,0.9856,0.9908,0.9972,0.0052,0.0053,-0.0019,0.0130,0.0042,0.1445,False,ok,rhythm,False,sufficient,sufficient,sufficient,sufficient,sufficient,sufficient
chapman,seresnet,V6,STTC,single,morphology,5,174,0.5916,0.6093,0.9128,0.0177,0.0290,-0.0347,0.0678,0.0246,0.3751,False,ok,repolarization,False,indeterminate,indeterminate,sufficient,indeterminate,indeterminate,indeterminate
chapman,seresnet,V6,LVH,single,morphology,5,196,0.6141,0.8036,0.9013,0.1896,0.2359,0.1352,0.2438,0.0297,0.0024,True,B_confusion,hypertrophy,False,loss,loss,loss,loss,loss,loss
chapman,seresnet,V6,RBBB,single,morphology,5,68,0.8862,0.9695,0.9832,0.0833,0.0860,0.0384,0.1416,0.0121,0.0024,False,ok,conduction,False,loss,indeterminate,indeterminate,indeterminate,indeterminate,indeterminate
chapman,seresnet,ALL,AF,ceiling,rhythm,5,267,0.9582,0.9582,0.9946,0.0000,0.0000,,,0.0000,,False,ok,rhythm,False,na,na,na,na,na,na
chapman,seresnet,ALL,AFL,ceiling,rhythm,5,67,0.8139,0.8139,0.9767,0.0000,0.0000,,,0.0000,,False,ok,rhythm,False,na,na,na,na,na,na
chapman,seresnet,ALL,TWC,ceiling,morphology,5,281,0.7532,0.7532,0.9342,0.0000,0.0000,,,0.0000,,False,ok,repolarization,False,na,na,na,na,na,na
chapman,seresnet,ALL,LAD,ceiling,morphology,5,57,0.6051,0.6051,0.9810,0.0000,0.0000,,,0.0000,,False,ok,axis,False,na,na,na,na,na,na
chapman,seresnet,ALL,SB,ceiling,rhythm,5,583,0.9997,0.9997,0.9998,0.0000,0.0000,,,0.0000,,False,ok,rhythm,False,na,na,na,na,na,na
chapman,seresnet,ALL,SVT,ceiling,rhythm,5,87,0.9522,0.9522,0.9973,0.0000,0.0000,,,0.0000,,False,ok,rhythm,False,na,na,na,na,na,na
chapman,seresnet,ALL,SR,ceiling,rhythm,5,274,0.9964,0.9964,0.9990,0.0000,0.0000,,,0.0000,,False,ok,rhythm,False,na,na,na,na,na,na
chapman,seresnet,ALL,ST,ceiling,rhythm,5,235,0.9908,0.9908,0.9976,0.0000,0.0000,,,0.0000,,False,ok,rhythm,False,na,na,na,na,na,na
chapman,seresnet,ALL,STTC,ceiling,morphology,5,174,0.6093,0.6093,0.9252,0.0000,0.0000,,,0.0000,,False,ok,repolarization,False,na,na,na,na,na,na
chapman,seresnet,ALL,LVH,ceiling,morphology,5,196,0.8036,0.8036,0.9619,0.0000,0.0000,,,0.0000,,False,ok,hypertrophy,False,na,na,na,na,na,na
chapman,seresnet,ALL,RBBB,ceiling,morphology,5,68,0.9695,0.9695,0.9981,0.0000,0.0000,,,0.0000,,False,ok,conduction,False,na,na,na,na,na,na
chapman,seresnet,I+II,AF,device,rhythm,5,267,0.9578,0.9582,0.9926,0.0005,0.0005,-0.0256,0.0239,0.0181,0.5927,False,ok,rhythm,False,indeterminate,sufficient,sufficient,sufficient,sufficient,sufficient
chapman,seresnet,I+II,AFL,device,rhythm,5,67,0.7699,0.8139,0.9741,0.0440,0.0541,-0.0291,0.1226,0.0258,0.2540,False,ok,rhythm,False,indeterminate,indeterminate,indeterminate,indeterminate,indeterminate,indeterminate
chapman,seresnet,I+II,TWC,device,morphology,5,281,0.6688,0.7532,0.9000,0.0844,0.1121,0.0491,0.1187,0.0182,0.0044,False,ok,repolarization,False,loss,indeterminate,indeterminate,loss,indeterminate,indeterminate
chapman,seresnet,I+II,LAD,device,morphology,5,57,0.7066,0.6051,0.9851,-0.1015,-0.1677,-0.1952,-0.0028,0.0371,0.9850,False,ok,axis,False,sufficient,sufficient,sufficient,sufficient,sufficient,sufficient
chapman,seresnet,I+II,SB,device,rhythm,5,583,0.9997,0.9997,0.9998,0.0000,0.0000,-0.0002,0.0003,0.0006,0.5927,False,ok,rhythm,False,sufficient,sufficient,sufficient,sufficient,sufficient,sufficient
chapman,seresnet,I+II,SVT,device,rhythm,5,87,0.9294,0.9522,0.9976,0.0228,0.0239,-0.0144,0.0670,0.0435,0.3377,False,ok,rhythm,False,indeterminate,indeterminate,sufficient,indeterminate,sufficient,indeterminate
chapman,seresnet,I+II,SR,device,rhythm,5,274,0.9961,0.9964,0.9989,0.0003,0.0003,-0.0039,0.0038,0.0032,0.6071,False,ok,rhythm,False,sufficient,sufficient,sufficient,sufficient,sufficient,sufficient
chapman,seresnet,I+II,ST,device,rhythm,5,235,0.9924,0.9908,0.9975,-0.0016,-0.0016,-0.0068,0.0024,0.0028,0.8622,False,ok,rhythm,False,sufficient,sufficient,sufficient,sufficient,sufficient,sufficient
chapman,seresnet,I+II,STTC,device,morphology,5,174,0.5493,0.6093,0.9126,0.0600,0.0984,0.0152,0.1076,0.0273,0.0080,False,ok,repolarization,False,indeterminate,indeterminate,indeterminate,indeterminate,indeterminate,indeterminate
chapman,seresnet,I+II,LVH,device,morphology,5,196,0.3666,0.8036,0.7891,0.4370,0.5438,0.3640,0.5008,0.0127,0.0044,True,B_confusion,hypertrophy,False,loss,loss,loss,loss,loss,loss
chapman,seresnet,I+II,RBBB,device,morphology,5,68,0.9173,0.9695,0.9906,0.0522,0.0538,0.0221,0.0910,0.0072,0.0044,False,ok,conduction,False,loss,indeterminate,sufficient,indeterminate,sufficient,indeterminate
chapman,seresnet,LIMB6,AF,device,rhythm,5,267,0.9556,0.9582,0.9936,0.0027,0.0028,-0.0106,0.0188,0.0088,0.4737,False,ok,rhythm,False,sufficient,sufficient,sufficient,sufficient,sufficient,sufficient
chapman,seresnet,LIMB6,AFL,device,rhythm,5,67,0.7649,0.8139,0.9738,0.0490,0.0602,-0.0262,0.1307,0.0276,0.2379,False,ok,rhythm,False,indeterminate,indeterminate,indeterminate,indeterminate,indeterminate,indeterminate
chapman,seresnet,LIMB6,TWC,device,morphology,5,281,0.6661,0.7532,0.8998,0.0872,0.1157,0.0520,0.1252,0.0187,0.0044,False,ok,repolarization,False,loss,loss,indeterminate,loss,indeterminate,loss
chapman,seresnet,LIMB6,LAD,device,morphology,5,57,0.6718,0.6051,0.9844,-0.0667,-0.1103,-0.1622,0.0250,0.0545,0.9767,False,ok,axis,False,indeterminate,sufficient,sufficient,sufficient,sufficient,sufficient
chapman,seresnet,LIMB6,SB,device,rhythm,5,583,0.9996,0.9997,0.9998,0.0001,0.0001,-0.0001,0.0004,0.0003,0.3626,False,ok,rhythm,False,sufficient,sufficient,sufficient,sufficient,sufficient,sufficient
chapman,seresnet,LIMB6,SVT,device,rhythm,5,87,0.9345,0.9522,0.9973,0.0177,0.0186,-0.0102,0.0535,0.0372,0.3056,False,ok,rhythm,False,indeterminate,indeterminate,sufficient,indeterminate,sufficient,indeterminate
chapman,seresnet,LIMB6,SR,device,rhythm,5,274,0.9967,0.9964,0.9992,-0.0003,-0.0003,-0.0039,0.0021,0.0022,0.6852,False,ok,rhythm,False,sufficient,sufficient,sufficient,sufficient,sufficient,sufficient
chapman,seresnet,LIMB6,ST,device,rhythm,5,235,0.9915,0.9908,0.9970,-0.0006,-0.0006,-0.0055,0.0032,0.0035,0.7121,False,ok,rhythm,False,sufficient,sufficient,sufficient,sufficient,sufficient,sufficient
chapman,seresnet,LIMB6,STTC,device,morphology,5,174,0.5628,0.6093,0.9170,0.0465,0.0763,0.0061,0.0890,0.0370,0.0440,False,ok,repolarization,False,indeterminate,indeterminate,sufficient,indeterminate,indeterminate,indeterminate
chapman,seresnet,LIMB6,LVH,device,morphology,5,196,0.3772,0.8036,0.7910,0.4265,0.5307,0.3503,0.4882,0.0287,0.0044,True,B_confusion,hypertrophy,False,loss,loss,loss,loss,loss,loss
chapman,seresnet,LIMB6,RBBB,device,morphology,5,68,0.9071,0.9695,0.9931,0.0624,0.0643,0.0278,0.1044,0.0184,0.0044,False,ok,conduction,False,loss,indeterminate,indeterminate,indeterminate,indeterminate,indeterminate
chapman,seresnet,CH3,AF,device,rhythm,5,267,0.9539,0.9582,0.9931,0.0044,0.0046,-0.0068,0.0181,0.0085,0.3612,False,ok,rhythm,False,sufficient,sufficient,sufficient,sufficient,sufficient,sufficient
chapman,seresnet,CH3,AFL,device,rhythm,5,67,0.7620,0.8139,0.9715,0.0519,0.0637,-0.0129,0.1237,0.0320,0.1670,False,ok,rhythm,False,indeterminate,indeterminate,indeterminate,indeterminate,indeterminate,indeterminate
chapman,seresnet,CH3,TWC,device,morphology,5,281,0.6723,0.7532,0.8995,0.0809,0.1074,0.0489,0.1120,0.0158,0.0044,False,ok,repolarization,False,loss,indeterminate,indeterminate,loss,indeterminate,indeterminate
chapman,seresnet,CH3,LAD,device,morphology,5,57,0.6827,0.6051,0.9851,-0.0776,-0.1282,-0.1616,0.0107,0.0452,0.9850,False,ok,axis,False,sufficient,sufficient,sufficient,sufficient,sufficient,sufficient
chapman,seresnet,CH3,SB,device,rhythm,5,583,0.9997,0.9997,0.9998,0.0001,0.0001,-0.0001,0.0003,0.0007,0.4193,False,ok,rhythm,False,sufficient,sufficient,sufficient,sufficient,sufficient,sufficient
chapman,seresnet,CH3,SVT,device,rhythm,5,87,0.9416,0.9522,0.9974,0.0106,0.0111,-0.0081,0.0352,0.0389,0.3056,False,ok,rhythm,False,indeterminate,sufficient,sufficient,sufficient,sufficient,sufficient
chapman,seresnet,CH3,SR,device,rhythm,5,274,0.9963,0.9964,0.9991,0.0000,0.0000,-0.0014,0.0016,0.0033,0.6300,False,ok,rhythm,False,sufficient,sufficient,sufficient,sufficient,sufficient,sufficient
chapman,seresnet,CH3,ST,device,rhythm,5,235,0.9921,0.9908,0.9969,-0.0013,-0.0013,-0.0061,0.0021,0.0029,0.8525,False,ok,rhythm,False,sufficient,sufficient,sufficient,sufficient,sufficient,sufficient
chapman,seresnet,CH3,STTC,device,morphology,5,174,0.5652,0.6093,0.9163,0.0441,0.0724,0.0036,0.0903,0.0234,0.0642,False,ok,repolarization,False,indeterminate,indeterminate,sufficient,indeterminate,indeterminate,indeterminate
chapman,seresnet,CH3,LVH,device,morphology,5,196,0.4118,0.8036,0.8051,0.3918,0.4876,0.3168,0.4575,0.0267,0.0044,True,B_confusion,hypertrophy,False,loss,loss,loss,loss,loss,loss
chapman,seresnet,CH3,RBBB,device,morphology,5,68,0.9631,0.9695,0.9949,0.0064,0.0066,-0.0085,0.0224,0.0207,0.3798,False,ok,conduction,False,indeterminate,sufficient,sufficient,sufficient,sufficient,sufficient
chapman,seresnet,CH4,AF,device,rhythm,5,267,0.9668,0.9582,0.9938,-0.0085,-0.0089,-0.0316,0.0134,0.0209,0.7936,False,ok,rhythm,False,sufficient,sufficient,sufficient,sufficient,sufficient,sufficient
chapman,seresnet,CH4,AFL,device,rhythm,5,67,0.7721,0.8139,0.9763,0.0418,0.0514,-0.0201,0.1064,0.0117,0.2253,False,ok,rhythm,False,indeterminate,indeterminate,indeterminate,indeterminate,indeterminate,indeterminate
chapman,seresnet,CH4,TWC,device,morphology,5,281,0.6513,0.7532,0.8968,0.1019,0.1353,0.0695,0.1337,0.0194,0.0044,False,ok,repolarization,False,loss,loss,indeterminate,loss,indeterminate,loss
chapman,seresnet,CH4,LAD,device,morphology,5,57,0.6922,0.6051,0.9859,-0.0871,-0.1440,-0.1648,-0.0111,0.0456,0.9850,False,ok,axis,False,sufficient,sufficient,sufficient,sufficient,sufficient,sufficient
chapman,seresnet,CH4,SB,device,rhythm,5,583,0.9996,0.9997,0.9997,0.0002,0.0002,-0.0001,0.0005,0.0004,0.3056,False,ok,rhythm,False,sufficient,sufficient,sufficient,sufficient,sufficient,sufficient
chapman,seresnet,CH4,SVT,device,rhythm,5,87,0.9489,0.9522,0.9976,0.0033,0.0034,-0.0134,0.0253,0.0371,0.5775,False,ok,rhythm,False,indeterminate,sufficient,sufficient,sufficient,sufficient,sufficient
chapman,seresnet,CH4,SR,device,rhythm,5,274,0.9968,0.9964,0.9992,-0.0005,-0.0005,-0.0026,0.0016,0.0037,0.7936,False,ok,rhythm,False,sufficient,sufficient,sufficient,sufficient,sufficient,sufficient
chapman,seresnet,CH4,ST,device,rhythm,5,235,0.9930,0.9908,0.9978,-0.0022,-0.0022,-0.0073,0.0017,0.0034,0.9418,False,ok,rhythm,False,sufficient,sufficient,sufficient,sufficient,sufficient,sufficient
chapman,seresnet,CH4,STTC,device,morphology,5,174,0.5755,0.6093,0.9213,0.0338,0.0554,-0.0052,0.0743,0.0433,0.1444,False,ok,repolarization,False,indeterminate,indeterminate,sufficient,indeterminate,indeterminate,indeterminate
chapman,seresnet,CH4,LVH,device,morphology,5,196,0.3986,0.8036,0.8037,0.4050,0.5040,0.3311,0.4697,0.0222,0.0044,True,B_confusion,hypertrophy,False,loss,loss,loss,loss,loss,loss
chapman,seresnet,CH4,RBBB,device,morphology,5,68,0.9659,0.9695,0.9965,0.0036,0.0037,-0.0093,0.0180,0.0138,0.4976,False,ok,conduction,False,sufficient,sufficient,sufficient,sufficient,sufficient,sufficient
chapman,inceptiontime,I,AF,single,rhythm,5,267,0.8917,0.9435,0.9830,0.0517,0.0548,0.0158,0.0870,0.0108,0.0043,False,ok,rhythm,False,indeterminate,indeterminate,sufficient,indeterminate,sufficient,indeterminate
chapman,inceptiontime,I,AFL,single,rhythm,5,67,0.4058,0.7475,0.9395,0.3417,0.4571,0.1858,0.4446,0.0085,0.0024,True,B_confusion,rhythm,False,loss,loss,loss,loss,loss,loss
chapman,inceptiontime,I,TWC,single,morphology,5,281,0.5352,0.7399,0.8314,0.2046,0.2766,0.1485,0.2616,0.0217,0.0024,True,B_confusion,repolarization,False,loss,loss,loss,loss,loss,loss
chapman,inceptiontime,I,LAD,single,morphology,5,57,0.1073,0.5673,0.6577,0.4599,0.8108,0.3132,0.5919,0.0395,0.0024,True,B_confusion,axis,False,loss,loss,loss,loss,loss,loss
chapman,inceptiontime,I,SB,single,rhythm,5,583,0.9995,0.9995,0.9997,0.0000,0.0000,-0.0004,0.0005,0.0003,0.5006,False,ok,rhythm,False,sufficient,sufficient,sufficient,sufficient,sufficient,sufficient
chapman,inceptiontime,I,SVT,single,rhythm,5,87,0.9117,0.9034,0.9953,-0.0083,-0.0092,-0.0560,0.0350,0.0107,0.7033,False,ok,rhythm,False,indeterminate,sufficient,sufficient,sufficient,sufficient,sufficient
chapman,inceptiontime,I,SR,single,rhythm,5,274,0.9906,0.9964,0.9985,0.0058,0.0058,-0.0011,0.0189,0.0016,0.1708,False,ok,rhythm,False,sufficient,sufficient,sufficient,sufficient,sufficient,sufficient
chapman,inceptiontime,I,ST,single,rhythm,5,235,0.9899,0.9899,0.9975,0.0000,0.0000,-0.0082,0.0068,0.0055,0.5788,False,ok,rhythm,False,sufficient,sufficient,sufficient,sufficient,sufficient,sufficient
chapman,inceptiontime,I,STTC,single,morphology,5,174,0.4902,0.5853,0.8798,0.0951,0.1625,0.0295,0.1581,0.0190,0.0080,False,ok,repolarization,False,loss,indeterminate,indeterminate,loss,indeterminate,indeterminate
chapman,inceptiontime,I,LVH,single,morphology,5,196,0.2515,0.7926,0.7264,0.5411,0.6826,0.4722,0.5960,0.0127,0.0024,True,B_confusion,hypertrophy,False,loss,loss,loss,loss,loss,loss
chapman,inceptiontime,I,RBBB,single,morphology,5,68,0.8923,0.9720,0.9748,0.0797,0.0820,0.0328,0.1411,0.0114,0.0043,False,ok,conduction,False,loss,indeterminate,indeterminate,indeterminate,indeterminate,indeterminate
chapman,inceptiontime,II,AF,single,rhythm,5,267,0.9015,0.9435,0.9882,0.0420,0.0445,0.0046,0.0750,0.0135,0.0248,False,ok,rhythm,False,indeterminate,indeterminate,sufficient,indeterminate,sufficient,indeterminate
chapman,inceptiontime,II,AFL,single,rhythm,5,67,0.6776,0.7475,0.9646,0.0698,0.0934,-0.0111,0.1559,0.0291,0.0751,False,ok,rhythm,False,indeterminate,indeterminate,indeterminate,indeterminate,indeterminate,indeterminate
chapman,inceptiontime,II,TWC,single,morphology,5,281,0.6254,0.7399,0.8711,0.1145,0.1548,0.0633,0.1688,0.0215,0.0024,False,ok,repolarization,False,loss,loss,indeterminate,loss,indeterminate,loss
chapman,inceptiontime,II,LAD,single,morphology,5,57,0.5927,0.5673,0.9757,-0.0254,-0.0448,-0.1249,0.0929,0.0593,0.7540,False,ok,axis,False,indeterminate,indeterminate,sufficient,indeterminate,indeterminate,indeterminate
chapman,inceptiontime,II,SB,single,rhythm,5,583,0.9997,0.9995,0.9998,-0.0002,-0.0002,-0.0006,0.0001,0.0004,0.9159,False,ok,rhythm,False,sufficient,sufficient,sufficient,sufficient,sufficient,sufficient
chapman,inceptiontime,II,SVT,single,rhythm,5,87,0.9326,0.9034,0.9969,-0.0293,-0.0324,-0.0796,0.0211,0.0092,0.9044,False,ok,rhythm,False,indeterminate,sufficient,sufficient,sufficient,sufficient,sufficient
chapman,inceptiontime,II,SR,single,rhythm,5,274,0.9966,0.9964,0.9990,-0.0002,-0.0002,-0.0031,0.0025,0.0023,0.6947,False,ok,rhythm,False,sufficient,sufficient,sufficient,sufficient,sufficient,sufficient
chapman,inceptiontime,II,ST,single,rhythm,5,235,0.9882,0.9899,0.9961,0.0017,0.0017,-0.0057,0.0093,0.0060,0.4426,False,ok,rhythm,False,sufficient,sufficient,sufficient,sufficient,sufficient,sufficient
chapman,inceptiontime,II,STTC,single,morphology,5,174,0.4842,0.5853,0.9001,0.1011,0.1727,0.0438,0.1555,0.0257,0.0062,False,ok,repolarization,False,loss,indeterminate,indeterminate,loss,indeterminate,indeterminate
chapman,inceptiontime,II,LVH,single,morphology,5,196,0.3597,0.7926,0.7569,0.4328,0.5461,0.3619,0.4989,0.0308,0.0024,True,B_confusion,hypertrophy,False,loss,loss,loss,loss,loss,loss
chapman,inceptiontime,II,RBBB,single,morphology,5,68,0.7506,0.9720,0.9374,0.2214,0.2278,0.1370,0.3211,0.0345,0.0024,True,B_confusion,conduction,False,loss,loss,loss,loss,loss,loss
chapman,inceptiontime,III,AF,single,rhythm,5,267,0.9047,0.9435,0.9882,0.0388,0.0411,0.0051,0.0658,0.0134,0.0197,False,ok,rhythm,False,indeterminate,indeterminate,sufficient,indeterminate,sufficient,indeterminate
chapman,inceptiontime,III,AFL,single,rhythm,5,67,0.7064,0.7475,0.9731,0.0411,0.0550,-0.0551,0.1423,0.0257,0.2921,False,ok,rhythm,False,indeterminate,indeterminate,indeterminate,indeterminate,indeterminate,indeterminate
chapman,inceptiontime,III,TWC,single,morphology,5,281,0.4341,0.7399,0.7590,0.3058,0.4133,0.2348,0.3755,0.0205,0.0024,True,B_confusion,repolarization,False,loss,loss,loss,loss,loss,loss
chapman,inceptiontime,III,LAD,single,morphology,5,57,0.2512,0.5673,0.9137,0.3161,0.5572,0.2010,0.4171,0.0367,0.0024,True,B_confusion,axis,False,loss,loss,loss,loss,loss,loss
chapman,inceptiontime,III,SB,single,rhythm,5,583,0.9992,0.9995,0.9995,0.0004,0.0004,-0.0003,0.0011,0.0005,0.2174,False,ok,rhythm,False,sufficient,sufficient,sufficient,sufficient,sufficient,sufficient
chapman,inceptiontime,III,SVT,single,rhythm,5,87,0.9220,0.9034,0.9963,-0.0187,-0.0207,-0.0600,0.0314,0.0199,0.8334,False,ok,rhythm,False,indeterminate,sufficient,sufficient,sufficient,sufficient,sufficient
chapman,inceptiontime,III,SR,single,rhythm,5,274,0.9936,0.9964,0.9980,0.0028,0.0028,-0.0019,0.0085,0.0019,0.1993,False,ok,rhythm,False,sufficient,sufficient,sufficient,sufficient,sufficient,sufficient
chapman,inceptiontime,III,ST,single,rhythm,5,235,0.9895,0.9899,0.9975,0.0004,0.0004,-0.0073,0.0071,0.0052,0.5757,False,ok,rhythm,False,sufficient,sufficient,sufficient,sufficient,sufficient,sufficient
chapman,inceptiontime,III,STTC,single,morphology,5,174,0.3271,0.5853,0.7923,0.2582,0.4412,0.1754,0.3345,0.0212,0.0024,True,B_confusion,repolarization,False,loss,loss,loss,loss,loss,loss
chapman,inceptiontime,III,LVH,single,morphology,5,196,0.2571,0.7926,0.7005,0.5355,0.6756,0.4685,0.5927,0.0193,0.0024,True,B_confusion,hypertrophy,False,loss,loss,loss,loss,loss,loss
chapman,inceptiontime,III,RBBB,single,morphology,5,68,0.7088,0.9720,0.9439,0.2632,0.2708,0.1726,0.3703,0.0501,0.0024,True,B_confusion,conduction,False,loss,loss,loss,loss,loss,loss
chapman,inceptiontime,aVR,AF,single,rhythm,5,267,0.9067,0.9435,0.9859,0.0368,0.0390,0.0085,0.0643,0.0162,0.0043,False,ok,rhythm,False,indeterminate,indeterminate,sufficient,indeterminate,sufficient,indeterminate
chapman,inceptiontime,aVR,AFL,single,rhythm,5,67,0.5940,0.7475,0.9587,0.1535,0.2054,0.0493,0.2616,0.0460,0.0062,True,B_confusion,rhythm,False,loss,indeterminate,indeterminate,loss,indeterminate,indeterminate
chapman,inceptiontime,aVR,TWC,single,morphology,5,281,0.6326,0.7399,0.8752,0.1073,0.1450,0.0711,0.1464,0.0252,0.0024,False,ok,repolarization,False,loss,loss,indeterminate,loss,indeterminate,loss
chapman,inceptiontime,aVR,LAD,single,morphology,5,57,0.3434,0.5673,0.9179,0.2239,0.3947,0.0653,0.3808,0.0623,0.0080,True,B_confusion,axis,False,loss,loss,indeterminate,loss,loss,loss
chapman,inceptiontime,aVR,SB,single,rhythm,5,583,0.9996,0.9995,0.9998,-0.0001,-0.0001,-0.0005,0.0002,0.0002,0.8250,False,ok,rhythm,False,sufficient,sufficient,sufficient,sufficient,sufficient,sufficient
chapman,inceptiontime,aVR,SVT,single,rhythm,5,87,0.9308,0.9034,0.9946,-0.0274,-0.0303,-0.0706,0.0070,0.0323,0.9364,False,ok,rhythm,False,sufficient,sufficient,sufficient,sufficient,sufficient,sufficient
chapman,inceptiontime,aVR,SR,single,rhythm,5,274,0.9977,0.9964,0.9995,-0.0013,-0.0013,-0.0041,0.0009,0.0017,0.8864,False,ok,rhythm,False,sufficient,sufficient,sufficient,sufficient,sufficient,sufficient
chapman,inceptiontime,aVR,ST,single,rhythm,5,235,0.9909,0.9899,0.9977,-0.0010,-0.0010,-0.0078,0.0044,0.0043,0.7002,False,ok,rhythm,False,sufficient,sufficient,sufficient,sufficient,sufficient,sufficient
chapman,inceptiontime,aVR,STTC,single,morphology,5,174,0.5390,0.5853,0.9092,0.0463,0.0792,-0.0011,0.0939,0.0121,0.0535,False,ok,repolarization,False,indeterminate,indeterminate,sufficient,indeterminate,indeterminate,indeterminate
chapman,inceptiontime,aVR,LVH,single,morphology,5,196,0.3370,0.7926,0.7681,0.4556,0.5749,0.3841,0.5181,0.0208,0.0024,True,B_confusion,hypertrophy,False,loss,loss,loss,loss,loss,loss
chapman,inceptiontime,aVR,RBBB,single,morphology,5,68,0.8410,0.9720,0.9719,0.1310,0.1348,0.0665,0.2018,0.0181,0.0024,False,ok,conduction,False,loss,loss,indeterminate,loss,indeterminate,loss
chapman,inceptiontime,aVL,AF,single,rhythm,5,267,0.8990,0.9435,0.9847,0.0445,0.0472,0.0139,0.0720,0.0175,0.0043,False,ok,rhythm,False,indeterminate,indeterminate,sufficient,indeterminate,sufficient,indeterminate
chapman,inceptiontime,aVL,AFL,single,rhythm,5,67,0.7157,0.7475,0.9654,0.0318,0.0426,-0.0675,0.1319,0.0365,0.3687,False,ok,rhythm,False,indeterminate,indeterminate,indeterminate,indeterminate,indeterminate,indeterminate
chapman,inceptiontime,aVL,TWC,single,morphology,5,281,0.3837,0.7399,0.7461,0.3562,0.4814,0.2918,0.4196,0.0177,0.0024,True,B_confusion,repolarization,False,loss,loss,loss,loss,loss,loss
chapman,inceptiontime,aVL,LAD,single,morphology,5,57,0.1322,0.5673,0.8232,0.4351,0.7669,0.3235,0.5432,0.0284,0.0024,True,B_confusion,axis,False,loss,loss,loss,loss,loss,loss
chapman,inceptiontime,aVL,SB,single,rhythm,5,583,0.9993,0.9995,0.9996,0.0002,0.0002,-0.0003,0.0007,0.0004,0.3429,False,ok,rhythm,False,sufficient,sufficient,sufficient,sufficient,sufficient,sufficient
chapman,inceptiontime,aVL,SVT,single,rhythm,5,87,0.9453,0.9034,0.9967,-0.0419,-0.0464,-0.0922,0.0038,0.0254,0.9738,False,ok,rhythm,False,sufficient,sufficient,sufficient,sufficient,sufficient,sufficient
chapman,inceptiontime,aVL,SR,single,rhythm,5,274,0.9923,0.9964,0.9980,0.0041,0.0041,-0.0002,0.0093,0.0036,0.0545,False,ok,rhythm,False,sufficient,sufficient,sufficient,sufficient,sufficient,sufficient
chapman,inceptiontime,aVL,ST,single,rhythm,5,235,0.9906,0.9899,0.9978,-0.0007,-0.0007,-0.0088,0.0067,0.0055,0.6605,False,ok,rhythm,False,sufficient,sufficient,sufficient,sufficient,sufficient,sufficient
chapman,inceptiontime,aVL,STTC,single,morphology,5,174,0.3481,0.5853,0.8198,0.2372,0.4053,0.1605,0.3097,0.0161,0.0024,True,B_confusion,repolarization,False,loss,loss,loss,loss,loss,loss
chapman,inceptiontime,aVL,LVH,single,morphology,5,196,0.2206,0.7926,0.6793,0.5720,0.7217,0.5008,0.6261,0.0145,0.0024,True,B_confusion,hypertrophy,False,loss,loss,loss,loss,loss,loss
chapman,inceptiontime,aVL,RBBB,single,morphology,5,68,0.8069,0.9720,0.9664,0.1651,0.1699,0.0937,0.2436,0.0279,0.0024,True,B_confusion,conduction,False,loss,loss,indeterminate,loss,indeterminate,loss
chapman,inceptiontime,aVF,AF,single,rhythm,5,267,0.9237,0.9435,0.9899,0.0198,0.0210,-0.0073,0.0437,0.0086,0.1395,False,ok,rhythm,False,indeterminate,sufficient,sufficient,sufficient,sufficient,sufficient
chapman,inceptiontime,aVF,AFL,single,rhythm,5,67,0.6750,0.7475,0.9688,0.0725,0.0969,-0.0252,0.1673,0.0172,0.1319,False,ok,rhythm,False,indeterminate,indeterminate,indeterminate,indeterminate,indeterminate,indeterminate
chapman,inceptiontime,aVF,TWC,single,morphology,5,281,0.5176,0.7399,0.8213,0.2223,0.3004,0.1555,0.2885,0.0188,0.0024,True,B_confusion,repolarization,False,loss,loss,loss,loss,loss,loss
chapman,inceptiontime,aVF,LAD,single,morphology,5,57,0.3844,0.5673,0.9595,0.1829,0.3223,0.0631,0.2878,0.0440,0.0043,True,B_confusion,axis,False,loss,loss,indeterminate,loss,loss,loss
chapman,inceptiontime,aVF,SB,single,rhythm,5,583,0.9996,0.9995,0.9998,-0.0001,-0.0001,-0.0006,0.0002,0.0003,0.7979,False,ok,rhythm,False,sufficient,sufficient,sufficient,sufficient,sufficient,sufficient
chapman,inceptiontime,aVF,SVT,single,rhythm,5,87,0.9107,0.9034,0.9956,-0.0074,-0.0082,-0.0629,0.0527,0.0078,0.7121,False,ok,rhythm,False,indeterminate,indeterminate,sufficient,indeterminate,sufficient,indeterminate
chapman,inceptiontime,aVF,SR,single,rhythm,5,274,0.9952,0.9964,0.9986,0.0011,0.0011,-0.0021,0.0046,0.0016,0.3654,False,ok,rhythm,False,sufficient,sufficient,sufficient,sufficient,sufficient,sufficient
chapman,inceptiontime,aVF,ST,single,rhythm,5,235,0.9919,0.9899,0.9984,-0.0020,-0.0020,-0.0082,0.0036,0.0049,0.8145,False,ok,rhythm,False,sufficient,sufficient,sufficient,sufficient,sufficient,sufficient
chapman,inceptiontime,aVF,STTC,single,morphology,5,174,0.4369,0.5853,0.8631,0.1484,0.2536,0.0763,0.2089,0.0169,0.0024,False,ok,repolarization,False,loss,loss,indeterminate,loss,loss,loss
chapman,inceptiontime,aVF,LVH,single,morphology,5,196,0.3063,0.7926,0.7281,0.4863,0.6135,0.4185,0.5438,0.0260,0.0024,True,B_confusion,hypertrophy,False,loss,loss,loss,loss,loss,loss
chapman,inceptiontime,aVF,RBBB,single,morphology,5,68,0.6797,0.9720,0.9330,0.2923,0.3007,0.1902,0.4017,0.0368,0.0024,True,B_confusion,conduction,False,loss,loss,loss,loss,loss,loss
chapman,inceptiontime,V1,AF,single,rhythm,5,267,0.9652,0.9435,0.9934,-0.0217,-0.0230,-0.0423,-0.0030,0.0117,0.9900,False,ok,rhythm,False,sufficient,sufficient,sufficient,sufficient,sufficient,sufficient
chapman,inceptiontime,V1,AFL,single,rhythm,5,67,0.7817,0.7475,0.9828,-0.0342,-0.0457,-0.1248,0.0562,0.0428,0.8250,False,ok,rhythm,False,indeterminate,indeterminate,sufficient,indeterminate,sufficient,indeterminate
chapman,inceptiontime,V1,TWC,single,morphology,5,281,0.3646,0.7399,0.7186,0.3752,0.5072,0.3039,0.4400,0.0238,0.0024,True,B_confusion,repolarization,False,loss,loss,loss,loss,loss,loss
chapman,inceptiontime,V1,LAD,single,morphology,5,57,0.1033,0.5673,0.7041,0.4640,0.8179,0.3361,0.5834,0.0465,0.0024,True,B_confusion,axis,False,loss,loss,loss,loss,loss,loss
chapman,inceptiontime,V1,SB,single,rhythm,5,583,0.9996,0.9995,0.9998,-0.0001,-0.0001,-0.0005,0.0002,0.0003,0.8334,False,ok,rhythm,False,sufficient,sufficient,sufficient,sufficient,sufficient,sufficient
chapman,inceptiontime,V1,SVT,single,rhythm,5,87,0.9474,0.9034,0.9968,-0.0441,-0.0488,-0.0961,-0.0003,0.0125,0.9845,False,ok,rhythm,False,sufficient,sufficient,sufficient,sufficient,sufficient,sufficient
chapman,inceptiontime,V1,SR,single,rhythm,5,274,0.9975,0.9964,0.9994,-0.0011,-0.0012,-0.0043,0.0013,0.0018,0.8334,False,ok,rhythm,False,sufficient,sufficient,sufficient,sufficient,sufficient,sufficient
chapman,inceptiontime,V1,ST,single,rhythm,5,235,0.9850,0.9899,0.9966,0.0049,0.0049,-0.0035,0.0135,0.0038,0.1971,False,ok,rhythm,False,sufficient,sufficient,sufficient,sufficient,sufficient,sufficient
chapman,inceptiontime,V1,STTC,single,morphology,5,174,0.3403,0.5853,0.7946,0.2450,0.4186,0.1633,0.3164,0.0258,0.0024,True,B_confusion,repolarization,False,loss,loss,loss,loss,loss,loss
chapman,inceptiontime,V1,LVH,single,morphology,5,196,0.2946,0.7926,0.7554,0.4980,0.6283,0.4284,0.5535,0.0210,0.0024,True,B_confusion,hypertrophy,False,loss,loss,loss,loss,loss,loss
chapman,inceptiontime,V1,RBBB,single,morphology,5,68,0.9454,0.9720,0.9980,0.0266,0.0274,-0.0045,0.0792,0.0133,0.1350,False,ok,conduction,False,indeterminate,indeterminate,sufficient,indeterminate,sufficient,indeterminate
chapman,inceptiontime,V2,AF,single,rhythm,5,267,0.9114,0.9435,0.9845,0.0321,0.0340,0.0059,0.0589,0.0161,0.0233,False,ok,rhythm,False,indeterminate,indeterminate,sufficient,indeterminate,sufficient,indeterminate
chapman,inceptiontime,V2,AFL,single,rhythm,5,67,0.4447,0.7475,0.9214,0.3027,0.4050,0.1654,0.4331,0.0562,0.0024,True,B_confusion,rhythm,False,loss,loss,loss,loss,loss,loss
chapman,inceptiontime,V2,TWC,single,morphology,5,281,0.4268,0.7399,0.7646,0.3131,0.4231,0.2493,0.3790,0.0098,0.0024,True,B_confusion,repolarization,False,loss,loss,loss,loss,loss,loss
chapman,inceptiontime,V2,LAD,single,morphology,5,57,0.0777,0.5673,0.6463,0.4896,0.8630,0.3617,0.6113,0.0407,0.0024,True,A_invisible,axis,False,loss,loss,loss,loss,loss,loss
chapman,inceptiontime,V2,SB,single,rhythm,5,583,0.9995,0.9995,0.9997,0.0000,0.0000,-0.0004,0.0005,0.0004,0.5788,False,ok,rhythm,False,sufficient,sufficient,sufficient,sufficient,sufficient,sufficient
chapman,inceptiontime,V2,SVT,single,rhythm,5,87,0.8897,0.9034,0.9949,0.0137,0.0151,-0.0458,0.0846,0.0119,0.4426,False,ok,rhythm,False,indeterminate,indeterminate,sufficient,indeterminate,sufficient,indeterminate
chapman,inceptiontime,V2,SR,single,rhythm,5,274,0.9912,0.9964,0.9980,0.0051,0.0051,-0.0004,0.0119,0.0029,0.0634,False,ok,rhythm,False,sufficient,sufficient,sufficient,sufficient,sufficient,sufficient
chapman,inceptiontime,V2,ST,single,rhythm,5,235,0.9608,0.9899,0.9897,0.0291,0.0293,0.0112,0.0515,0.0067,0.0024,False,ok,rhythm,False,indeterminate,indeterminate,sufficient,indeterminate,sufficient,indeterminate
chapman,inceptiontime,V2,STTC,single,morphology,5,174,0.3616,0.5853,0.8034,0.2237,0.3822,0.1372,0.2985,0.0114,0.0024,True,B_confusion,repolarization,False,loss,loss,loss,loss,loss,loss
chapman,inceptiontime,V2,LVH,single,morphology,5,196,0.2955,0.7926,0.7606,0.4971,0.6272,0.4225,0.5522,0.0231,0.0024,True,B_confusion,hypertrophy,False,loss,loss,loss,loss,loss,loss
chapman,inceptiontime,V2,RBBB,single,morphology,5,68,0.8985,0.9720,0.9950,0.0735,0.0756,0.0049,0.1577,0.0105,0.0264,False,ok,conduction,False,indeterminate,indeterminate,indeterminate,indeterminate,indeterminate,indeterminate
chapman,inceptiontime,V3,AF,single,rhythm,5,267,0.8658,0.9435,0.9804,0.0777,0.0824,0.0462,0.1118,0.0109,0.0024,False,ok,rhythm,False,loss,indeterminate,indeterminate,indeterminate,indeterminate,indeterminate
chapman,inceptiontime,V3,AFL,single,rhythm,5,67,0.2811,0.7475,0.9082,0.4663,0.6239,0.3362,0.5608,0.0306,0.0024,True,B_confusion,rhythm,False,loss,loss,loss,loss,loss,loss
chapman,inceptiontime,V3,TWC,single,morphology,5,281,0.5214,0.7399,0.8193,0.2185,0.2953,0.1622,0.2720,0.0100,0.0024,True,B_confusion,repolarization,False,loss,loss,loss,loss,loss,loss
chapman,inceptiontime,V3,LAD,single,morphology,5,57,0.0779,0.5673,0.7128,0.4893,0.8626,0.3581,0.6092,0.0364,0.0024,True,B_confusion,axis,False,loss,loss,loss,loss,loss,loss
chapman,inceptiontime,V3,SB,single,rhythm,5,583,0.9995,0.9995,0.9997,-0.0000,-0.0000,-0.0004,0.0004,0.0003,0.6122,False,ok,rhythm,False,sufficient,sufficient,sufficient,sufficient,sufficient,sufficient
chapman,inceptiontime,V3,SVT,single,rhythm,5,87,0.8868,0.9034,0.9952,0.0166,0.0184,-0.0264,0.0664,0.0205,0.3283,False,ok,rhythm,False,indeterminate,indeterminate,sufficient,indeterminate,sufficient,indeterminate
chapman,inceptiontime,V3,SR,single,rhythm,5,274,0.9966,0.9964,0.9992,-0.0002,-0.0002,-0.0027,0.0023,0.0024,0.6947,False,ok,rhythm,False,sufficient,sufficient,sufficient,sufficient,sufficient,sufficient
chapman,inceptiontime,V3,ST,single,rhythm,5,235,0.9753,0.9899,0.9942,0.0146,0.0147,0.0016,0.0289,0.0076,0.0279,False,ok,rhythm,False,indeterminate,sufficient,sufficient,sufficient,sufficient,sufficient
chapman,inceptiontime,V3,STTC,single,morphology,5,174,0.3978,0.5853,0.8430,0.1875,0.3204,0.1112,0.2566,0.0172,0.0024,True,B_confusion,repolarization,False,loss,loss,loss,loss,loss,loss
chapman,inceptiontime,V3,LVH,single,morphology,5,196,0.3434,0.7926,0.7992,0.4492,0.5668,0.3751,0.5051,0.0249,0.0024,True,B_confusion,hypertrophy,False,loss,loss,loss,loss,loss,loss
chapman,inceptiontime,V3,RBBB,single,morphology,5,68,0.8477,0.9720,0.9845,0.1243,0.1279,0.0600,0.2015,0.0256,0.0024,False,ok,conduction,False,loss,loss,indeterminate,loss,indeterminate,loss
chapman,inceptiontime,V4,AF,single,rhythm,5,267,0.8566,0.9435,0.9799,0.0869,0.0921,0.0451,0.1296,0.0246,0.0024,False,ok,rhythm,False,loss,indeterminate,indeterminate,indeterminate,indeterminate,indeterminate
chapman,inceptiontime,V4,AFL,single,rhythm,5,67,0.2695,0.7475,0.9173,0.4780,0.6395,0.3704,0.5695,0.0300,0.0024,True,B_confusion,rhythm,False,loss,loss,loss,loss,loss,loss
chapman,inceptiontime,V4,TWC,single,morphology,5,281,0.6468,0.7399,0.8862,0.0931,0.1258,0.0447,0.1428,0.0178,0.0024,False,ok,repolarization,False,loss,indeterminate,indeterminate,loss,indeterminate,indeterminate
chapman,inceptiontime,V4,LAD,single,morphology,5,57,0.0878,0.5673,0.7020,0.4794,0.8452,0.3518,0.5937,0.0405,0.0024,True,B_confusion,axis,False,loss,loss,loss,loss,loss,loss
chapman,inceptiontime,V4,SB,single,rhythm,5,583,0.9987,0.9995,0.9991,0.0008,0.0008,-0.0001,0.0020,0.0004,0.0710,False,ok,rhythm,False,sufficient,sufficient,sufficient,sufficient,sufficient,sufficient
chapman,inceptiontime,V4,SVT,single,rhythm,5,87,0.8636,0.9034,0.9943,0.0398,0.0440,-0.0004,0.0803,0.0234,0.0506,False,ok,rhythm,False,indeterminate,indeterminate,sufficient,indeterminate,sufficient,indeterminate
chapman,inceptiontime,V4,SR,single,rhythm,5,274,0.9955,0.9964,0.9990,0.0009,0.0009,-0.0023,0.0041,0.0033,0.3783,False,ok,rhythm,False,sufficient,sufficient,sufficient,sufficient,sufficient,sufficient
chapman,inceptiontime,V4,ST,single,rhythm,5,235,0.9791,0.9899,0.9939,0.0108,0.0109,-0.0001,0.0221,0.0070,0.0506,False,ok,rhythm,False,indeterminate,sufficient,sufficient,sufficient,sufficient,sufficient
chapman,inceptiontime,V4,STTC,single,morphology,5,174,0.4810,0.5853,0.8796,0.1043,0.1781,0.0358,0.1689,0.0192,0.0043,False,ok,repolarization,False,loss,indeterminate,indeterminate,loss,indeterminate,indeterminate
chapman,inceptiontime,V4,LVH,single,morphology,5,196,0.4948,0.7926,0.8828,0.2977,0.3757,0.2338,0.3496,0.0156,0.0024,True,B_confusion,hypertrophy,False,loss,loss,loss,loss,loss,loss
chapman,inceptiontime,V4,RBBB,single,morphology,5,68,0.7900,0.9720,0.9684,0.1820,0.1873,0.1048,0.2658,0.0207,0.0024,True,B_confusion,conduction,False,loss,loss,loss,loss,loss,loss
chapman,inceptiontime,V5,AF,single,rhythm,5,267,0.8580,0.9435,0.9804,0.0855,0.0906,0.0399,0.1301,0.0327,0.0024,False,ok,rhythm,False,loss,indeterminate,indeterminate,indeterminate,indeterminate,indeterminate
chapman,inceptiontime,V5,AFL,single,rhythm,5,67,0.2855,0.7475,0.9146,0.4620,0.6181,0.3435,0.5500,0.0257,0.0024,True,B_confusion,rhythm,False,loss,loss,loss,loss,loss,loss
chapman,inceptiontime,V5,TWC,single,morphology,5,281,0.7397,0.7399,0.9197,0.0002,0.0002,-0.0373,0.0381,0.0147,0.5788,False,ok,repolarization,False,indeterminate,sufficient,sufficient,indeterminate,sufficient,sufficient
chapman,inceptiontime,V5,LAD,single,morphology,5,57,0.0993,0.5673,0.7654,0.4680,0.8250,0.3301,0.5938,0.0374,0.0024,True,B_confusion,axis,False,loss,loss,loss,loss,loss,loss
chapman,inceptiontime,V5,SB,single,rhythm,5,583,0.9994,0.9995,0.9996,0.0002,0.0002,-0.0003,0.0007,0.0003,0.3657,False,ok,rhythm,False,sufficient,sufficient,sufficient,sufficient,sufficient,sufficient
chapman,inceptiontime,V5,SVT,single,rhythm,5,87,0.8743,0.9034,0.9943,0.0290,0.0322,-0.0111,0.0716,0.0146,0.1365,False,ok,rhythm,False,indeterminate,indeterminate,sufficient,indeterminate,sufficient,indeterminate
chapman,inceptiontime,V5,SR,single,rhythm,5,274,0.9916,0.9964,0.9974,0.0047,0.0047,-0.0012,0.0119,0.0037,0.1026,False,ok,rhythm,False,sufficient,sufficient,sufficient,sufficient,sufficient,sufficient
chapman,inceptiontime,V5,ST,single,rhythm,5,235,0.9823,0.9899,0.9960,0.0076,0.0077,-0.0021,0.0168,0.0055,0.1026,False,ok,rhythm,False,sufficient,sufficient,sufficient,sufficient,sufficient,sufficient
chapman,inceptiontime,V5,STTC,single,morphology,5,174,0.5484,0.5853,0.9102,0.0369,0.0631,-0.0088,0.0825,0.0267,0.1142,False,ok,repolarization,False,indeterminate,indeterminate,sufficient,indeterminate,indeterminate,indeterminate
chapman,inceptiontime,V5,LVH,single,morphology,5,196,0.7647,0.7926,0.9437,0.0279,0.0352,-0.0022,0.0566,0.0198,0.0607,False,ok,hypertrophy,False,indeterminate,indeterminate,sufficient,indeterminate,sufficient,indeterminate
chapman,inceptiontime,V5,RBBB,single,morphology,5,68,0.8212,0.9720,0.9571,0.1508,0.1551,0.0818,0.2329,0.0184,0.0024,True,B_confusion,conduction,False,loss,loss,indeterminate,loss,indeterminate,loss
chapman,inceptiontime,V6,AF,single,rhythm,5,267,0.8528,0.9435,0.9788,0.0906,0.0960,0.0490,0.1317,0.0116,0.0024,False,ok,rhythm,False,loss,indeterminate,indeterminate,loss,indeterminate,indeterminate
chapman,inceptiontime,V6,AFL,single,rhythm,5,67,0.4064,0.7475,0.9271,0.3411,0.4563,0.2275,0.4466,0.0400,0.0024,True,B_confusion,rhythm,False,loss,loss,loss,loss,loss,loss
chapman,inceptiontime,V6,TWC,single,morphology,5,281,0.7154,0.7399,0.9162,0.0245,0.0331,-0.0133,0.0609,0.0215,0.1410,False,ok,repolarization,False,indeterminate,indeterminate,sufficient,indeterminate,sufficient,indeterminate
chapman,inceptiontime,V6,LAD,single,morphology,5,57,0.1586,0.5673,0.8369,0.4087,0.7204,0.2639,0.5307,0.0364,0.0024,True,B_confusion,axis,False,loss,loss,loss,loss,loss,loss
chapman,inceptiontime,V6,SB,single,rhythm,5,583,0.9996,0.9995,0.9998,-0.0001,-0.0001,-0.0005,0.0002,0.0003,0.7540,False,ok,rhythm,False,sufficient,sufficient,sufficient,sufficient,sufficient,sufficient
chapman,inceptiontime,V6,SVT,single,rhythm,5,87,0.9023,0.9034,0.9953,0.0011,0.0012,-0.0229,0.0242,0.0126,0.5788,False,ok,rhythm,False,indeterminate,sufficient,sufficient,sufficient,sufficient,sufficient
chapman,inceptiontime,V6,SR,single,rhythm,5,274,0.9946,0.9964,0.9991,0.0017,0.0017,-0.0042,0.0109,0.0022,0.4654,False,ok,rhythm,False,sufficient,sufficient,sufficient,sufficient,sufficient,sufficient
chapman,inceptiontime,V6,ST,single,rhythm,5,235,0.9853,0.9899,0.9962,0.0046,0.0047,-0.0054,0.0144,0.0102,0.2422,False,ok,rhythm,False,sufficient,sufficient,sufficient,sufficient,sufficient,sufficient
chapman,inceptiontime,V6,STTC,single,morphology,5,174,0.6054,0.5853,0.9205,-0.0201,-0.0343,-0.0711,0.0347,0.0147,0.8334,False,ok,repolarization,False,indeterminate,sufficient,sufficient,indeterminate,sufficient,sufficient
chapman,inceptiontime,V6,LVH,single,morphology,5,196,0.6461,0.7926,0.9106,0.1464,0.1848,0.0949,0.2004,0.0206,0.0024,False,ok,hypertrophy,False,loss,loss,indeterminate,loss,loss,loss
chapman,inceptiontime,V6,RBBB,single,morphology,5,68,0.8543,0.9720,0.9752,0.1177,0.1211,0.0591,0.1864,0.0206,0.0024,False,ok,conduction,False,loss,loss,indeterminate,loss,indeterminate,loss
chapman,inceptiontime,ALL,AF,ceiling,rhythm,5,267,0.9435,0.9435,0.9898,0.0000,0.0000,,,0.0000,,False,ok,rhythm,False,na,na,na,na,na,na
chapman,inceptiontime,ALL,AFL,ceiling,rhythm,5,67,0.7475,0.7475,0.9740,0.0000,0.0000,,,0.0000,,False,ok,rhythm,False,na,na,na,na,na,na
chapman,inceptiontime,ALL,TWC,ceiling,morphology,5,281,0.7399,0.7399,0.9343,0.0000,0.0000,,,0.0000,,False,ok,repolarization,False,na,na,na,na,na,na
chapman,inceptiontime,ALL,LAD,ceiling,morphology,5,57,0.5673,0.5673,0.9768,0.0000,0.0000,,,0.0000,,False,ok,axis,False,na,na,na,na,na,na
chapman,inceptiontime,ALL,SB,ceiling,rhythm,5,583,0.9995,0.9995,0.9997,0.0000,0.0000,,,0.0000,,False,ok,rhythm,False,na,na,na,na,na,na
chapman,inceptiontime,ALL,SVT,ceiling,rhythm,5,87,0.9034,0.9034,0.9953,0.0000,0.0000,,,0.0000,,False,ok,rhythm,False,na,na,na,na,na,na
chapman,inceptiontime,ALL,SR,ceiling,rhythm,5,274,0.9964,0.9964,0.9992,0.0000,0.0000,,,0.0000,,False,ok,rhythm,False,na,na,na,na,na,na
chapman,inceptiontime,ALL,ST,ceiling,rhythm,5,235,0.9899,0.9899,0.9970,0.0000,0.0000,,,0.0000,,False,ok,rhythm,False,na,na,na,na,na,na
chapman,inceptiontime,ALL,STTC,ceiling,morphology,5,174,0.5853,0.5853,0.9262,0.0000,0.0000,,,0.0000,,False,ok,repolarization,False,na,na,na,na,na,na
chapman,inceptiontime,ALL,LVH,ceiling,morphology,5,196,0.7926,0.7926,0.9575,0.0000,0.0000,,,0.0000,,False,ok,hypertrophy,False,na,na,na,na,na,na
chapman,inceptiontime,ALL,RBBB,ceiling,morphology,5,68,0.9720,0.9720,0.9987,0.0000,0.0000,,,0.0000,,False,ok,conduction,False,na,na,na,na,na,na
chapman,inceptiontime,I+II,AF,device,rhythm,5,267,0.9269,0.9435,0.9886,0.0166,0.0176,-0.0050,0.0376,0.0151,0.1538,False,ok,rhythm,False,indeterminate,sufficient,sufficient,sufficient,sufficient,sufficient
chapman,inceptiontime,I+II,AFL,device,rhythm,5,67,0.6716,0.7475,0.9663,0.0759,0.1015,-0.0096,0.1563,0.0247,0.1099,False,ok,rhythm,False,indeterminate,indeterminate,indeterminate,indeterminate,indeterminate,indeterminate
chapman,inceptiontime,I+II,TWC,device,morphology,5,281,0.6636,0.7399,0.8980,0.0763,0.1031,0.0424,0.1155,0.0300,0.0040,False,ok,repolarization,False,loss,indeterminate,indeterminate,loss,indeterminate,indeterminate
chapman,inceptiontime,I+II,LAD,device,morphology,5,57,0.6526,0.5673,0.9796,-0.0853,-0.1504,-0.1827,0.0213,0.0613,0.9820,False,ok,axis,False,indeterminate,sufficient,sufficient,sufficient,sufficient,sufficient
chapman,inceptiontime,I+II,SB,device,rhythm,5,583,0.9996,0.9995,0.9998,-0.0001,-0.0001,-0.0005,0.0001,0.0005,0.9820,False,ok,rhythm,False,sufficient,sufficient,sufficient,sufficient,sufficient,sufficient
chapman,inceptiontime,I+II,SVT,device,rhythm,5,87,0.9144,0.9034,0.9954,-0.0111,-0.0122,-0.0418,0.0173,0.0164,0.9820,False,ok,rhythm,False,sufficient,sufficient,sufficient,sufficient,sufficient,sufficient
chapman,inceptiontime,I+II,SR,device,rhythm,5,274,0.9984,0.9964,0.9996,-0.0020,-0.0020,-0.0047,-0.0001,0.0016,0.9820,False,ok,rhythm,False,sufficient,sufficient,sufficient,sufficient,sufficient,sufficient
chapman,inceptiontime,I+II,ST,device,rhythm,5,235,0.9927,0.9899,0.9981,-0.0028,-0.0028,-0.0100,0.0023,0.0053,0.9820,False,ok,rhythm,False,sufficient,sufficient,sufficient,sufficient,sufficient,sufficient
chapman,inceptiontime,I+II,STTC,device,morphology,5,174,0.5498,0.5853,0.9123,0.0355,0.0607,-0.0097,0.0773,0.0163,0.1249,False,ok,repolarization,False,indeterminate,indeterminate,sufficient,indeterminate,indeterminate,indeterminate
chapman,inceptiontime,I+II,LVH,device,morphology,5,196,0.3959,0.7926,0.7887,0.3967,0.5005,0.3279,0.4636,0.0252,0.0040,True,B_confusion,hypertrophy,False,loss,loss,loss,loss,loss,loss
chapman,inceptiontime,I+II,RBBB,device,morphology,5,68,0.9007,0.9720,0.9884,0.0713,0.0734,0.0326,0.1206,0.0121,0.0040,False,ok,conduction,False,loss,indeterminate,indeterminate,indeterminate,indeterminate,indeterminate
chapman,inceptiontime,LIMB6,AF,device,rhythm,5,267,0.9229,0.9435,0.9890,0.0205,0.0217,-0.0046,0.0457,0.0120,0.1385,False,ok,rhythm,False,indeterminate,sufficient,sufficient,sufficient,sufficient,sufficient
chapman,inceptiontime,LIMB6,AFL,device,rhythm,5,67,0.6788,0.7475,0.9677,0.0687,0.0919,-0.0154,0.1530,0.0319,0.1249,False,ok,rhythm,False,indeterminate,indeterminate,indeterminate,indeterminate,indeterminate,indeterminate
chapman,inceptiontime,LIMB6,TWC,device,morphology,5,281,0.6608,0.7399,0.8961,0.0791,0.1069,0.0442,0.1171,0.0178,0.0040,False,ok,repolarization,False,loss,indeterminate,indeterminate,loss,indeterminate,indeterminate
chapman,inceptiontime,LIMB6,LAD,device,morphology,5,57,0.6730,0.5673,0.9818,-0.1057,-0.1863,-0.2002,-0.0112,0.0572,0.9820,False,ok,axis,False,sufficient,sufficient,sufficient,sufficient,sufficient,sufficient
chapman,inceptiontime,LIMB6,SB,device,rhythm,5,583,0.9997,0.9995,0.9998,-0.0002,-0.0002,-0.0005,0.0001,0.0002,0.9820,False,ok,rhythm,False,sufficient,sufficient,sufficient,sufficient,sufficient,sufficient
chapman,inceptiontime,LIMB6,SVT,device,rhythm,5,87,0.9108,0.9034,0.9961,-0.0075,-0.0083,-0.0424,0.0258,0.0210,0.9820,False,ok,rhythm,False,indeterminate,sufficient,sufficient,sufficient,sufficient,sufficient
chapman,inceptiontime,LIMB6,SR,device,rhythm,5,274,0.9980,0.9964,0.9996,-0.0017,-0.0017,-0.0043,0.0001,0.0017,0.9820,False,ok,rhythm,False,sufficient,sufficient,sufficient,sufficient,sufficient,sufficient
chapman,inceptiontime,LIMB6,ST,device,rhythm,5,235,0.9920,0.9899,0.9978,-0.0021,-0.0021,-0.0102,0.0039,0.0036,0.9820,False,ok,rhythm,False,sufficient,sufficient,sufficient,sufficient,sufficient,sufficient
chapman,inceptiontime,LIMB6,STTC,device,morphology,5,174,0.5495,0.5853,0.9156,0.0358,0.0612,-0.0100,0.0835,0.0437,0.1567,False,ok,repolarization,False,indeterminate,indeterminate,sufficient,indeterminate,indeterminate,indeterminate
chapman,inceptiontime,LIMB6,LVH,device,morphology,5,196,0.4002,0.7926,0.7868,0.3924,0.4951,0.3233,0.4571,0.0075,0.0040,True,B_confusion,hypertrophy,False,loss,loss,loss,loss,loss,loss
chapman,inceptiontime,LIMB6,RBBB,device,morphology,5,68,0.8904,0.9720,0.9880,0.0816,0.0840,0.0342,0.1445,0.0116,0.0040,False,ok,conduction,False,loss,indeterminate,indeterminate,indeterminate,indeterminate,indeterminate
chapman,inceptiontime,CH3,AF,device,rhythm,5,267,0.9167,0.9435,0.9876,0.0268,0.0284,0.0085,0.0459,0.0091,0.0040,False,ok,rhythm,False,indeterminate,sufficient,sufficient,sufficient,sufficient,sufficient
chapman,inceptiontime,CH3,AFL,device,rhythm,5,67,0.6416,0.7475,0.9652,0.1058,0.1416,0.0361,0.1807,0.0209,0.0040,False,ok,rhythm,False,loss,indeterminate,indeterminate,indeterminate,indeterminate,indeterminate
chapman,inceptiontime,CH3,TWC,device,morphology,5,281,0.6788,0.7399,0.9039,0.0611,0.0826,0.0247,0.0989,0.0163,0.0101,False,ok,repolarization,False,loss,indeterminate,sufficient,indeterminate,indeterminate,indeterminate
chapman,inceptiontime,CH3,LAD,device,morphology,5,57,0.6222,0.5673,0.9810,-0.0549,-0.0968,-0.1334,0.0326,0.0477,0.9820,False,ok,axis,False,indeterminate,sufficient,sufficient,indeterminate,sufficient,sufficient
chapman,inceptiontime,CH3,SB,device,rhythm,5,583,0.9993,0.9995,0.9996,0.0002,0.0002,-0.0001,0.0006,0.0003,0.2374,False,ok,rhythm,False,sufficient,sufficient,sufficient,sufficient,sufficient,sufficient
chapman,inceptiontime,CH3,SVT,device,rhythm,5,87,0.9250,0.9034,0.9963,-0.0217,-0.0240,-0.0489,0.0019,0.0224,0.9820,False,ok,rhythm,False,sufficient,sufficient,sufficient,sufficient,sufficient,sufficient
chapman,inceptiontime,CH3,SR,device,rhythm,5,274,0.9977,0.9964,0.9995,-0.0014,-0.0014,-0.0038,0.0004,0.0019,0.9820,False,ok,rhythm,False,sufficient,sufficient,sufficient,sufficient,sufficient,sufficient
chapman,inceptiontime,CH3,ST,device,rhythm,5,235,0.9926,0.9899,0.9979,-0.0027,-0.0027,-0.0058,0.0000,0.0044,0.9820,False,ok,rhythm,False,sufficient,sufficient,sufficient,sufficient,sufficient,sufficient
chapman,inceptiontime,CH3,STTC,device,morphology,5,174,0.5588,0.5853,0.9145,0.0265,0.0452,-0.0197,0.0782,0.0186,0.2374,False,ok,repolarization,False,indeterminate,indeterminate,sufficient,indeterminate,indeterminate,indeterminate
chapman,inceptiontime,CH3,LVH,device,morphology,5,196,0.4204,0.7926,0.8088,0.3722,0.4696,0.3019,0.4358,0.0124,0.0040,True,B_confusion,hypertrophy,False,loss,loss,loss,loss,loss,loss
chapman,inceptiontime,CH3,RBBB,device,morphology,5,68,0.9280,0.9720,0.9966,0.0440,0.0452,0.0063,0.1026,0.0147,0.0073,False,ok,conduction,False,indeterminate,indeterminate,indeterminate,indeterminate,indeterminate,indeterminate
chapman,inceptiontime,CH4,AF,device,rhythm,5,267,0.9254,0.9435,0.9892,0.0180,0.0191,-0.0014,0.0365,0.0141,0.1112,False,ok,rhythm,False,indeterminate,sufficient,sufficient,sufficient,sufficient,sufficient
chapman,inceptiontime,CH4,AFL,device,rhythm,5,67,0.6678,0.7475,0.9676,0.0797,0.1066,0.0112,0.1498,0.0205,0.0293,False,ok,rhythm,False,indeterminate,indeterminate,indeterminate,indeterminate,indeterminate,indeterminate
chapman,inceptiontime,CH4,TWC,device,morphology,5,281,0.6491,0.7399,0.8993,0.0907,0.1226,0.0558,0.1275,0.0321,0.0040,False,ok,repolarization,False,loss,loss,indeterminate,loss,indeterminate,loss
chapman,inceptiontime,CH4,LAD,device,morphology,5,57,0.6301,0.5673,0.9804,-0.0629,-0.1108,-0.1435,0.0203,0.0391,0.9820,False,ok,axis,False,indeterminate,sufficient,sufficient,sufficient,sufficient,sufficient
chapman,inceptiontime,CH4,SB,device,rhythm,5,583,0.9995,0.9995,0.9997,0.0000,0.0000,-0.0002,0.0002,0.0004,0.8115,False,ok,rhythm,False,sufficient,sufficient,sufficient,sufficient,sufficient,sufficient
chapman,inceptiontime,CH4,SVT,device,rhythm,5,87,0.9241,0.9034,0.9964,-0.0207,-0.0229,-0.0484,0.0038,0.0201,0.9820,False,ok,rhythm,False,sufficient,sufficient,sufficient,sufficient,sufficient,sufficient
chapman,inceptiontime,CH4,SR,device,rhythm,5,274,0.9981,0.9964,0.9996,-0.0017,-0.0017,-0.0041,0.0001,0.0020,0.9820,False,ok,rhythm,False,sufficient,sufficient,sufficient,sufficient,sufficient,sufficient
chapman,inceptiontime,CH4,ST,device,rhythm,5,235,0.9899,0.9899,0.9966,-0.0000,-0.0000,-0.0051,0.0053,0.0015,0.8563,False,ok,rhythm,False,sufficient,sufficient,sufficient,sufficient,sufficient,sufficient
chapman,inceptiontime,CH4,STTC,device,morphology,5,174,0.5541,0.5853,0.9122,0.0312,0.0533,-0.0125,0.0787,0.0238,0.1538,False,ok,repolarization,False,indeterminate,indeterminate,sufficient,indeterminate,indeterminate,indeterminate
chapman,inceptiontime,CH4,LVH,device,morphology,5,196,0.4177,0.7926,0.8069,0.3749,0.4730,0.3040,0.4383,0.0266,0.0040,True,B_confusion,hypertrophy,False,loss,loss,loss,loss,loss,loss
chapman,inceptiontime,CH4,RBBB,device,morphology,5,68,0.9394,0.9720,0.9958,0.0326,0.0336,0.0054,0.0714,0.0226,0.0126,False,ok,conduction,False,indeterminate,indeterminate,sufficient,indeterminate,sufficient,indeterminate
chapman,gbm,I,AF,single,rhythm,1,267,0.9177,0.9425,0.9865,0.0248,0.0263,-0.0011,0.0516,,0.0424,False,ok,rhythm,False,indeterminate,indeterminate,sufficient,indeterminate,sufficient,indeterminate
chapman,gbm,I,AFL,single,rhythm,1,67,0.2434,0.5911,0.8776,0.3477,0.5882,0.2115,0.4538,,0.0016,True,B_confusion,rhythm,False,loss,loss,loss,loss,loss,loss
chapman,gbm,I,TWC,single,morphology,1,281,0.4596,0.7278,0.8122,0.2682,0.3685,0.2098,0.3278,,0.0016,True,B_confusion,repolarization,False,loss,loss,loss,loss,loss,loss
chapman,gbm,I,LAD,single,morphology,1,57,0.0552,0.5544,0.5331,0.4992,0.9004,0.3761,0.6277,,0.0016,True,A_invisible,axis,False,loss,loss,loss,loss,loss,loss
chapman,gbm,I,SB,single,rhythm,1,583,0.9986,0.9997,0.9992,0.0011,0.0011,0.0001,0.0026,,0.0071,False,ok,rhythm,False,sufficient,sufficient,sufficient,sufficient,sufficient,sufficient
chapman,gbm,I,SVT,single,rhythm,1,87,0.9137,0.9526,0.9963,0.0390,0.0409,0.0079,0.0829,,0.0044,False,ok,rhythm,False,indeterminate,indeterminate,sufficient,indeterminate,sufficient,indeterminate
chapman,gbm,I,SR,single,rhythm,1,274,0.9952,0.9967,0.9989,0.0016,0.0016,-0.0012,0.0057,,0.1595,False,ok,rhythm,False,sufficient,sufficient,sufficient,sufficient,sufficient,sufficient
chapman,gbm,I,ST,single,rhythm,1,235,0.9870,0.9934,0.9962,0.0064,0.0064,0.0014,0.0123,,0.0107,False,ok,rhythm,False,sufficient,sufficient,sufficient,sufficient,sufficient,sufficient
chapman,gbm,I,STTC,single,morphology,1,174,0.4463,0.5982,0.8704,0.1519,0.2540,0.0872,0.2159,,0.0016,True,B_confusion,repolarization,False,loss,loss,indeterminate,loss,loss,loss
chapman,gbm,I,LVH,single,morphology,1,196,0.2403,0.8141,0.7182,0.5737,0.7048,0.5024,0.6313,,0.0016,True,B_confusion,hypertrophy,False,loss,loss,loss,loss,loss,loss
chapman,gbm,I,RBBB,single,morphology,1,68,0.8782,0.9350,0.9664,0.0568,0.0608,0.0011,0.1172,,0.0302,False,ok,conduction,False,indeterminate,indeterminate,indeterminate,indeterminate,indeterminate,indeterminate
chapman,gbm,II,AF,single,rhythm,1,267,0.9196,0.9425,0.9883,0.0230,0.0244,0.0004,0.0462,,0.0269,False,ok,rhythm,False,indeterminate,sufficient,sufficient,sufficient,sufficient,sufficient
chapman,gbm,II,AFL,single,rhythm,1,67,0.3352,0.5911,0.9030,0.2558,0.4328,0.1354,0.3650,,0.0016,True,B_confusion,rhythm,False,loss,loss,loss,loss,loss,loss
chapman,gbm,II,TWC,single,morphology,1,281,0.5778,0.7278,0.8576,0.1500,0.2061,0.0950,0.2086,,0.0016,False,ok,repolarization,False,loss,loss,indeterminate,loss,loss,loss
chapman,gbm,II,LAD,single,morphology,1,57,0.5526,0.5544,0.9715,0.0018,0.0033,-0.0848,0.1000,,0.4196,False,ok,axis,False,indeterminate,indeterminate,sufficient,indeterminate,indeterminate,indeterminate
chapman,gbm,II,SB,single,rhythm,1,583,0.9994,0.9997,0.9996,0.0003,0.0003,-0.0000,0.0008,,0.0380,False,ok,rhythm,False,sufficient,sufficient,sufficient,sufficient,sufficient,sufficient
chapman,gbm,II,SVT,single,rhythm,1,87,0.9378,0.9526,0.9958,0.0148,0.0156,-0.0123,0.0484,,0.1654,False,ok,rhythm,False,indeterminate,sufficient,sufficient,indeterminate,sufficient,sufficient
chapman,gbm,II,SR,single,rhythm,1,274,0.9956,0.9967,0.9988,0.0012,0.0012,-0.0006,0.0033,,0.1319,False,ok,rhythm,False,sufficient,sufficient,sufficient,sufficient,sufficient,sufficient
chapman,gbm,II,ST,single,rhythm,1,235,0.9889,0.9934,0.9976,0.0045,0.0046,0.0016,0.0082,,0.0016,False,ok,rhythm,False,sufficient,sufficient,sufficient,sufficient,sufficient,sufficient
chapman,gbm,II,STTC,single,morphology,1,174,0.4834,0.5982,0.8848,0.1148,0.1919,0.0538,0.1745,,0.0016,False,ok,repolarization,False,loss,loss,indeterminate,loss,indeterminate,loss
chapman,gbm,II,LVH,single,morphology,1,196,0.2752,0.8141,0.7427,0.5389,0.6619,0.4671,0.5978,,0.0016,True,B_confusion,hypertrophy,False,loss,loss,loss,loss,loss,loss
chapman,gbm,II,RBBB,single,morphology,1,68,0.3972,0.9350,0.9023,0.5378,0.5752,0.4040,0.6385,,0.0016,True,B_confusion,conduction,False,loss,loss,loss,loss,loss,loss
chapman,gbm,III,AF,single,rhythm,1,267,0.9301,0.9425,0.9874,0.0125,0.0132,-0.0144,0.0362,,0.1844,False,ok,rhythm,False,indeterminate,sufficient,sufficient,sufficient,sufficient,sufficient
chapman,gbm,III,AFL,single,rhythm,1,67,0.3078,0.5911,0.8887,0.2833,0.4793,0.1630,0.3831,,0.0016,True,B_confusion,rhythm,False,loss,loss,loss,loss,loss,loss
chapman,gbm,III,TWC,single,morphology,1,281,0.3328,0.7278,0.7084,0.3950,0.5427,0.3314,0.4610,,0.0016,True,B_confusion,repolarization,False,loss,loss,loss,loss,loss,loss
chapman,gbm,III,LAD,single,morphology,1,57,0.2152,0.5544,0.8964,0.3392,0.6118,0.2142,0.4535,,0.0016,True,B_confusion,axis,False,loss,loss,loss,loss,loss,loss
chapman,gbm,III,SB,single,rhythm,1,583,0.9986,0.9997,0.9992,0.0011,0.0011,0.0002,0.0026,,0.0031,False,ok,rhythm,False,sufficient,sufficient,sufficient,sufficient,sufficient,sufficient
chapman,gbm,III,SVT,single,rhythm,1,87,0.9015,0.9526,0.9954,0.0512,0.0537,0.0060,0.0990,,0.0095,False,ok,rhythm,False,indeterminate,indeterminate,sufficient,indeterminate,indeterminate,indeterminate
chapman,gbm,III,SR,single,rhythm,1,274,0.9921,0.9967,0.9974,0.0047,0.0047,0.0013,0.0099,,0.0031,False,ok,rhythm,False,sufficient,sufficient,sufficient,sufficient,sufficient,sufficient
chapman,gbm,III,ST,single,rhythm,1,235,0.9814,0.9934,0.9951,0.0120,0.0121,0.0037,0.0213,,0.0031,False,ok,rhythm,False,indeterminate,sufficient,sufficient,sufficient,sufficient,sufficient
chapman,gbm,III,STTC,single,morphology,1,174,0.2230,0.5982,0.7323,0.3752,0.6272,0.3026,0.4461,,0.0016,True,B_confusion,repolarization,False,loss,loss,loss,loss,loss,loss
chapman,gbm,III,LVH,single,morphology,1,196,0.2124,0.8141,0.6588,0.6016,0.7390,0.5296,0.6635,,0.0016,True,B_confusion,hypertrophy,False,loss,loss,loss,loss,loss,loss
chapman,gbm,III,RBBB,single,morphology,1,68,0.5629,0.9350,0.9053,0.3721,0.3980,0.2628,0.4833,,0.0016,True,B_confusion,conduction,False,loss,loss,loss,loss,loss,loss
chapman,gbm,aVR,AF,single,rhythm,1,267,0.9100,0.9425,0.9848,0.0325,0.0345,0.0085,0.0594,,0.0044,False,ok,rhythm,False,indeterminate,indeterminate,sufficient,indeterminate,sufficient,indeterminate
chapman,gbm,aVR,AFL,single,rhythm,1,67,0.2146,0.5911,0.8760,0.3765,0.6370,0.2463,0.4763,,0.0016,True,B_confusion,rhythm,False,loss,loss,loss,loss,loss,loss
chapman,gbm,aVR,TWC,single,morphology,1,281,0.5776,0.7278,0.8548,0.1502,0.2064,0.1042,0.1999,,0.0016,True,B_confusion,repolarization,False,loss,loss,loss,loss,loss,loss
chapman,gbm,aVR,LAD,single,morphology,1,57,0.2236,0.5544,0.9018,0.3308,0.5967,0.2077,0.4516,,0.0016,True,B_confusion,axis,False,loss,loss,loss,loss,loss,loss
chapman,gbm,aVR,SB,single,rhythm,1,583,0.9988,0.9997,0.9992,0.0009,0.0009,0.0003,0.0018,,0.0016,False,ok,rhythm,False,sufficient,sufficient,sufficient,sufficient,sufficient,sufficient
chapman,gbm,aVR,SVT,single,rhythm,1,87,0.9102,0.9526,0.9951,0.0424,0.0445,0.0129,0.0785,,0.0058,False,ok,rhythm,False,indeterminate,indeterminate,sufficient,indeterminate,sufficient,indeterminate
chapman,gbm,aVR,SR,single,rhythm,1,274,0.9936,0.9967,0.9987,0.0031,0.0032,-0.0023,0.0096,,0.1469,False,ok,rhythm,False,sufficient,sufficient,sufficient,sufficient,sufficient,sufficient
chapman,gbm,aVR,ST,single,rhythm,1,235,0.9855,0.9934,0.9967,0.0079,0.0080,0.0023,0.0149,,0.0016,False,ok,rhythm,False,sufficient,sufficient,sufficient,sufficient,sufficient,sufficient
chapman,gbm,aVR,STTC,single,morphology,1,174,0.4592,0.5982,0.8915,0.1391,0.2325,0.0832,0.1911,,0.0016,False,ok,repolarization,False,loss,loss,indeterminate,loss,loss,loss
chapman,gbm,aVR,LVH,single,morphology,1,196,0.2926,0.8141,0.7307,0.5215,0.6406,0.4456,0.5835,,0.0016,True,B_confusion,hypertrophy,False,loss,loss,loss,loss,loss,loss
chapman,gbm,aVR,RBBB,single,morphology,1,68,0.7577,0.9350,0.9565,0.1773,0.1897,0.0978,0.2683,,0.0016,True,B_confusion,conduction,False,loss,loss,indeterminate,loss,loss,loss
chapman,gbm,aVL,AF,single,rhythm,1,267,0.9126,0.9425,0.9835,0.0300,0.0318,0.0070,0.0553,,0.0107,False,ok,rhythm,False,indeterminate,indeterminate,sufficient,indeterminate,sufficient,indeterminate
chapman,gbm,aVL,AFL,single,rhythm,1,67,0.2560,0.5911,0.8596,0.3350,0.5668,0.1937,0.4397,,0.0016,True,B_confusion,rhythm,False,loss,loss,loss,loss,loss,loss
chapman,gbm,aVL,TWC,single,morphology,1,281,0.3289,0.7278,0.7054,0.3989,0.5481,0.3375,0.4610,,0.0016,True,B_confusion,repolarization,False,loss,loss,loss,loss,loss,loss
chapman,gbm,aVL,LAD,single,morphology,1,57,0.1534,0.5544,0.8181,0.4010,0.7233,0.2641,0.5397,,0.0016,True,B_confusion,axis,False,loss,loss,loss,loss,loss,loss
chapman,gbm,aVL,SB,single,rhythm,1,583,0.9959,0.9997,0.9981,0.0038,0.0038,0.0005,0.0091,,0.0031,False,ok,rhythm,False,sufficient,sufficient,sufficient,sufficient,sufficient,sufficient
chapman,gbm,aVL,SVT,single,rhythm,1,87,0.9474,0.9526,0.9971,0.0053,0.0055,-0.0187,0.0320,,0.3418,False,ok,rhythm,False,indeterminate,sufficient,sufficient,sufficient,sufficient,sufficient
chapman,gbm,aVL,SR,single,rhythm,1,274,0.9862,0.9967,0.9955,0.0106,0.0106,0.0040,0.0192,,0.0016,False,ok,rhythm,False,sufficient,sufficient,sufficient,sufficient,sufficient,sufficient
chapman,gbm,aVL,ST,single,rhythm,1,235,0.9720,0.9934,0.9932,0.0214,0.0216,0.0105,0.0350,,0.0016,False,ok,rhythm,False,indeterminate,sufficient,sufficient,sufficient,sufficient,sufficient
chapman,gbm,aVL,STTC,single,morphology,1,174,0.2752,0.5982,0.7593,0.3231,0.5400,0.2465,0.3997,,0.0016,True,B_confusion,repolarization,False,loss,loss,loss,loss,loss,loss
chapman,gbm,aVL,LVH,single,morphology,1,196,0.1897,0.8141,0.6499,0.6244,0.7670,0.5557,0.6800,,0.0016,True,A_invisible,hypertrophy,False,loss,loss,loss,loss,loss,loss
chapman,gbm,aVL,RBBB,single,morphology,1,68,0.7648,0.9350,0.9594,0.1702,0.1821,0.0933,0.2556,,0.0016,True,B_confusion,conduction,False,loss,loss,indeterminate,loss,indeterminate,loss
chapman,gbm,aVF,AF,single,rhythm,1,267,0.9287,0.9425,0.9874,0.0138,0.0146,-0.0080,0.0355,,0.1155,False,ok,rhythm,False,indeterminate,sufficient,sufficient,sufficient,sufficient,sufficient
chapman,gbm,aVF,AFL,single,rhythm,1,67,0.3250,0.5911,0.8861,0.2661,0.4501,0.1527,0.3773,,0.0016,True,B_confusion,rhythm,False,loss,loss,loss,loss,loss,loss
chapman,gbm,aVF,TWC,single,morphology,1,281,0.4622,0.7278,0.7990,0.2656,0.3649,0.2052,0.3293,,0.0016,True,B_confusion,repolarization,False,loss,loss,loss,loss,loss,loss
chapman,gbm,aVF,LAD,single,morphology,1,57,0.4052,0.5544,0.9578,0.1493,0.2692,0.0432,0.2634,,0.0058,False,ok,axis,False,loss,indeterminate,indeterminate,loss,indeterminate,indeterminate
chapman,gbm,aVF,SB,single,rhythm,1,583,0.9984,0.9997,0.9990,0.0013,0.0013,0.0005,0.0025,,0.0016,False,ok,rhythm,False,sufficient,sufficient,sufficient,sufficient,sufficient,sufficient
chapman,gbm,aVF,SVT,single,rhythm,1,87,0.9142,0.9526,0.9968,0.0385,0.0404,0.0012,0.0844,,0.0249,False,ok,rhythm,False,indeterminate,indeterminate,sufficient,indeterminate,sufficient,indeterminate
chapman,gbm,aVF,SR,single,rhythm,1,274,0.9834,0.9967,0.9917,0.0133,0.0133,0.0050,0.0249,,0.0016,False,ok,rhythm,False,indeterminate,sufficient,sufficient,sufficient,sufficient,sufficient
chapman,gbm,aVF,ST,single,rhythm,1,235,0.9885,0.9934,0.9971,0.0049,0.0049,0.0006,0.0102,,0.0154,False,ok,rhythm,False,sufficient,sufficient,sufficient,sufficient,sufficient,sufficient
chapman,gbm,aVF,STTC,single,morphology,1,174,0.3563,0.5982,0.8222,0.2420,0.4044,0.1722,0.3124,,0.0016,True,B_confusion,repolarization,False,loss,loss,loss,loss,loss,loss
chapman,gbm,aVF,LVH,single,morphology,1,196,0.2448,0.8141,0.7048,0.5693,0.6993,0.4996,0.6298,,0.0016,True,B_confusion,hypertrophy,False,loss,loss,loss,loss,loss,loss
chapman,gbm,aVF,RBBB,single,morphology,1,68,0.2387,0.9350,0.7977,0.6963,0.7447,0.5723,0.7849,,0.0016,True,B_confusion,conduction,False,loss,loss,loss,loss,loss,loss
chapman,gbm,V1,AF,single,rhythm,1,267,0.9147,0.9425,0.9850,0.0278,0.0295,0.0042,0.0522,,0.0190,False,ok,rhythm,False,indeterminate,indeterminate,sufficient,indeterminate,sufficient,indeterminate
chapman,gbm,V1,AFL,single,rhythm,1,67,0.2133,0.5911,0.8735,0.3778,0.6392,0.2606,0.4814,,0.0016,True,B_confusion,rhythm,False,loss,loss,loss,loss,loss,loss
chapman,gbm,V1,TWC,single,morphology,1,281,0.3035,0.7278,0.6728,0.4243,0.5830,0.3625,0.4880,,0.0016,True,B_confusion,repolarization,False,loss,loss,loss,loss,loss,loss
chapman,gbm,V1,LAD,single,morphology,1,57,0.0605,0.5544,0.5742,0.4939,0.8909,0.3818,0.6225,,0.0016,True,A_invisible,axis,False,loss,loss,loss,loss,loss,loss
chapman,gbm,V1,SB,single,rhythm,1,583,0.9985,0.9997,0.9991,0.0012,0.0012,0.0004,0.0023,,0.0016,False,ok,rhythm,False,sufficient,sufficient,sufficient,sufficient,sufficient,sufficient
chapman,gbm,V1,SVT,single,rhythm,1,87,0.9211,0.9526,0.9960,0.0316,0.0331,0.0046,0.0660,,0.0142,False,ok,rhythm,False,indeterminate,indeterminate,sufficient,indeterminate,sufficient,indeterminate
chapman,gbm,V1,SR,single,rhythm,1,274,0.9905,0.9967,0.9968,0.0062,0.0063,0.0016,0.0123,,0.0016,False,ok,rhythm,False,sufficient,sufficient,sufficient,sufficient,sufficient,sufficient
chapman,gbm,V1,ST,single,rhythm,1,235,0.9728,0.9934,0.9938,0.0205,0.0207,0.0107,0.0316,,0.0016,False,ok,rhythm,False,indeterminate,sufficient,sufficient,sufficient,sufficient,sufficient
chapman,gbm,V1,STTC,single,morphology,1,174,0.2558,0.5982,0.7495,0.3424,0.5724,0.2651,0.4153,,0.0016,True,B_confusion,repolarization,False,loss,loss,loss,loss,loss,loss
chapman,gbm,V1,LVH,single,morphology,1,196,0.2584,0.8141,0.6968,0.5557,0.6826,0.4717,0.6238,,0.0016,True,B_confusion,hypertrophy,False,loss,loss,loss,loss,loss,loss
chapman,gbm,V1,RBBB,single,morphology,1,68,0.9318,0.9350,0.9952,0.0032,0.0034,-0.0194,0.0283,,0.4016,False,ok,conduction,False,indeterminate,sufficient,sufficient,sufficient,sufficient,sufficient
chapman,gbm,V2,AF,single,rhythm,1,267,0.9094,0.9425,0.9855,0.0332,0.0352,-0.0000,0.0638,,0.0324,False,ok,rhythm,False,indeterminate,indeterminate,sufficient,indeterminate,sufficient,indeterminate
chapman,gbm,V2,AFL,single,rhythm,1,67,0.1621,0.5911,0.8545,0.4289,0.7257,0.3021,0.5316,,0.0016,True,B_confusion,rhythm,False,loss,loss,loss,loss,loss,loss
chapman,gbm,V2,TWC,single,morphology,1,281,0.3779,0.7278,0.7293,0.3499,0.4808,0.2847,0.4202,,0.0016,True,B_confusion,repolarization,False,loss,loss,loss,loss,loss,loss
chapman,gbm,V2,LAD,single,morphology,1,57,0.0618,0.5544,0.5978,0.4926,0.8885,0.3738,0.6254,,0.0016,True,A_invisible,axis,False,loss,loss,loss,loss,loss,loss
chapman,gbm,V2,SB,single,rhythm,1,583,0.9992,0.9997,0.9995,0.0005,0.0005,0.0001,0.0009,,0.0131,False,ok,rhythm,False,sufficient,sufficient,sufficient,sufficient,sufficient,sufficient
chapman,gbm,V2,SVT,single,rhythm,1,87,0.8952,0.9526,0.9947,0.0575,0.0603,0.0149,0.1056,,0.0095,False,ok,rhythm,False,indeterminate,indeterminate,indeterminate,indeterminate,indeterminate,indeterminate
chapman,gbm,V2,SR,single,rhythm,1,274,0.9945,0.9967,0.9985,0.0022,0.0022,-0.0002,0.0051,,0.0512,False,ok,rhythm,False,sufficient,sufficient,sufficient,sufficient,sufficient,sufficient
chapman,gbm,V2,ST,single,rhythm,1,235,0.9698,0.9934,0.9945,0.0236,0.0238,0.0094,0.0422,,0.0016,False,ok,rhythm,False,indeterminate,sufficient,sufficient,sufficient,sufficient,sufficient
chapman,gbm,V2,STTC,single,morphology,1,174,0.2789,0.5982,0.7641,0.3193,0.5338,0.2342,0.3958,,0.0016,True,B_confusion,repolarization,False,loss,loss,loss,loss,loss,loss
chapman,gbm,V2,LVH,single,morphology,1,196,0.2351,0.8141,0.6891,0.5789,0.7111,0.5041,0.6378,,0.0016,True,B_confusion,hypertrophy,False,loss,loss,loss,loss,loss,loss
chapman,gbm,V2,RBBB,single,morphology,1,68,0.8874,0.9350,0.9843,0.0476,0.0509,-0.0072,0.1045,,0.0416,False,ok,conduction,False,indeterminate,indeterminate,indeterminate,indeterminate,indeterminate,indeterminate
chapman,gbm,V3,AF,single,rhythm,1,267,0.9194,0.9425,0.9870,0.0232,0.0246,-0.0046,0.0548,,0.0659,False,ok,rhythm,False,indeterminate,indeterminate,sufficient,indeterminate,sufficient,indeterminate
chapman,gbm,V3,AFL,single,rhythm,1,67,0.1855,0.5911,0.8731,0.4055,0.6861,0.2825,0.5122,,0.0016,True,B_confusion,rhythm,False,loss,loss,loss,loss,loss,loss
chapman,gbm,V3,TWC,single,morphology,1,281,0.5182,0.7278,0.8007,0.2096,0.2880,0.1512,0.2659,,0.0016,True,B_confusion,repolarization,False,loss,loss,loss,loss,loss,loss
chapman,gbm,V3,LAD,single,morphology,1,57,0.0666,0.5544,0.6392,0.4878,0.8799,0.3625,0.6202,,0.0016,True,A_invisible,axis,False,loss,loss,loss,loss,loss,loss
chapman,gbm,V3,SB,single,rhythm,1,583,0.9994,0.9997,0.9996,0.0003,0.0003,0.0000,0.0008,,0.0119,False,ok,rhythm,False,sufficient,sufficient,sufficient,sufficient,sufficient,sufficient
chapman,gbm,V3,SVT,single,rhythm,1,87,0.8899,0.9526,0.9948,0.0627,0.0659,0.0252,0.1083,,0.0016,False,ok,rhythm,False,loss,indeterminate,indeterminate,indeterminate,indeterminate,indeterminate
chapman,gbm,V3,SR,single,rhythm,1,274,0.9959,0.9967,0.9987,0.0009,0.0009,-0.0009,0.0029,,0.1703,False,ok,rhythm,False,sufficient,sufficient,sufficient,sufficient,sufficient,sufficient
chapman,gbm,V3,ST,single,rhythm,1,235,0.9746,0.9934,0.9939,0.0188,0.0190,0.0094,0.0313,,0.0016,False,ok,rhythm,False,indeterminate,sufficient,sufficient,sufficient,sufficient,sufficient
chapman,gbm,V3,STTC,single,morphology,1,174,0.3276,0.5982,0.7967,0.2706,0.4524,0.2011,0.3404,,0.0016,True,B_confusion,repolarization,False,loss,loss,loss,loss,loss,loss
chapman,gbm,V3,LVH,single,morphology,1,196,0.2637,0.8141,0.7350,0.5504,0.6761,0.4777,0.6099,,0.0016,True,B_confusion,hypertrophy,False,loss,loss,loss,loss,loss,loss
chapman,gbm,V3,RBBB,single,morphology,1,68,0.8545,0.9350,0.9652,0.0805,0.0861,0.0226,0.1408,,0.0071,False,ok,conduction,False,loss,indeterminate,indeterminate,indeterminate,indeterminate,indeterminate
chapman,gbm,V4,AF,single,rhythm,1,267,0.9083,0.9425,0.9850,0.0343,0.0363,0.0018,0.0686,,0.0259,False,ok,rhythm,False,indeterminate,indeterminate,sufficient,indeterminate,sufficient,indeterminate
chapman,gbm,V4,AFL,single,rhythm,1,67,0.1943,0.5911,0.8760,0.3968,0.6713,0.2787,0.4934,,0.0016,True,B_confusion,rhythm,False,loss,loss,loss,loss,loss,loss
chapman,gbm,V4,TWC,single,morphology,1,281,0.6023,0.7278,0.8584,0.1255,0.1724,0.0807,0.1740,,0.0016,False,ok,repolarization,False,loss,loss,indeterminate,loss,loss,loss
chapman,gbm,V4,LAD,single,morphology,1,57,0.0773,0.5544,0.6984,0.4771,0.8606,0.3549,0.6085,,0.0016,True,B_confusion,axis,False,loss,loss,loss,loss,loss,loss
chapman,gbm,V4,SB,single,rhythm,1,583,0.9994,0.9997,0.9997,0.0003,0.0003,-0.0001,0.0007,,0.0787,False,ok,rhythm,False,sufficient,sufficient,sufficient,sufficient,sufficient,sufficient
chapman,gbm,V4,SVT,single,rhythm,1,87,0.8935,0.9526,0.9930,0.0592,0.0621,0.0188,0.1045,,0.0031,False,ok,rhythm,False,indeterminate,indeterminate,indeterminate,indeterminate,indeterminate,indeterminate
chapman,gbm,V4,SR,single,rhythm,1,274,0.9959,0.9967,0.9989,0.0008,0.0008,-0.0007,0.0025,,0.1654,False,ok,rhythm,False,sufficient,sufficient,sufficient,sufficient,sufficient,sufficient
chapman,gbm,V4,ST,single,rhythm,1,235,0.9824,0.9934,0.9951,0.0110,0.0111,0.0053,0.0181,,0.0016,False,ok,rhythm,False,sufficient,sufficient,sufficient,sufficient,sufficient,sufficient
chapman,gbm,V4,STTC,single,morphology,1,174,0.4443,0.5982,0.8682,0.1539,0.2573,0.0904,0.2216,,0.0016,True,B_confusion,repolarization,False,loss,loss,indeterminate,loss,loss,loss
chapman,gbm,V4,LVH,single,morphology,1,196,0.4749,0.8141,0.8706,0.3392,0.4166,0.2663,0.4027,,0.0016,True,B_confusion,hypertrophy,False,loss,loss,loss,loss,loss,loss
chapman,gbm,V4,RBBB,single,morphology,1,68,0.7123,0.9350,0.9514,0.2227,0.2382,0.1366,0.3177,,0.0016,True,B_confusion,conduction,False,loss,loss,loss,loss,loss,loss
chapman,gbm,V5,AF,single,rhythm,1,267,0.9046,0.9425,0.9853,0.0379,0.0402,0.0162,0.0620,,0.0016,False,ok,rhythm,False,indeterminate,indeterminate,sufficient,indeterminate,sufficient,indeterminate
chapman,gbm,V5,AFL,single,rhythm,1,67,0.2994,0.5911,0.8928,0.2917,0.4934,0.1569,0.4006,,0.0016,True,B_confusion,rhythm,False,loss,loss,loss,loss,loss,loss
chapman,gbm,V5,TWC,single,morphology,1,281,0.7172,0.7278,0.9131,0.0106,0.0146,-0.0130,0.0384,,0.2024,False,ok,repolarization,False,indeterminate,sufficient,sufficient,indeterminate,sufficient,sufficient
chapman,gbm,V5,LAD,single,morphology,1,57,0.1184,0.5544,0.7500,0.4360,0.7864,0.3172,0.5589,,0.0016,True,B_confusion,axis,False,loss,loss,loss,loss,loss,loss
chapman,gbm,V5,SB,single,rhythm,1,583,0.9993,0.9997,0.9996,0.0004,0.0004,-0.0000,0.0008,,0.0400,False,ok,rhythm,False,sufficient,sufficient,sufficient,sufficient,sufficient,sufficient
chapman,gbm,V5,SVT,single,rhythm,1,87,0.9051,0.9526,0.9961,0.0475,0.0499,0.0146,0.0871,,0.0016,False,ok,rhythm,False,indeterminate,indeterminate,sufficient,indeterminate,sufficient,indeterminate
chapman,gbm,V5,SR,single,rhythm,1,274,0.9942,0.9967,0.9986,0.0026,0.0026,-0.0004,0.0067,,0.0631,False,ok,rhythm,False,sufficient,sufficient,sufficient,sufficient,sufficient,sufficient
chapman,gbm,V5,ST,single,rhythm,1,235,0.9830,0.9934,0.9954,0.0104,0.0105,0.0047,0.0177,,0.0016,False,ok,rhythm,False,sufficient,sufficient,sufficient,sufficient,sufficient,sufficient
chapman,gbm,V5,STTC,single,morphology,1,174,0.5508,0.5982,0.9012,0.0475,0.0793,0.0037,0.0938,,0.0226,False,ok,repolarization,False,indeterminate,indeterminate,sufficient,indeterminate,indeterminate,indeterminate
chapman,gbm,V5,LVH,single,morphology,1,196,0.7765,0.8141,0.9424,0.0376,0.0462,0.0085,0.0688,,0.0095,False,ok,hypertrophy,False,indeterminate,indeterminate,sufficient,indeterminate,sufficient,indeterminate
chapman,gbm,V5,RBBB,single,morphology,1,68,0.7434,0.9350,0.9511,0.1916,0.2049,0.1131,0.2804,,0.0016,True,B_confusion,conduction,False,loss,loss,loss,loss,loss,loss
chapman,gbm,V6,AF,single,rhythm,1,267,0.8965,0.9425,0.9835,0.0461,0.0489,0.0208,0.0754,,0.0016,False,ok,rhythm,False,loss,indeterminate,sufficient,indeterminate,sufficient,indeterminate
chapman,gbm,V6,AFL,single,rhythm,1,67,0.2409,0.5911,0.8834,0.3501,0.5924,0.2228,0.4527,,0.0016,True,B_confusion,rhythm,False,loss,loss,loss,loss,loss,loss
chapman,gbm,V6,TWC,single,morphology,1,281,0.6878,0.7278,0.9067,0.0400,0.0550,0.0094,0.0714,,0.0095,False,ok,repolarization,False,indeterminate,indeterminate,sufficient,indeterminate,sufficient,indeterminate
chapman,gbm,V6,LAD,single,morphology,1,57,0.1580,0.5544,0.8125,0.3964,0.7149,0.2575,0.5295,,0.0016,True,B_confusion,axis,False,loss,loss,loss,loss,loss,loss
chapman,gbm,V6,SB,single,rhythm,1,583,0.9992,0.9997,0.9995,0.0005,0.0005,0.0001,0.0010,,0.0044,False,ok,rhythm,False,sufficient,sufficient,sufficient,sufficient,sufficient,sufficient
chapman,gbm,V6,SVT,single,rhythm,1,87,0.9270,0.9526,0.9968,0.0257,0.0269,-0.0092,0.0671,,0.1110,False,ok,rhythm,False,indeterminate,indeterminate,sufficient,indeterminate,sufficient,indeterminate
chapman,gbm,V6,SR,single,rhythm,1,274,0.9910,0.9967,0.9982,0.0058,0.0058,-0.0003,0.0145,,0.0416,False,ok,rhythm,False,sufficient,sufficient,sufficient,sufficient,sufficient,sufficient
chapman,gbm,V6,ST,single,rhythm,1,235,0.9843,0.9934,0.9947,0.0091,0.0092,0.0038,0.0161,,0.0031,False,ok,rhythm,False,sufficient,sufficient,sufficient,sufficient,sufficient,sufficient
chapman,gbm,V6,STTC,single,morphology,1,174,0.5073,0.5982,0.9005,0.0909,0.1520,0.0447,0.1418,,0.0016,False,ok,repolarization,False,loss,indeterminate,indeterminate,loss,indeterminate,indeterminate
chapman,gbm,V6,LVH,single,morphology,1,196,0.6456,0.8141,0.8993,0.1685,0.2069,0.1169,0.2218,,0.0016,True,B_confusion,hypertrophy,False,loss,loss,loss,loss,loss,loss
chapman,gbm,V6,RBBB,single,morphology,1,68,0.7805,0.9350,0.9642,0.1545,0.1652,0.0791,0.2435,,0.0016,True,B_confusion,conduction,False,loss,loss,indeterminate,loss,indeterminate,loss
chapman,gbm,ALL,AF,ceiling,rhythm,1,267,0.9425,0.9425,0.9910,0.0000,0.0000,,,,,False,ok,rhythm,False,na,na,na,na,na,na
chapman,gbm,ALL,AFL,ceiling,rhythm,1,67,0.5911,0.5911,0.9516,0.0000,0.0000,,,,,False,ok,rhythm,False,na,na,na,na,na,na
chapman,gbm,ALL,TWC,ceiling,morphology,1,281,0.7278,0.7278,0.9296,0.0000,0.0000,,,,,False,ok,repolarization,False,na,na,na,na,na,na
chapman,gbm,ALL,LAD,ceiling,morphology,1,57,0.5544,0.5544,0.9713,0.0000,0.0000,,,,,False,ok,axis,False,na,na,na,na,na,na
chapman,gbm,ALL,SB,ceiling,rhythm,1,583,0.9997,0.9997,0.9998,0.0000,0.0000,,,,,False,ok,rhythm,False,na,na,na,na,na,na
chapman,gbm,ALL,SVT,ceiling,rhythm,1,87,0.9526,0.9526,0.9977,0.0000,0.0000,,,,,False,ok,rhythm,False,na,na,na,na,na,na
chapman,gbm,ALL,SR,ceiling,rhythm,1,274,0.9967,0.9967,0.9990,0.0000,0.0000,,,,,False,ok,rhythm,False,na,na,na,na,na,na
chapman,gbm,ALL,ST,ceiling,rhythm,1,235,0.9934,0.9934,0.9986,0.0000,0.0000,,,,,False,ok,rhythm,False,na,na,na,na,na,na
chapman,gbm,ALL,STTC,ceiling,morphology,1,174,0.5982,0.5982,0.9263,0.0000,0.0000,,,,,False,ok,repolarization,False,na,na,na,na,na,na
chapman,gbm,ALL,LVH,ceiling,morphology,1,196,0.8141,0.8141,0.9697,0.0000,0.0000,,,,,False,ok,hypertrophy,False,na,na,na,na,na,na
chapman,gbm,ALL,RBBB,ceiling,morphology,1,68,0.9350,0.9350,0.9944,0.0000,0.0000,,,,,False,ok,conduction,False,na,na,na,na,na,na
ningbo,seresnet,I,AF,single,rhythm,5,0,,,,,,,,,,False,ok,rhythm,False,na,na,na,na,na,na
ningbo,seresnet,I,AFL,single,rhythm,5,1140,,,,,,,,,,False,ok,rhythm,False,na,na,na,na,na,na
ningbo,seresnet,I,TWC,single,morphology,5,774,0.4903,0.6905,0.8457,0.2002,0.2899,0.1664,0.2323,0.0067,0.0017,True,B_confusion,repolarization,False,loss,loss,loss,loss,loss,loss
ningbo,seresnet,I,LAD,single,morphology,5,175,0.1318,0.6030,0.7631,0.4712,0.7814,0.3929,0.5469,0.0222,0.0017,True,B_confusion,axis,False,loss,loss,loss,loss,loss,loss
ningbo,seresnet,I,SB,single,rhythm,5,1899,0.9955,0.9946,0.9982,-0.0009,-0.0010,-0.0055,0.0031,0.0012,0.7182,False,ok,rhythm,False,sufficient,sufficient,sufficient,sufficient,sufficient,sufficient
ningbo,seresnet,I,SVT,single,rhythm,5,19,0.4315,0.5731,0.9831,0.1416,0.2471,-0.0399,0.3183,0.0715,0.0962,False,ok,rhythm,False,indeterminate,indeterminate,indeterminate,indeterminate,indeterminate,indeterminate
ningbo,seresnet,I,SR,single,rhythm,5,942,0.9518,0.9679,0.9875,0.0161,0.0166,0.0088,0.0253,0.0072,0.0017,False,ok,rhythm,False,indeterminate,sufficient,sufficient,sufficient,sufficient,sufficient
ningbo,seresnet,I,ST,single,rhythm,5,852,0.9911,0.9957,0.9980,0.0047,0.0047,0.0022,0.0075,0.0007,0.0017,False,ok,rhythm,False,sufficient,sufficient,sufficient,sufficient,sufficient,sufficient
ningbo,seresnet,I,STTC,single,morphology,5,633,0.5990,0.7302,0.9008,0.1311,0.1796,0.1022,0.1630,0.0125,0.0017,False,ok,repolarization,False,loss,loss,loss,loss,loss,loss
ningbo,seresnet,I,LVH,single,morphology,5,710,0.4142,0.8912,0.8010,0.4770,0.5352,0.4401,0.5106,0.0086,0.0017,True,B_confusion,hypertrophy,False,loss,loss,loss,loss,loss,loss
ningbo,seresnet,I,RBBB,single,morphology,5,193,0.9528,0.9779,0.9880,0.0251,0.0257,0.0109,0.0421,0.0040,0.0017,False,ok,conduction,False,indeterminate,sufficient,sufficient,sufficient,sufficient,sufficient
ningbo,seresnet,II,AF,single,rhythm,5,0,,,,,,,,,,False,ok,rhythm,False,na,na,na,na,na,na
ningbo,seresnet,II,AFL,single,rhythm,5,1140,,,,,,,,,,False,ok,rhythm,False,na,na,na,na,na,na
ningbo,seresnet,II,TWC,single,morphology,5,774,0.5352,0.6905,0.8625,0.1553,0.2249,0.1244,0.1835,0.0095,0.0017,True,B_confusion,repolarization,False,loss,loss,loss,loss,loss,loss
ningbo,seresnet,II,LAD,single,morphology,5,175,0.6533,0.6030,0.9856,-0.0502,-0.0833,-0.1026,0.0050,0.0156,0.9670,False,ok,axis,False,sufficient,sufficient,sufficient,sufficient,sufficient,sufficient
ningbo,seresnet,II,SB,single,rhythm,5,1899,0.9943,0.9946,0.9987,0.0003,0.0003,-0.0064,0.0073,0.0020,0.5526,False,ok,rhythm,False,sufficient,sufficient,sufficient,sufficient,sufficient,sufficient
ningbo,seresnet,II,SVT,single,rhythm,5,19,0.4812,0.5731,0.9621,0.0919,0.1603,-0.0503,0.2518,0.1296,0.1381,False,ok,rhythm,False,indeterminate,indeterminate,indeterminate,indeterminate,indeterminate,indeterminate
ningbo,seresnet,II,SR,single,rhythm,5,942,0.9700,0.9679,0.9909,-0.0022,-0.0023,-0.0059,0.0015,0.0070,0.8986,False,ok,rhythm,False,sufficient,sufficient,sufficient,sufficient,sufficient,sufficient
ningbo,seresnet,II,ST,single,rhythm,5,852,0.9953,0.9957,0.9990,0.0004,0.0004,-0.0008,0.0018,0.0020,0.2829,False,ok,rhythm,False,sufficient,sufficient,sufficient,sufficient,sufficient,sufficient
ningbo,seresnet,II,STTC,single,morphology,5,633,0.6249,0.7302,0.9185,0.1053,0.1442,0.0773,0.1334,0.0146,0.0017,False,ok,repolarization,False,loss,loss,indeterminate,loss,loss,loss
ningbo,seresnet,II,LVH,single,morphology,5,710,0.4583,0.8912,0.8214,0.4328,0.4857,0.3960,0.4691,0.0050,0.0017,True,B_confusion,hypertrophy,False,loss,loss,loss,loss,loss,loss
ningbo,seresnet,II,RBBB,single,morphology,5,193,0.8642,0.9779,0.9830,0.1136,0.1162,0.0816,0.1486,0.0030,0.0017,False,ok,conduction,False,loss,loss,indeterminate,loss,indeterminate,loss
ningbo,seresnet,III,AF,single,rhythm,5,0,,,,,,,,,,False,ok,rhythm,False,na,na,na,na,na,na
ningbo,seresnet,III,AFL,single,rhythm,5,1140,,,,,,,,,,False,ok,rhythm,False,na,na,na,na,na,na
ningbo,seresnet,III,TWC,single,morphology,5,774,0.3341,0.6905,0.7508,0.3564,0.5161,0.3183,0.3891,0.0081,0.0017,True,B_confusion,repolarization,False,loss,loss,loss,loss,loss,loss
ningbo,seresnet,III,LAD,single,morphology,5,175,0.3245,0.6030,0.9467,0.2785,0.4619,0.2041,0.3445,0.0262,0.0017,True,B_confusion,axis,False,loss,loss,loss,loss,loss,loss
ningbo,seresnet,III,SB,single,rhythm,5,1899,0.9957,0.9946,0.9984,-0.0011,-0.0012,-0.0066,0.0026,0.0011,0.6904,False,ok,rhythm,False,sufficient,sufficient,sufficient,sufficient,sufficient,sufficient
ningbo,seresnet,III,SVT,single,rhythm,5,19,0.4512,0.5731,0.9616,0.1220,0.2128,-0.0750,0.3259,0.0314,0.1469,False,ok,rhythm,False,indeterminate,indeterminate,indeterminate,indeterminate,indeterminate,indeterminate
ningbo,seresnet,III,SR,single,rhythm,5,942,0.9590,0.9679,0.9888,0.0088,0.0091,0.0023,0.0158,0.0066,0.0032,False,ok,rhythm,False,sufficient,sufficient,sufficient,sufficient,sufficient,sufficient
ningbo,seresnet,III,ST,single,rhythm,5,852,0.9915,0.9957,0.9982,0.0042,0.0042,0.0017,0.0074,0.0016,0.0046,False,ok,rhythm,False,sufficient,sufficient,sufficient,sufficient,sufficient,sufficient
ningbo,seresnet,III,STTC,single,morphology,5,633,0.4846,0.7302,0.8618,0.2455,0.3363,0.2083,0.2823,0.0092,0.0017,True,B_confusion,repolarization,False,loss,loss,loss,loss,loss,loss
ningbo,seresnet,III,LVH,single,morphology,5,710,0.3796,0.8912,0.7883,0.5115,0.5740,0.4748,0.5449,0.0120,0.0017,True,B_confusion,hypertrophy,False,loss,loss,loss,loss,loss,loss
ningbo,seresnet,III,RBBB,single,morphology,5,193,0.8504,0.9779,0.9797,0.1275,0.1303,0.0920,0.1650,0.0158,0.0017,False,ok,conduction,False,loss,loss,indeterminate,loss,indeterminate,loss
ningbo,seresnet,aVR,AF,single,rhythm,5,0,,,,,,,,,,False,ok,rhythm,False,na,na,na,na,na,na
ningbo,seresnet,aVR,AFL,single,rhythm,5,1140,,,,,,,,,,False,ok,rhythm,False,na,na,na,na,na,na
ningbo,seresnet,aVR,TWC,single,morphology,5,774,0.5790,0.6905,0.8851,0.1114,0.1614,0.0875,0.1367,0.0082,0.0017,False,ok,repolarization,False,loss,loss,indeterminate,loss,loss,loss
ningbo,seresnet,aVR,LAD,single,morphology,5,175,0.2814,0.6030,0.9249,0.3216,0.5333,0.2550,0.3818,0.0199,0.0017,True,B_confusion,axis,False,loss,loss,loss,loss,loss,loss
ningbo,seresnet,aVR,SB,single,rhythm,5,1899,0.9949,0.9946,0.9985,-0.0003,-0.0003,-0.0017,0.0011,0.0019,0.7040,False,ok,rhythm,False,sufficient,sufficient,sufficient,sufficient,sufficient,sufficient
ningbo,seresnet,aVR,SVT,single,rhythm,5,19,0.4523,0.5731,0.9646,0.1208,0.2108,-0.0299,0.3058,0.0890,0.0965,False,ok,rhythm,False,indeterminate,indeterminate,indeterminate,indeterminate,indeterminate,indeterminate
ningbo,seresnet,aVR,SR,single,rhythm,5,942,0.9685,0.9679,0.9913,-0.0006,-0.0007,-0.0051,0.0050,0.0051,0.6973,False,ok,rhythm,False,sufficient,sufficient,sufficient,sufficient,sufficient,sufficient
ningbo,seresnet,aVR,ST,single,rhythm,5,852,0.9946,0.9957,0.9986,0.0012,0.0012,0.0000,0.0026,0.0009,0.0365,False,ok,rhythm,False,sufficient,sufficient,sufficient,sufficient,sufficient,sufficient
ningbo,seresnet,aVR,STTC,single,morphology,5,633,0.6618,0.7302,0.9267,0.0683,0.0936,0.0448,0.0893,0.0095,0.0017,False,ok,repolarization,False,loss,indeterminate,sufficient,loss,indeterminate,indeterminate
ningbo,seresnet,aVR,LVH,single,morphology,5,710,0.4909,0.8912,0.8410,0.4002,0.4491,0.3638,0.4350,0.0071,0.0017,True,B_confusion,hypertrophy,False,loss,loss,loss,loss,loss,loss
ningbo,seresnet,aVR,RBBB,single,morphology,5,193,0.9301,0.9779,0.9898,0.0478,0.0488,0.0286,0.0701,0.0060,0.0017,False,ok,conduction,False,loss,indeterminate,sufficient,indeterminate,sufficient,indeterminate
ningbo,seresnet,aVL,AF,single,rhythm,5,0,,,,,,,,,,False,ok,rhythm,False,na,na,na,na,na,na
ningbo,seresnet,aVL,AFL,single,rhythm,5,1140,,,,,,,,,,False,ok,rhythm,False,na,na,na,na,na,na
ningbo,seresnet,aVL,TWC,single,morphology,5,774,0.3338,0.6905,0.7626,0.3567,0.5166,0.3167,0.3902,0.0068,0.0017,True,B_confusion,repolarization,False,loss,loss,loss,loss,loss,loss
ningbo,seresnet,aVL,LAD,single,morphology,5,175,0.2100,0.6030,0.8790,0.3930,0.6517,0.3107,0.4655,0.0271,0.0017,True,B_confusion,axis,False,loss,loss,loss,loss,loss,loss
ningbo,seresnet,aVL,SB,single,rhythm,5,1899,0.9938,0.9946,0.9977,0.0007,0.0007,-0.0050,0.0056,0.0013,0.4484,False,ok,rhythm,False,sufficient,sufficient,sufficient,sufficient,sufficient,sufficient
ningbo,seresnet,aVL,SVT,single,rhythm,5,19,0.4957,0.5731,0.9781,0.0774,0.1351,-0.1089,0.2995,0.0749,0.2532,False,ok,rhythm,False,indeterminate,indeterminate,indeterminate,indeterminate,indeterminate,indeterminate
ningbo,seresnet,aVL,SR,single,rhythm,5,942,0.9497,0.9679,0.9872,0.0181,0.0187,0.0092,0.0287,0.0084,0.0017,False,ok,rhythm,False,indeterminate,sufficient,sufficient,sufficient,sufficient,sufficient
ningbo,seresnet,aVL,ST,single,rhythm,5,852,0.9875,0.9957,0.9974,0.0082,0.0082,0.0041,0.0130,0.0028,0.0017,False,ok,rhythm,False,sufficient,sufficient,sufficient,sufficient,sufficient,sufficient
ningbo,seresnet,aVL,STTC,single,morphology,5,633,0.4627,0.7302,0.8409,0.2674,0.3663,0.2282,0.3059,0.0144,0.0017,True,B_confusion,repolarization,False,loss,loss,loss,loss,loss,loss
ningbo,seresnet,aVL,LVH,single,morphology,5,710,0.3634,0.8912,0.7736,0.5277,0.5922,0.4884,0.5602,0.0037,0.0017,True,B_confusion,hypertrophy,False,loss,loss,loss,loss,loss,loss
ningbo,seresnet,aVL,RBBB,single,morphology,5,193,0.9280,0.9779,0.9849,0.0499,0.0510,0.0284,0.0749,0.0046,0.0017,False,ok,conduction,False,loss,indeterminate,sufficient,indeterminate,sufficient,indeterminate
ningbo,seresnet,aVF,AF,single,rhythm,5,0,,,,,,,,,,False,ok,rhythm,False,na,na,na,na,na,na
ningbo,seresnet,aVF,AFL,single,rhythm,5,1140,,,,,,,,,,False,ok,rhythm,False,na,na,na,na,na,na
ningbo,seresnet,aVF,TWC,single,morphology,5,774,0.4227,0.6905,0.7953,0.2678,0.3879,0.2319,0.3037,0.0070,0.0017,True,B_confusion,repolarization,False,loss,loss,loss,loss,loss,loss
ningbo,seresnet,aVF,LAD,single,morphology,5,175,0.5159,0.6030,0.9760,0.0871,0.1445,0.0248,0.1483,0.0322,0.0046,False,ok,axis,False,loss,indeterminate,indeterminate,indeterminate,indeterminate,indeterminate
ningbo,seresnet,aVF,SB,single,rhythm,5,1899,0.9948,0.9946,0.9987,-0.0003,-0.0003,-0.0068,0.0058,0.0012,0.5904,False,ok,rhythm,False,sufficient,sufficient,sufficient,sufficient,sufficient,sufficient
ningbo,seresnet,aVF,SVT,single,rhythm,5,19,0.5131,0.5731,0.9822,0.0600,0.1048,-0.1132,0.2546,0.1000,0.3150,False,ok,rhythm,False,indeterminate,indeterminate,indeterminate,indeterminate,indeterminate,indeterminate
ningbo,seresnet,aVF,SR,single,rhythm,5,942,0.9707,0.9679,0.9912,-0.0029,-0.0030,-0.0072,0.0012,0.0098,0.9177,False,ok,rhythm,False,sufficient,sufficient,sufficient,sufficient,sufficient,sufficient
ningbo,seresnet,aVF,ST,single,rhythm,5,852,0.9942,0.9957,0.9988,0.0015,0.0015,-0.0002,0.0034,0.0022,0.0649,False,ok,rhythm,False,sufficient,sufficient,sufficient,sufficient,sufficient,sufficient
ningbo,seresnet,aVF,STTC,single,morphology,5,633,0.5652,0.7302,0.8914,0.1650,0.2260,0.1325,0.1990,0.0061,0.0017,True,B_confusion,repolarization,False,loss,loss,loss,loss,loss,loss
ningbo,seresnet,aVF,LVH,single,morphology,5,710,0.4206,0.8912,0.8075,0.4706,0.5280,0.4322,0.5046,0.0070,0.0017,True,B_confusion,hypertrophy,False,loss,loss,loss,loss,loss,loss
ningbo,seresnet,aVF,RBBB,single,morphology,5,193,0.8503,0.9779,0.9834,0.1276,0.1305,0.0937,0.1639,0.0103,0.0017,False,ok,conduction,False,loss,loss,indeterminate,loss,indeterminate,loss
ningbo,seresnet,V1,AF,single,rhythm,5,0,,,,,,,,,,False,ok,rhythm,False,na,na,na,na,na,na
ningbo,seresnet,V1,AFL,single,rhythm,5,1140,,,,,,,,,,False,ok,rhythm,False,na,na,na,na,na,na
ningbo,seresnet,V1,TWC,single,morphology,5,774,0.3166,0.6905,0.7412,0.3739,0.5415,0.3340,0.4094,0.0074,0.0017,True,B_confusion,repolarization,False,loss,loss,loss,loss,loss,loss
ningbo,seresnet,V1,LAD,single,morphology,5,175,0.1094,0.6030,0.7771,0.4936,0.8185,0.4221,0.5610,0.0199,0.0017,True,B_confusion,axis,False,loss,loss,loss,loss,loss,loss
ningbo,seresnet,V1,SB,single,rhythm,5,1899,0.9951,0.9946,0.9982,-0.0005,-0.0005,-0.0061,0.0038,0.0009,0.6196,False,ok,rhythm,False,sufficient,sufficient,sufficient,sufficient,sufficient,sufficient
ningbo,seresnet,V1,SVT,single,rhythm,5,19,0.5073,0.5731,0.9871,0.0658,0.1148,-0.1419,0.3061,0.0864,0.2773,False,ok,rhythm,False,indeterminate,indeterminate,indeterminate,indeterminate,indeterminate,indeterminate
ningbo,seresnet,V1,SR,single,rhythm,5,942,0.9348,0.9679,0.9853,0.0331,0.0342,0.0220,0.0458,0.0134,0.0017,False,ok,rhythm,False,loss,sufficient,sufficient,sufficient,sufficient,sufficient
ningbo,seresnet,V1,ST,single,rhythm,5,852,0.9834,0.9957,0.9968,0.0123,0.0124,0.0089,0.0162,0.0026,0.0017,False,ok,rhythm,False,sufficient,sufficient,sufficient,sufficient,sufficient,sufficient
ningbo,seresnet,V1,STTC,single,morphology,5,633,0.4174,0.7302,0.8315,0.3128,0.4284,0.2714,0.3539,0.0140,0.0017,True,B_confusion,repolarization,False,loss,loss,loss,loss,loss,loss
ningbo,seresnet,V1,LVH,single,morphology,5,710,0.4297,0.8912,0.8056,0.4614,0.5178,0.4232,0.4955,0.0046,0.0017,True,B_confusion,hypertrophy,False,loss,loss,loss,loss,loss,loss
ningbo,seresnet,V1,RBBB,single,morphology,5,193,0.9711,0.9779,0.9947,0.0067,0.0069,-0.0039,0.0179,0.0026,0.1359,False,ok,conduction,False,sufficient,sufficient,sufficient,sufficient,sufficient,sufficient
ningbo,seresnet,V2,AF,single,rhythm,5,0,,,,,,,,,,False,ok,rhythm,False,na,na,na,na,na,na
ningbo,seresnet,V2,AFL,single,rhythm,5,1140,,,,,,,,,,False,ok,rhythm,False,na,na,na,na,na,na
ningbo,seresnet,V2,TWC,single,morphology,5,774,0.3467,0.6905,0.7732,0.3438,0.4979,0.3052,0.3755,0.0054,0.0017,True,B_confusion,repolarization,False,loss,loss,loss,loss,loss,loss
ningbo,seresnet,V2,LAD,single,morphology,5,175,0.0948,0.6030,0.7148,0.5083,0.8428,0.4346,0.5745,0.0194,0.0017,True,B_confusion,axis,False,loss,loss,loss,loss,loss,loss
ningbo,seresnet,V2,SB,single,rhythm,5,1899,0.9969,0.9946,0.9987,-0.0023,-0.0023,-0.0077,0.0011,0.0014,0.8307,False,ok,rhythm,False,sufficient,sufficient,sufficient,sufficient,sufficient,sufficient
ningbo,seresnet,V2,SVT,single,rhythm,5,19,0.4927,0.5731,0.9904,0.0804,0.1403,-0.1574,0.3147,0.1070,0.3134,False,ok,rhythm,False,indeterminate,indeterminate,indeterminate,indeterminate,indeterminate,indeterminate
ningbo,seresnet,V2,SR,single,rhythm,5,942,0.9560,0.9679,0.9869,0.0118,0.0122,0.0061,0.0175,0.0063,0.0017,False,ok,rhythm,False,sufficient,sufficient,sufficient,sufficient,sufficient,sufficient
ningbo,seresnet,V2,ST,single,rhythm,5,852,0.9797,0.9957,0.9964,0.0161,0.0161,0.0121,0.0206,0.0016,0.0017,False,ok,rhythm,False,indeterminate,sufficient,sufficient,sufficient,sufficient,sufficient
ningbo,seresnet,V2,STTC,single,morphology,5,633,0.5042,0.7302,0.8613,0.2260,0.3095,0.1856,0.2662,0.0085,0.0017,True,B_confusion,repolarization,False,loss,loss,loss,loss,loss,loss
ningbo,seresnet,V2,LVH,single,morphology,5,710,0.4271,0.8912,0.8052,0.4640,0.5207,0.4251,0.4987,0.0099,0.0017,True,B_confusion,hypertrophy,False,loss,loss,loss,loss,loss,loss
ningbo,seresnet,V2,RBBB,single,morphology,5,193,0.9558,0.9779,0.9964,0.0221,0.0226,0.0060,0.0382,0.0026,0.0046,False,ok,conduction,False,indeterminate,sufficient,sufficient,sufficient,sufficient,sufficient
ningbo,seresnet,V3,AF,single,rhythm,5,0,,,,,,,,,,False,ok,rhythm,False,na,na,na,na,na,na
ningbo,seresnet,V3,AFL,single,rhythm,5,1140,,,,,,,,,,False,ok,rhythm,False,na,na,na,na,na,na
ningbo,seresnet,V3,TWC,single,morphology,5,774,0.4408,0.6905,0.8273,0.2497,0.3616,0.2161,0.2813,0.0128,0.0017,True,B_confusion,repolarization,False,loss,loss,loss,loss,loss,loss
ningbo,seresnet,V3,LAD,single,morphology,5,175,0.1216,0.6030,0.7805,0.4814,0.7983,0.4007,0.5517,0.0284,0.0017,True,B_confusion,axis,False,loss,loss,loss,loss,loss,loss
ningbo,seresnet,V3,SB,single,rhythm,5,1899,0.9971,0.9946,0.9987,-0.0025,-0.0025,-0.0082,0.0009,0.0007,0.8621,False,ok,rhythm,False,sufficient,sufficient,sufficient,sufficient,sufficient,sufficient
ningbo,seresnet,V3,SVT,single,rhythm,5,19,0.4542,0.5731,0.9888,0.1189,0.2074,-0.0703,0.3646,0.0499,0.1607,False,ok,rhythm,False,indeterminate,indeterminate,indeterminate,indeterminate,indeterminate,indeterminate
ningbo,seresnet,V3,SR,single,rhythm,5,942,0.9599,0.9679,0.9881,0.0080,0.0083,0.0024,0.0133,0.0080,0.0061,False,ok,rhythm,False,sufficient,sufficient,sufficient,sufficient,sufficient,sufficient
ningbo,seresnet,V3,ST,single,rhythm,5,852,0.9809,0.9957,0.9965,0.0148,0.0149,0.0111,0.0190,0.0024,0.0017,False,ok,rhythm,False,sufficient,sufficient,sufficient,sufficient,sufficient,sufficient
ningbo,seresnet,V3,STTC,single,morphology,5,633,0.5772,0.7302,0.8847,0.1530,0.2095,0.1200,0.1857,0.0036,0.0017,True,B_confusion,repolarization,False,loss,loss,loss,loss,loss,loss
ningbo,seresnet,V3,LVH,single,morphology,5,710,0.5040,0.8912,0.8552,0.3871,0.4344,0.3544,0.4188,0.0041,0.0017,True,B_confusion,hypertrophy,False,loss,loss,loss,loss,loss,loss
ningbo,seresnet,V3,RBBB,single,morphology,5,193,0.9580,0.9779,0.9970,0.0199,0.0203,0.0066,0.0349,0.0017,0.0032,False,ok,conduction,False,indeterminate,sufficient,sufficient,sufficient,sufficient,sufficient
ningbo,seresnet,V4,AF,single,rhythm,5,0,,,,,,,,,,False,ok,rhythm,False,na,na,na,na,na,na
ningbo,seresnet,V4,AFL,single,rhythm,5,1140,,,,,,,,,,False,ok,rhythm,False,na,na,na,na,na,na
ningbo,seresnet,V4,TWC,single,morphology,5,774,0.5857,0.6905,0.8807,0.1048,0.1518,0.0746,0.1330,0.0041,0.0017,False,ok,repolarization,False,loss,loss,indeterminate,loss,loss,loss
ningbo,seresnet,V4,LAD,single,morphology,5,175,0.1421,0.6030,0.8261,0.4610,0.7644,0.3837,0.5313,0.0234,0.0017,True,B_confusion,axis,False,loss,loss,loss,loss,loss,loss
ningbo,seresnet,V4,SB,single,rhythm,5,1899,0.9959,0.9946,0.9984,-0.0013,-0.0013,-0.0068,0.0022,0.0016,0.7074,False,ok,rhythm,False,sufficient,sufficient,sufficient,sufficient,sufficient,sufficient
ningbo,seresnet,V4,SVT,single,rhythm,5,19,0.4511,0.5731,0.9865,0.1220,0.2129,-0.0677,0.3392,0.1094,0.1381,False,ok,rhythm,False,indeterminate,indeterminate,indeterminate,indeterminate,indeterminate,indeterminate
ningbo,seresnet,V4,SR,single,rhythm,5,942,0.9586,0.9679,0.9874,0.0092,0.0096,0.0039,0.0142,0.0038,0.0017,False,ok,rhythm,False,sufficient,sufficient,sufficient,sufficient,sufficient,sufficient
ningbo,seresnet,V4,ST,single,rhythm,5,852,0.9771,0.9957,0.9957,0.0187,0.0187,0.0143,0.0231,0.0008,0.0017,False,ok,rhythm,False,indeterminate,sufficient,sufficient,sufficient,sufficient,sufficient
ningbo,seresnet,V4,STTC,single,morphology,5,633,0.6554,0.7302,0.9162,0.0747,0.1023,0.0494,0.0995,0.0097,0.0017,False,ok,repolarization,False,loss,indeterminate,sufficient,loss,indeterminate,indeterminate
ningbo,seresnet,V4,LVH,single,morphology,5,710,0.6715,0.8912,0.9144,0.2197,0.2465,0.1895,0.2490,0.0040,0.0017,True,B_confusion,hypertrophy,False,loss,loss,loss,loss,loss,loss
ningbo,seresnet,V4,RBBB,single,morphology,5,193,0.9292,0.9779,0.9929,0.0487,0.0498,0.0281,0.0728,0.0056,0.0017,False,ok,conduction,False,loss,indeterminate,sufficient,indeterminate,sufficient,indeterminate
ningbo,seresnet,V5,AF,single,rhythm,5,0,,,,,,,,,,False,ok,rhythm,False,na,na,na,na,na,na
ningbo,seresnet,V5,AFL,single,rhythm,5,1140,,,,,,,,,,False,ok,rhythm,False,na,na,na,na,na,na
ningbo,seresnet,V5,TWC,single,morphology,5,774,0.6790,0.6905,0.9071,0.0115,0.0166,-0.0130,0.0344,0.0083,0.2185,False,ok,repolarization,False,indeterminate,sufficient,sufficient,sufficient,sufficient,sufficient
ningbo,seresnet,V5,LAD,single,morphology,5,175,0.1647,0.6030,0.8565,0.4383,0.7269,0.3680,0.5019,0.0211,0.0017,True,B_confusion,axis,False,loss,loss,loss,loss,loss,loss
ningbo,seresnet,V5,SB,single,rhythm,5,1899,0.9971,0.9946,0.9987,-0.0025,-0.0025,-0.0077,0.0007,0.0011,0.8660,False,ok,rhythm,False,sufficient,sufficient,sufficient,sufficient,sufficient,sufficient
ningbo,seresnet,V5,SVT,single,rhythm,5,19,0.4586,0.5731,0.9773,0.1146,0.1999,-0.0613,0.3086,0.0755,0.1253,False,ok,rhythm,False,indeterminate,indeterminate,indeterminate,indeterminate,indeterminate,indeterminate
ningbo,seresnet,V5,SR,single,rhythm,5,942,0.9609,0.9679,0.9883,0.0070,0.0072,0.0034,0.0107,0.0052,0.0017,False,ok,rhythm,False,sufficient,sufficient,sufficient,sufficient,sufficient,sufficient
ningbo,seresnet,V5,ST,single,rhythm,5,852,0.9779,0.9957,0.9961,0.0178,0.0179,0.0112,0.0272,0.0023,0.0017,False,ok,rhythm,False,indeterminate,sufficient,sufficient,sufficient,sufficient,sufficient
ningbo,seresnet,V5,STTC,single,morphology,5,633,0.7166,0.7302,0.9369,0.0135,0.0185,-0.0054,0.0325,0.0135,0.0994,False,ok,repolarization,False,indeterminate,sufficient,sufficient,sufficient,sufficient,sufficient
ningbo,seresnet,V5,LVH,single,morphology,5,710,0.8728,0.8912,0.9629,0.0184,0.0206,0.0059,0.0303,0.0040,0.0032,False,ok,hypertrophy,False,indeterminate,sufficient,sufficient,sufficient,sufficient,sufficient
ningbo,seresnet,V5,RBBB,single,morphology,5,193,0.9330,0.9779,0.9888,0.0449,0.0459,0.0261,0.0676,0.0051,0.0017,False,ok,conduction,False,loss,indeterminate,sufficient,indeterminate,sufficient,indeterminate
ningbo,seresnet,V6,AF,single,rhythm,5,0,,,,,,,,,,False,ok,rhythm,False,na,na,na,na,na,na
ningbo,seresnet,V6,AFL,single,rhythm,5,1140,,,,,,,,,,False,ok,rhythm,False,na,na,na,na,na,na
ningbo,seresnet,V6,TWC,single,morphology,5,774,0.6373,0.6905,0.8996,0.0531,0.0769,0.0278,0.0775,0.0061,0.0017,False,ok,repolarization,False,loss,indeterminate,sufficient,indeterminate,indeterminate,indeterminate
ningbo,seresnet,V6,LAD,single,morphology,5,175,0.2166,0.6030,0.8833,0.3864,0.6408,0.3131,0.4517,0.0241,0.0017,True,B_confusion,axis,False,loss,loss,loss,loss,loss,loss
ningbo,seresnet,V6,SB,single,rhythm,5,1899,0.9965,0.9946,0.9983,-0.0019,-0.0019,-0.0070,0.0015,0.0013,0.8307,False,ok,rhythm,False,sufficient,sufficient,sufficient,sufficient,sufficient,sufficient
ningbo,seresnet,V6,SVT,single,rhythm,5,19,0.3472,0.5731,0.9645,0.2260,0.3943,-0.0073,0.4272,0.1411,0.0477,True,B_confusion,rhythm,False,indeterminate,indeterminate,indeterminate,indeterminate,indeterminate,indeterminate
ningbo,seresnet,V6,SR,single,rhythm,5,942,0.9560,0.9679,0.9874,0.0118,0.0122,0.0067,0.0177,0.0052,0.0017,False,ok,rhythm,False,sufficient,sufficient,sufficient,sufficient,sufficient,sufficient
ningbo,seresnet,V6,ST,single,rhythm,5,852,0.9759,0.9957,0.9959,0.0198,0.0199,0.0153,0.0245,0.0015,0.0017,False,ok,rhythm,False,indeterminate,sufficient,sufficient,sufficient,sufficient,sufficient
ningbo,seresnet,V6,STTC,single,morphology,5,633,0.7056,0.7302,0.9305,0.0246,0.0336,0.0025,0.0475,0.0130,0.0195,False,ok,repolarization,False,indeterminate,sufficient,sufficient,indeterminate,sufficient,sufficient
ningbo,seresnet,V6,LVH,single,morphology,5,710,0.7682,0.8912,0.9394,0.1230,0.1380,0.1020,0.1445,0.0055,0.0017,False,ok,hypertrophy,False,loss,loss,loss,loss,loss,loss
ningbo,seresnet,V6,RBBB,single,morphology,5,193,0.9293,0.9779,0.9920,0.0486,0.0497,0.0295,0.0703,0.0075,0.0017,False,ok,conduction,False,loss,indeterminate,sufficient,indeterminate,sufficient,indeterminate
ningbo,seresnet,ALL,AF,ceiling,rhythm,5,0,,,,,,,,,,False,ok,rhythm,False,na,na,na,na,na,na
ningbo,seresnet,ALL,AFL,ceiling,rhythm,5,1140,,,,,,,,,,False,ok,rhythm,False,na,na,na,na,na,na
ningbo,seresnet,ALL,TWC,ceiling,morphology,5,774,0.6905,0.6905,0.9311,0.0000,0.0000,,,0.0000,,False,ok,repolarization,False,na,na,na,na,na,na
ningbo,seresnet,ALL,LAD,ceiling,morphology,5,175,0.6030,0.6030,0.9839,0.0000,0.0000,,,0.0000,,False,ok,axis,False,na,na,na,na,na,na
ningbo,seresnet,ALL,SB,ceiling,rhythm,5,1899,0.9946,0.9946,0.9986,0.0000,0.0000,,,0.0000,,False,ok,rhythm,False,na,na,na,na,na,na
ningbo,seresnet,ALL,SVT,ceiling,rhythm,5,19,0.5731,0.5731,0.9690,0.0000,0.0000,,,0.0000,,False,ok,rhythm,False,na,na,na,na,na,na
ningbo,seresnet,ALL,SR,ceiling,rhythm,5,942,0.9679,0.9679,0.9904,0.0000,0.0000,,,0.0000,,False,ok,rhythm,False,na,na,na,na,na,na
ningbo,seresnet,ALL,ST,ceiling,rhythm,5,852,0.9957,0.9957,0.9991,0.0000,0.0000,,,0.0000,,False,ok,rhythm,False,na,na,na,na,na,na
ningbo,seresnet,ALL,STTC,ceiling,morphology,5,633,0.7302,0.7302,0.9450,0.0000,0.0000,,,0.0000,,False,ok,repolarization,False,na,na,na,na,na,na
ningbo,seresnet,ALL,LVH,ceiling,morphology,5,710,0.8912,0.8912,0.9775,0.0000,0.0000,,,0.0000,,False,ok,hypertrophy,False,na,na,na,na,na,na
ningbo,seresnet,ALL,RBBB,ceiling,morphology,5,193,0.9779,0.9779,0.9981,0.0000,0.0000,,,0.0000,,False,ok,conduction,False,na,na,na,na,na,na
ningbo,seresnet,I+II,AF,device,rhythm,5,0,,,,,,,,,,False,ok,rhythm,False,na,na,na,na,na,na
ningbo,seresnet,I+II,AFL,device,rhythm,5,1140,,,,,,,,,,False,ok,rhythm,False,na,na,na,na,na,na
ningbo,seresnet,I+II,TWC,device,morphology,5,774,0.6070,0.6905,0.8994,0.0835,0.1209,0.0598,0.1063,0.0114,0.0029,False,ok,repolarization,False,loss,loss,indeterminate,loss,indeterminate,loss
ningbo,seresnet,I+II,LAD,device,morphology,5,175,0.6852,0.6030,0.9875,-0.0821,-0.1362,-0.1213,-0.0414,0.0298,1.0000,False,ok,axis,False,sufficient,sufficient,sufficient,sufficient,sufficient,sufficient
ningbo,seresnet,I+II,SB,device,rhythm,5,1899,0.9961,0.9946,0.9987,-0.0016,-0.0016,-0.0052,0.0009,0.0016,0.9214,False,ok,rhythm,False,sufficient,sufficient,sufficient,sufficient,sufficient,sufficient
ningbo,seresnet,I+II,SVT,device,rhythm,5,19,0.4643,0.5731,0.9650,0.1089,0.1899,-0.0493,0.2908,0.0725,0.1998,False,ok,rhythm,False,indeterminate,indeterminate,indeterminate,indeterminate,indeterminate,indeterminate
ningbo,seresnet,I+II,SR,device,rhythm,5,942,0.9707,0.9679,0.9912,-0.0028,-0.0029,-0.0055,-0.0002,0.0067,1.0000,False,ok,rhythm,False,sufficient,sufficient,sufficient,sufficient,sufficient,sufficient
ningbo,seresnet,I+II,ST,device,rhythm,5,852,0.9955,0.9957,0.9991,0.0002,0.0002,-0.0007,0.0014,0.0023,0.5778,False,ok,rhythm,False,sufficient,sufficient,sufficient,sufficient,sufficient,sufficient
ningbo,seresnet,I+II,STTC,device,morphology,5,633,0.6745,0.7302,0.9318,0.0557,0.0762,0.0361,0.0748,0.0086,0.0029,False,ok,repolarization,False,loss,indeterminate,sufficient,indeterminate,indeterminate,indeterminate
ningbo,seresnet,I+II,LVH,device,morphology,5,710,0.5204,0.8912,0.8598,0.3707,0.4160,0.3344,0.4056,0.0084,0.0029,True,B_confusion,hypertrophy,False,loss,loss,loss,loss,loss,loss
ningbo,seresnet,I+II,RBBB,device,morphology,5,193,0.9571,0.9779,0.9952,0.0208,0.0213,0.0111,0.0320,0.0053,0.0029,False,ok,conduction,False,indeterminate,sufficient,sufficient,sufficient,sufficient,sufficient
ningbo,seresnet,LIMB6,AF,device,rhythm,5,0,,,,,,,,,,False,ok,rhythm,False,na,na,na,na,na,na
ningbo,seresnet,LIMB6,AFL,device,rhythm,5,1140,,,,,,,,,,False,ok,rhythm,False,na,na,na,na,na,na
ningbo,seresnet,LIMB6,TWC,device,morphology,5,774,0.6172,0.6905,0.9012,0.0732,0.1061,0.0508,0.0955,0.0071,0.0029,False,ok,repolarization,False,loss,loss,sufficient,loss,indeterminate,loss
ningbo,seresnet,LIMB6,LAD,device,morphology,5,175,0.6785,0.6030,0.9886,-0.0755,-0.1251,-0.1141,-0.0353,0.0349,1.0000,False,ok,axis,False,sufficient,sufficient,sufficient,sufficient,sufficient,sufficient
ningbo,seresnet,LIMB6,SB,device,rhythm,5,1899,0.9952,0.9946,0.9985,-0.0007,-0.0007,-0.0034,0.0016,0.0012,0.8803,False,ok,rhythm,False,sufficient,sufficient,sufficient,sufficient,sufficient,sufficient
ningbo,seresnet,LIMB6,SVT,device,rhythm,5,19,0.4335,0.5731,0.9830,0.1396,0.2436,-0.0253,0.2973,0.1125,0.1199,False,ok,rhythm,False,indeterminate,indeterminate,indeterminate,indeterminate,indeterminate,indeterminate
ningbo,seresnet,LIMB6,SR,device,rhythm,5,942,0.9682,0.9679,0.9909,-0.0003,-0.0004,-0.0043,0.0040,0.0061,0.8803,False,ok,rhythm,False,sufficient,sufficient,sufficient,sufficient,sufficient,sufficient
ningbo,seresnet,LIMB6,ST,device,rhythm,5,852,0.9951,0.9957,0.9990,0.0006,0.0006,-0.0004,0.0017,0.0013,0.2728,False,ok,rhythm,False,sufficient,sufficient,sufficient,sufficient,sufficient,sufficient
ningbo,seresnet,LIMB6,STTC,device,morphology,5,633,0.6758,0.7302,0.9306,0.0544,0.0745,0.0341,0.0739,0.0123,0.0029,False,ok,repolarization,False,loss,indeterminate,sufficient,indeterminate,indeterminate,indeterminate
ningbo,seresnet,LIMB6,LVH,device,morphology,5,710,0.5256,0.8912,0.8609,0.3656,0.4103,0.3299,0.4003,0.0051,0.0029,True,B_confusion,hypertrophy,False,loss,loss,loss,loss,loss,loss
ningbo,seresnet,LIMB6,RBBB,device,morphology,5,193,0.9513,0.9779,0.9925,0.0266,0.0272,0.0143,0.0407,0.0063,0.0029,False,ok,conduction,False,indeterminate,sufficient,sufficient,sufficient,sufficient,sufficient
ningbo,seresnet,CH3,AF,device,rhythm,5,0,,,,,,,,,,False,ok,rhythm,False,na,na,na,na,na,na
ningbo,seresnet,CH3,AFL,device,rhythm,5,1140,,,,,,,,,,False,ok,rhythm,False,na,na,na,na,na,na
ningbo,seresnet,CH3,TWC,device,morphology,5,774,0.6084,0.6905,0.9070,0.0821,0.1189,0.0606,0.1044,0.0089,0.0029,False,ok,repolarization,False,loss,loss,indeterminate,loss,indeterminate,loss
ningbo,seresnet,CH3,LAD,device,morphology,5,175,0.6504,0.6030,0.9854,-0.0473,-0.0785,-0.0850,-0.0122,0.0469,1.0000,False,ok,axis,False,sufficient,sufficient,sufficient,sufficient,sufficient,sufficient
ningbo,seresnet,CH3,SB,device,rhythm,5,1899,0.9960,0.9946,0.9987,-0.0014,-0.0014,-0.0051,0.0008,0.0012,0.8803,False,ok,rhythm,False,sufficient,sufficient,sufficient,sufficient,sufficient,sufficient
ningbo,seresnet,CH3,SVT,device,rhythm,5,19,0.4979,0.5731,0.9648,0.0753,0.1313,-0.0492,0.2480,0.0717,0.2418,False,ok,rhythm,False,indeterminate,indeterminate,indeterminate,indeterminate,indeterminate,indeterminate
ningbo,seresnet,CH3,SR,device,rhythm,5,942,0.9685,0.9679,0.9908,-0.0007,-0.0007,-0.0039,0.0029,0.0073,0.8803,False,ok,rhythm,False,sufficient,sufficient,sufficient,sufficient,sufficient,sufficient
ningbo,seresnet,CH3,ST,device,rhythm,5,852,0.9952,0.9957,0.9989,0.0006,0.0006,-0.0004,0.0016,0.0021,0.2550,False,ok,rhythm,False,sufficient,sufficient,sufficient,sufficient,sufficient,sufficient
ningbo,seresnet,CH3,STTC,device,morphology,5,633,0.6802,0.7302,0.9326,0.0499,0.0684,0.0327,0.0680,0.0036,0.0029,False,ok,repolarization,False,loss,indeterminate,sufficient,indeterminate,sufficient,indeterminate
ningbo,seresnet,CH3,LVH,device,morphology,5,710,0.5789,0.8912,0.8817,0.3123,0.3504,0.2749,0.3460,0.0077,0.0029,True,B_confusion,hypertrophy,False,loss,loss,loss,loss,loss,loss
ningbo,seresnet,CH3,RBBB,device,morphology,5,193,0.9738,0.9779,0.9980,0.0041,0.0042,-0.0031,0.0122,0.0047,0.2725,False,ok,conduction,False,sufficient,sufficient,sufficient,sufficient,sufficient,sufficient
ningbo,seresnet,CH4,AF,device,rhythm,5,0,,,,,,,,,,False,ok,rhythm,False,na,na,na,na,na,na
ningbo,seresnet,CH4,AFL,device,rhythm,5,1140,,,,,,,,,,False,ok,rhythm,False,na,na,na,na,na,na
ningbo,seresnet,CH4,TWC,device,morphology,5,774,0.6221,0.6905,0.9099,0.0684,0.0990,0.0475,0.0891,0.0090,0.0029,False,ok,repolarization,False,loss,indeterminate,sufficient,loss,indeterminate,indeterminate
ningbo,seresnet,CH4,LAD,device,morphology,5,175,0.6625,0.6030,0.9865,-0.0595,-0.0986,-0.0914,-0.0287,0.0164,1.0000,False,ok,axis,False,sufficient,sufficient,sufficient,sufficient,sufficient,sufficient
ningbo,seresnet,CH4,SB,device,rhythm,5,1899,0.9952,0.9946,0.9986,-0.0006,-0.0006,-0.0021,0.0007,0.0005,0.9214,False,ok,rhythm,False,sufficient,sufficient,sufficient,sufficient,sufficient,sufficient
ningbo,seresnet,CH4,SVT,device,rhythm,5,19,0.3865,0.5731,0.9697,0.1867,0.3257,0.0227,0.3620,0.1113,0.0500,True,B_confusion,rhythm,False,loss,indeterminate,indeterminate,indeterminate,indeterminate,indeterminate
ningbo,seresnet,CH4,SR,device,rhythm,5,942,0.9689,0.9679,0.9906,-0.0010,-0.0011,-0.0041,0.0026,0.0040,0.8803,False,ok,rhythm,False,sufficient,sufficient,sufficient,sufficient,sufficient,sufficient
ningbo,seresnet,CH4,ST,device,rhythm,5,852,0.9947,0.9957,0.9987,0.0010,0.0010,-0.0001,0.0022,0.0014,0.1081,False,ok,rhythm,False,sufficient,sufficient,sufficient,sufficient,sufficient,sufficient
ningbo,seresnet,CH4,STTC,device,morphology,5,633,0.6782,0.7302,0.9325,0.0519,0.0711,0.0345,0.0707,0.0148,0.0029,False,ok,repolarization,False,loss,indeterminate,sufficient,indeterminate,sufficient,indeterminate
ningbo,seresnet,CH4,LVH,device,morphology,5,710,0.5744,0.8912,0.8803,0.3168,0.3555,0.2817,0.3521,0.0109,0.0029,True,B_confusion,hypertrophy,False,loss,loss,loss,loss,loss,loss
ningbo,seresnet,CH4,RBBB,device,morphology,5,193,0.9701,0.9779,0.9970,0.0078,0.0080,0.0004,0.0161,0.0038,0.0500,False,ok,conduction,False,sufficient,sufficient,sufficient,sufficient,sufficient,sufficient
ningbo,inceptiontime,I,AF,single,rhythm,5,0,,,,,,,,,,False,ok,rhythm,False,na,na,na,na,na,na
ningbo,inceptiontime,I,AFL,single,rhythm,5,1140,,,,,,,,,,False,ok,rhythm,False,na,na,na,na,na,na
ningbo,inceptiontime,I,TWC,single,morphology,5,774,0.4980,0.6996,0.8427,0.2016,0.2882,0.1687,0.2323,0.0093,0.0017,True,B_confusion,repolarization,False,loss,loss,loss,loss,loss,loss
ningbo,inceptiontime,I,LAD,single,morphology,5,175,0.1135,0.6208,0.7537,0.5073,0.8171,0.4271,0.5798,0.0227,0.0017,True,B_confusion,axis,False,loss,loss,loss,loss,loss,loss
ningbo,inceptiontime,I,SB,single,rhythm,5,1899,0.9959,0.9943,0.9980,-0.0016,-0.0016,-0.0049,0.0010,0.0018,0.8950,False,ok,rhythm,False,sufficient,sufficient,sufficient,sufficient,sufficient,sufficient
ningbo,inceptiontime,I,SVT,single,rhythm,5,19,0.3609,0.2705,0.9765,-0.0904,-0.3342,-0.2941,0.1014,0.0681,0.8844,False,ok,rhythm,True,indeterminate,indeterminate,indeterminate,indeterminate,indeterminate,indeterminate
ningbo,inceptiontime,I,SR,single,rhythm,5,942,0.9060,0.9377,0.9796,0.0316,0.0337,0.0192,0.0449,0.0119,0.0017,False,ok,rhythm,False,indeterminate,sufficient,sufficient,sufficient,sufficient,sufficient
ningbo,inceptiontime,I,ST,single,rhythm,5,852,0.9878,0.9926,0.9972,0.0049,0.0049,0.0021,0.0079,0.0022,0.0017,False,ok,rhythm,False,sufficient,sufficient,sufficient,sufficient,sufficient,sufficient
ningbo,inceptiontime,I,STTC,single,morphology,5,633,0.5945,0.7109,0.8991,0.1164,0.1638,0.0860,0.1491,0.0160,0.0017,False,ok,repolarization,False,loss,loss,indeterminate,loss,loss,loss
ningbo,inceptiontime,I,LVH,single,morphology,5,710,0.3984,0.8882,0.7990,0.4898,0.5514,0.4531,0.5225,0.0118,0.0017,True,B_confusion,hypertrophy,False,loss,loss,loss,loss,loss,loss
ningbo,inceptiontime,I,RBBB,single,morphology,5,193,0.9524,0.9742,0.9928,0.0218,0.0224,0.0091,0.0366,0.0062,0.0017,False,ok,conduction,False,indeterminate,sufficient,sufficient,sufficient,sufficient,sufficient
ningbo,inceptiontime,II,AF,single,rhythm,5,0,,,,,,,,,,False,ok,rhythm,False,na,na,na,na,na,na
ningbo,inceptiontime,II,AFL,single,rhythm,5,1140,,,,,,,,,,False,ok,rhythm,False,na,na,na,na,na,na
ningbo,inceptiontime,II,TWC,single,morphology,5,774,0.5240,0.6996,0.8578,0.1756,0.2510,0.1467,0.2028,0.0110,0.0017,True,B_confusion,repolarization,False,loss,loss,loss,loss,loss,loss
ningbo,inceptiontime,II,LAD,single,morphology,5,175,0.5955,0.6208,0.9827,0.0253,0.0408,-0.0240,0.0740,0.0529,0.2243,False,ok,axis,False,indeterminate,indeterminate,sufficient,indeterminate,indeterminate,indeterminate
ningbo,inceptiontime,II,SB,single,rhythm,5,1899,0.9960,0.9943,0.9984,-0.0017,-0.0017,-0.0040,0.0000,0.0023,0.9720,False,ok,rhythm,False,sufficient,sufficient,sufficient,sufficient,sufficient,sufficient
ningbo,inceptiontime,II,SVT,single,rhythm,5,19,0.2834,0.2705,0.9761,-0.0129,-0.0476,-0.1871,0.1636,0.0325,0.6611,False,ok,rhythm,True,indeterminate,indeterminate,indeterminate,indeterminate,indeterminate,indeterminate
ningbo,inceptiontime,II,SR,single,rhythm,5,942,0.9288,0.9377,0.9840,0.0089,0.0095,0.0005,0.0178,0.0127,0.0296,False,ok,rhythm,False,sufficient,sufficient,sufficient,sufficient,sufficient,sufficient
ningbo,inceptiontime,II,ST,single,rhythm,5,852,0.9927,0.9926,0.9983,-0.0001,-0.0001,-0.0014,0.0016,0.0019,0.6231,False,ok,rhythm,False,sufficient,sufficient,sufficient,sufficient,sufficient,sufficient
ningbo,inceptiontime,II,STTC,single,morphology,5,633,0.6133,0.7109,0.9163,0.0977,0.1374,0.0679,0.1258,0.0193,0.0017,False,ok,repolarization,False,loss,loss,indeterminate,loss,indeterminate,loss
ningbo,inceptiontime,II,LVH,single,morphology,5,710,0.4396,0.8882,0.8152,0.4486,0.5051,0.4124,0.4850,0.0088,0.0017,True,B_confusion,hypertrophy,False,loss,loss,loss,loss,loss,loss
ningbo,inceptiontime,II,RBBB,single,morphology,5,193,0.8052,0.9742,0.9818,0.1690,0.1735,0.1259,0.2199,0.0306,0.0017,True,B_confusion,conduction,False,loss,loss,loss,loss,loss,loss
ningbo,inceptiontime,III,AF,single,rhythm,5,0,,,,,,,,,,False,ok,rhythm,False,na,na,na,na,na,na
ningbo,inceptiontime,III,AFL,single,rhythm,5,1140,,,,,,,,,,False,ok,rhythm,False,na,na,na,na,na,na
ningbo,inceptiontime,III,TWC,single,morphology,5,774,0.3228,0.6996,0.7413,0.3768,0.5385,0.3384,0.4092,0.0124,0.0017,True,B_confusion,repolarization,False,loss,loss,loss,loss,loss,loss
ningbo,inceptiontime,III,LAD,single,morphology,5,175,0.3318,0.6208,0.9474,0.2890,0.4655,0.2131,0.3632,0.0279,0.0017,True,B_confusion,axis,False,loss,loss,loss,loss,loss,loss
ningbo,inceptiontime,III,SB,single,rhythm,5,1899,0.9932,0.9943,0.9974,0.0010,0.0010,-0.0026,0.0046,0.0013,0.3685,False,ok,rhythm,False,sufficient,sufficient,sufficient,sufficient,sufficient,sufficient
ningbo,inceptiontime,III,SVT,single,rhythm,5,19,0.3528,0.2705,0.9684,-0.0823,-0.3042,-0.2959,0.1123,0.0453,0.8317,False,ok,rhythm,True,indeterminate,indeterminate,indeterminate,indeterminate,indeterminate,indeterminate
ningbo,inceptiontime,III,SR,single,rhythm,5,942,0.9194,0.9377,0.9821,0.0182,0.0195,0.0062,0.0311,0.0080,0.0017,False,ok,rhythm,False,indeterminate,sufficient,sufficient,sufficient,sufficient,sufficient
ningbo,inceptiontime,III,ST,single,rhythm,5,852,0.9885,0.9926,0.9972,0.0041,0.0042,0.0011,0.0078,0.0014,0.0049,False,ok,rhythm,False,sufficient,sufficient,sufficient,sufficient,sufficient,sufficient
ningbo,inceptiontime,III,STTC,single,morphology,5,633,0.4828,0.7109,0.8557,0.2282,0.3210,0.1887,0.2677,0.0088,0.0017,True,B_confusion,repolarization,False,loss,loss,loss,loss,loss,loss
ningbo,inceptiontime,III,LVH,single,morphology,5,710,0.3509,0.8882,0.7712,0.5373,0.6050,0.5013,0.5709,0.0109,0.0017,True,B_confusion,hypertrophy,False,loss,loss,loss,loss,loss,loss
ningbo,inceptiontime,III,RBBB,single,morphology,5,193,0.7958,0.9742,0.9719,0.1784,0.1831,0.1338,0.2248,0.0145,0.0017,True,B_confusion,conduction,False,loss,loss,loss,loss,loss,loss
ningbo,inceptiontime,aVR,AF,single,rhythm,5,0,,,,,,,,,,False,ok,rhythm,False,na,na,na,na,na,na
ningbo,inceptiontime,aVR,AFL,single,rhythm,5,1140,,,,,,,,,,False,ok,rhythm,False,na,na,na,na,na,na
ningbo,inceptiontime,aVR,TWC,single,morphology,5,774,0.5828,0.6996,0.8815,0.1168,0.1669,0.0940,0.1376,0.0090,0.0017,False,ok,repolarization,False,loss,loss,indeterminate,loss,loss,loss
ningbo,inceptiontime,aVR,LAD,single,morphology,5,175,0.2774,0.6208,0.9210,0.3435,0.5532,0.2773,0.4096,0.0250,0.0017,True,B_confusion,axis,False,loss,loss,loss,loss,loss,loss
ningbo,inceptiontime,aVR,SB,single,rhythm,5,1899,0.9948,0.9943,0.9982,-0.0006,-0.0006,-0.0022,0.0008,0.0019,0.8186,False,ok,rhythm,False,sufficient,sufficient,sufficient,sufficient,sufficient,sufficient
ningbo,inceptiontime,aVR,SVT,single,rhythm,5,19,0.2518,0.2705,0.9506,0.0187,0.0691,-0.1346,0.1856,0.0572,0.5203,False,ok,rhythm,True,indeterminate,indeterminate,indeterminate,indeterminate,indeterminate,indeterminate
ningbo,inceptiontime,aVR,SR,single,rhythm,5,942,0.9307,0.9377,0.9841,0.0070,0.0074,-0.0007,0.0146,0.0106,0.0592,False,ok,rhythm,False,sufficient,sufficient,sufficient,sufficient,sufficient,sufficient
ningbo,inceptiontime,aVR,ST,single,rhythm,5,852,0.9910,0.9926,0.9975,0.0016,0.0016,-0.0010,0.0056,0.0013,0.2243,False,ok,rhythm,False,sufficient,sufficient,sufficient,sufficient,sufficient,sufficient
ningbo,inceptiontime,aVR,STTC,single,morphology,5,633,0.6548,0.7109,0.9268,0.0561,0.0789,0.0324,0.0769,0.0094,0.0017,False,ok,repolarization,False,loss,indeterminate,sufficient,indeterminate,indeterminate,indeterminate
ningbo,inceptiontime,aVR,LVH,single,morphology,5,710,0.4712,0.8882,0.8309,0.4170,0.4695,0.3816,0.4525,0.0089,0.0017,True,B_confusion,hypertrophy,False,loss,loss,loss,loss,loss,loss
ningbo,inceptiontime,aVR,RBBB,single,morphology,5,193,0.9163,0.9742,0.9915,0.0579,0.0594,0.0345,0.0844,0.0061,0.0017,False,ok,conduction,False,loss,indeterminate,sufficient,indeterminate,sufficient,indeterminate
ningbo,inceptiontime,aVL,AF,single,rhythm,5,0,,,,,,,,,,False,ok,rhythm,False,na,na,na,na,na,na
ningbo,inceptiontime,aVL,AFL,single,rhythm,5,1140,,,,,,,,,,False,ok,rhythm,False,na,na,na,na,na,na
ningbo,inceptiontime,aVL,TWC,single,morphology,5,774,0.3215,0.6996,0.7584,0.3781,0.5404,0.3405,0.4100,0.0064,0.0017,True,B_confusion,repolarization,False,loss,loss,loss,loss,loss,loss
ningbo,inceptiontime,aVL,LAD,single,morphology,5,175,0.2010,0.6208,0.8754,0.4199,0.6763,0.3362,0.4925,0.0222,0.0017,True,B_confusion,axis,False,loss,loss,loss,loss,loss,loss
ningbo,inceptiontime,aVL,SB,single,rhythm,5,1899,0.9920,0.9943,0.9972,0.0023,0.0023,-0.0020,0.0066,0.0022,0.2187,False,ok,rhythm,False,sufficient,sufficient,sufficient,sufficient,sufficient,sufficient
ningbo,inceptiontime,aVL,SVT,single,rhythm,5,19,0.3939,0.2705,0.9797,-0.1234,-0.4561,-0.2625,0.0150,0.0468,0.9651,False,ok,rhythm,True,sufficient,sufficient,sufficient,indeterminate,sufficient,sufficient
ningbo,inceptiontime,aVL,SR,single,rhythm,5,942,0.8944,0.9377,0.9778,0.0433,0.0461,0.0293,0.0596,0.0069,0.0017,False,ok,rhythm,False,loss,indeterminate,sufficient,indeterminate,sufficient,indeterminate
ningbo,inceptiontime,aVL,ST,single,rhythm,5,852,0.9823,0.9926,0.9966,0.0103,0.0103,0.0050,0.0162,0.0020,0.0017,False,ok,rhythm,False,sufficient,sufficient,sufficient,sufficient,sufficient,sufficient
ningbo,inceptiontime,aVL,STTC,single,morphology,5,633,0.4612,0.7109,0.8380,0.2497,0.3513,0.2091,0.2908,0.0098,0.0017,True,B_confusion,repolarization,False,loss,loss,loss,loss,loss,loss
ningbo,inceptiontime,aVL,LVH,single,morphology,5,710,0.3344,0.8882,0.7604,0.5538,0.6236,0.5165,0.5847,0.0076,0.0017,True,B_confusion,hypertrophy,False,loss,loss,loss,loss,loss,loss
ningbo,inceptiontime,aVL,RBBB,single,morphology,5,193,0.8998,0.9742,0.9867,0.0744,0.0764,0.0475,0.1045,0.0087,0.0017,False,ok,conduction,False,loss,indeterminate,indeterminate,indeterminate,indeterminate,indeterminate
ningbo,inceptiontime,aVF,AF,single,rhythm,5,0,,,,,,,,,,False,ok,rhythm,False,na,na,na,na,na,na
ningbo,inceptiontime,aVF,AFL,single,rhythm,5,1140,,,,,,,,,,False,ok,rhythm,False,na,na,na,na,na,na
ningbo,inceptiontime,aVF,TWC,single,morphology,5,774,0.4074,0.6996,0.7916,0.2922,0.4177,0.2555,0.3263,0.0081,0.0017,True,B_confusion,repolarization,False,loss,loss,loss,loss,loss,loss
ningbo,inceptiontime,aVF,LAD,single,morphology,5,175,0.5288,0.6208,0.9759,0.0921,0.1483,0.0313,0.1583,0.0232,0.0017,False,ok,axis,False,loss,indeterminate,indeterminate,loss,indeterminate,indeterminate
ningbo,inceptiontime,aVF,SB,single,rhythm,5,1899,0.9956,0.9943,0.9983,-0.0013,-0.0013,-0.0053,0.0022,0.0015,0.8152,False,ok,rhythm,False,sufficient,sufficient,sufficient,sufficient,sufficient,sufficient
ningbo,inceptiontime,aVF,SVT,single,rhythm,5,19,0.3605,0.2705,0.9811,-0.0900,-0.3325,-0.3239,0.1086,0.0541,0.8699,False,ok,rhythm,True,indeterminate,indeterminate,indeterminate,indeterminate,indeterminate,indeterminate
ningbo,inceptiontime,aVF,SR,single,rhythm,5,942,0.9260,0.9377,0.9837,0.0116,0.0124,0.0022,0.0226,0.0083,0.0225,False,ok,rhythm,False,indeterminate,sufficient,sufficient,sufficient,sufficient,sufficient
ningbo,inceptiontime,aVF,ST,single,rhythm,5,852,0.9908,0.9926,0.9975,0.0018,0.0019,-0.0009,0.0051,0.0014,0.1512,False,ok,rhythm,False,sufficient,sufficient,sufficient,sufficient,sufficient,sufficient
ningbo,inceptiontime,aVF,STTC,single,morphology,5,633,0.5499,0.7109,0.8870,0.1610,0.2265,0.1259,0.1950,0.0079,0.0017,True,B_confusion,repolarization,False,loss,loss,loss,loss,loss,loss
ningbo,inceptiontime,aVF,LVH,single,morphology,5,710,0.3965,0.8882,0.7909,0.4917,0.5536,0.4523,0.5252,0.0041,0.0017,True,B_confusion,hypertrophy,False,loss,loss,loss,loss,loss,loss
ningbo,inceptiontime,aVF,RBBB,single,morphology,5,193,0.7753,0.9742,0.9784,0.1989,0.2042,0.1515,0.2543,0.0142,0.0017,True,B_confusion,conduction,False,loss,loss,loss,loss,loss,loss
ningbo,inceptiontime,V1,AF,single,rhythm,5,0,,,,,,,,,,False,ok,rhythm,False,na,na,na,na,na,na
ningbo,inceptiontime,V1,AFL,single,rhythm,5,1140,,,,,,,,,,False,ok,rhythm,False,na,na,na,na,na,na
ningbo,inceptiontime,V1,TWC,single,morphology,5,774,0.2953,0.6996,0.7268,0.4043,0.5779,0.3650,0.4392,0.0098,0.0017,True,B_confusion,repolarization,False,loss,loss,loss,loss,loss,loss
ningbo,inceptiontime,V1,LAD,single,morphology,5,175,0.1087,0.6208,0.7692,0.5122,0.8250,0.4311,0.5801,0.0171,0.0017,True,B_confusion,axis,False,loss,loss,loss,loss,loss,loss
ningbo,inceptiontime,V1,SB,single,rhythm,5,1899,0.9931,0.9943,0.9977,0.0012,0.0012,-0.0028,0.0052,0.0009,0.3846,False,ok,rhythm,False,sufficient,sufficient,sufficient,sufficient,sufficient,sufficient
ningbo,inceptiontime,V1,SVT,single,rhythm,5,19,0.3865,0.2705,0.9857,-0.1160,-0.4287,-0.2852,0.0464,0.0693,0.9336,False,ok,rhythm,True,indeterminate,sufficient,sufficient,indeterminate,indeterminate,sufficient
ningbo,inceptiontime,V1,SR,single,rhythm,5,942,0.9255,0.9377,0.9820,0.0122,0.0130,0.0025,0.0212,0.0101,0.0184,False,ok,rhythm,False,indeterminate,sufficient,sufficient,sufficient,sufficient,sufficient
ningbo,inceptiontime,V1,ST,single,rhythm,5,852,0.9793,0.9926,0.9956,0.0133,0.0134,0.0088,0.0178,0.0027,0.0017,False,ok,rhythm,False,sufficient,sufficient,sufficient,sufficient,sufficient,sufficient
ningbo,inceptiontime,V1,STTC,single,morphology,5,633,0.4204,0.7109,0.8332,0.2906,0.4087,0.2471,0.3300,0.0120,0.0017,True,B_confusion,repolarization,False,loss,loss,loss,loss,loss,loss
ningbo,inceptiontime,V1,LVH,single,morphology,5,710,0.4126,0.8882,0.7946,0.4756,0.5354,0.4386,0.5074,0.0114,0.0017,True,B_confusion,hypertrophy,False,loss,loss,loss,loss,loss,loss
ningbo,inceptiontime,V1,RBBB,single,morphology,5,193,0.9648,0.9742,0.9944,0.0094,0.0097,-0.0000,0.0190,0.0109,0.0390,False,ok,conduction,False,sufficient,sufficient,sufficient,sufficient,sufficient,sufficient
ningbo,inceptiontime,V2,AF,single,rhythm,5,0,,,,,,,,,,False,ok,rhythm,False,na,na,na,na,na,na
ningbo,inceptiontime,V2,AFL,single,rhythm,5,1140,,,,,,,,,,False,ok,rhythm,False,na,na,na,na,na,na
ningbo,inceptiontime,V2,TWC,single,morphology,5,774,0.3432,0.6996,0.7627,0.3564,0.5094,0.3177,0.3906,0.0128,0.0017,True,B_confusion,repolarization,False,loss,loss,loss,loss,loss,loss
ningbo,inceptiontime,V2,LAD,single,morphology,5,175,0.0989,0.6208,0.7196,0.5219,0.8406,0.4481,0.5963,0.0240,0.0017,True,B_confusion,axis,False,loss,loss,loss,loss,loss,loss
ningbo,inceptiontime,V2,SB,single,rhythm,5,1899,0.9955,0.9943,0.9981,-0.0013,-0.0013,-0.0037,0.0005,0.0014,0.9109,False,ok,rhythm,False,sufficient,sufficient,sufficient,sufficient,sufficient,sufficient
ningbo,inceptiontime,V2,SVT,single,rhythm,5,19,0.2222,0.2705,0.9762,0.0484,0.1788,-0.1070,0.2226,0.0400,0.3545,False,ok,rhythm,True,indeterminate,indeterminate,indeterminate,indeterminate,indeterminate,indeterminate
ningbo,inceptiontime,V2,SR,single,rhythm,5,942,0.9265,0.9377,0.9814,0.0111,0.0119,0.0001,0.0221,0.0090,0.0365,False,ok,rhythm,False,indeterminate,sufficient,sufficient,sufficient,sufficient,sufficient
ningbo,inceptiontime,V2,ST,single,rhythm,5,852,0.9748,0.9926,0.9944,0.0178,0.0179,0.0129,0.0233,0.0014,0.0017,False,ok,rhythm,False,indeterminate,sufficient,sufficient,sufficient,sufficient,sufficient
ningbo,inceptiontime,V2,STTC,single,morphology,5,633,0.4889,0.7109,0.8582,0.2221,0.3124,0.1800,0.2631,0.0198,0.0017,True,B_confusion,repolarization,False,loss,loss,loss,loss,loss,loss
ningbo,inceptiontime,V2,LVH,single,morphology,5,710,0.4136,0.8882,0.8026,0.4746,0.5343,0.4350,0.5084,0.0095,0.0017,True,B_confusion,hypertrophy,False,loss,loss,loss,loss,loss,loss
ningbo,inceptiontime,V2,RBBB,single,morphology,5,193,0.9254,0.9742,0.9936,0.0488,0.0501,0.0263,0.0737,0.0149,0.0017,False,ok,conduction,False,loss,indeterminate,sufficient,indeterminate,sufficient,indeterminate
ningbo,inceptiontime,V3,AF,single,rhythm,5,0,,,,,,,,,,False,ok,rhythm,False,na,na,na,na,na,na
ningbo,inceptiontime,V3,AFL,single,rhythm,5,1140,,,,,,,,,,False,ok,rhythm,False,na,na,na,na,na,na
ningbo,inceptiontime,V3,TWC,single,morphology,5,774,0.4272,0.6996,0.8183,0.2724,0.3893,0.2360,0.3037,0.0113,0.0017,True,B_confusion,repolarization,False,loss,loss,loss,loss,loss,loss
ningbo,inceptiontime,V3,LAD,single,morphology,5,175,0.1238,0.6208,0.7624,0.4970,0.8006,0.4158,0.5719,0.0191,0.0017,True,B_confusion,axis,False,loss,loss,loss,loss,loss,loss
ningbo,inceptiontime,V3,SB,single,rhythm,5,1899,0.9952,0.9943,0.9979,-0.0010,-0.0010,-0.0040,0.0013,0.0023,0.8150,False,ok,rhythm,False,sufficient,sufficient,sufficient,sufficient,sufficient,sufficient
ningbo,inceptiontime,V3,SVT,single,rhythm,5,19,0.2602,0.2705,0.9724,0.0104,0.0383,-0.1701,0.1842,0.0598,0.5272,False,ok,rhythm,True,indeterminate,indeterminate,indeterminate,indeterminate,indeterminate,indeterminate
ningbo,inceptiontime,V3,SR,single,rhythm,5,942,0.9237,0.9377,0.9813,0.0139,0.0149,0.0046,0.0241,0.0151,0.0064,False,ok,rhythm,False,indeterminate,sufficient,sufficient,sufficient,sufficient,sufficient
ningbo,inceptiontime,V3,ST,single,rhythm,5,852,0.9745,0.9926,0.9945,0.0181,0.0182,0.0129,0.0240,0.0021,0.0017,False,ok,rhythm,False,indeterminate,sufficient,sufficient,sufficient,sufficient,sufficient
ningbo,inceptiontime,V3,STTC,single,morphology,5,633,0.5668,0.7109,0.8808,0.1442,0.2028,0.1083,0.1796,0.0133,0.0017,False,ok,repolarization,False,loss,loss,loss,loss,loss,loss
ningbo,inceptiontime,V3,LVH,single,morphology,5,710,0.4740,0.8882,0.8408,0.4142,0.4663,0.3787,0.4455,0.0095,0.0017,True,B_confusion,hypertrophy,False,loss,loss,loss,loss,loss,loss
ningbo,inceptiontime,V3,RBBB,single,morphology,5,193,0.9371,0.9742,0.9958,0.0371,0.0381,0.0206,0.0561,0.0110,0.0017,False,ok,conduction,False,loss,indeterminate,sufficient,indeterminate,sufficient,indeterminate
ningbo,inceptiontime,V4,AF,single,rhythm,5,0,,,,,,,,,,False,ok,rhythm,False,na,na,na,na,na,na
ningbo,inceptiontime,V4,AFL,single,rhythm,5,1140,,,,,,,,,,False,ok,rhythm,False,na,na,na,na,na,na
ningbo,inceptiontime,V4,TWC,single,morphology,5,774,0.5801,0.6996,0.8776,0.1195,0.1708,0.0880,0.1475,0.0114,0.0017,False,ok,repolarization,False,loss,loss,indeterminate,loss,loss,loss
ningbo,inceptiontime,V4,LAD,single,morphology,5,175,0.1381,0.6208,0.8207,0.4827,0.7775,0.4056,0.5533,0.0335,0.0017,True,B_confusion,axis,False,loss,loss,loss,loss,loss,loss
ningbo,inceptiontime,V4,SB,single,rhythm,5,1899,0.9948,0.9943,0.9979,-0.0005,-0.0005,-0.0046,0.0031,0.0018,0.6786,False,ok,rhythm,False,sufficient,sufficient,sufficient,sufficient,sufficient,sufficient
ningbo,inceptiontime,V4,SVT,single,rhythm,5,19,0.2763,0.2705,0.9717,-0.0058,-0.0213,-0.1299,0.1184,0.0531,0.6611,False,ok,rhythm,True,indeterminate,indeterminate,indeterminate,indeterminate,indeterminate,indeterminate
ningbo,inceptiontime,V4,SR,single,rhythm,5,942,0.9161,0.9377,0.9799,0.0215,0.0230,0.0116,0.0311,0.0097,0.0017,False,ok,rhythm,False,indeterminate,sufficient,sufficient,sufficient,sufficient,sufficient
ningbo,inceptiontime,V4,ST,single,rhythm,5,852,0.9732,0.9926,0.9939,0.0194,0.0195,0.0147,0.0246,0.0029,0.0017,False,ok,rhythm,False,indeterminate,sufficient,sufficient,sufficient,sufficient,sufficient
ningbo,inceptiontime,V4,STTC,single,morphology,5,633,0.6467,0.7109,0.9144,0.0642,0.0903,0.0367,0.0916,0.0103,0.0017,False,ok,repolarization,False,loss,indeterminate,sufficient,loss,indeterminate,indeterminate
ningbo,inceptiontime,V4,LVH,single,morphology,5,710,0.6501,0.8882,0.9046,0.2381,0.2681,0.2066,0.2699,0.0110,0.0017,True,B_confusion,hypertrophy,False,loss,loss,loss,loss,loss,loss
ningbo,inceptiontime,V4,RBBB,single,morphology,5,193,0.8960,0.9742,0.9914,0.0782,0.0803,0.0510,0.1101,0.0167,0.0017,False,ok,conduction,False,loss,loss,indeterminate,loss,indeterminate,loss
ningbo,inceptiontime,V5,AF,single,rhythm,5,0,,,,,,,,,,False,ok,rhythm,False,na,na,na,na,na,na
ningbo,inceptiontime,V5,AFL,single,rhythm,5,1140,,,,,,,,,,False,ok,rhythm,False,na,na,na,na,na,na
ningbo,inceptiontime,V5,TWC,single,morphology,5,774,0.6734,0.6996,0.9057,0.0262,0.0375,0.0029,0.0490,0.0088,0.0212,False,ok,repolarization,False,indeterminate,sufficient,sufficient,indeterminate,sufficient,sufficient
ningbo,inceptiontime,V5,LAD,single,morphology,5,175,0.1554,0.6208,0.8512,0.4654,0.7497,0.3949,0.5297,0.0199,0.0017,True,B_confusion,axis,False,loss,loss,loss,loss,loss,loss
ningbo,inceptiontime,V5,SB,single,rhythm,5,1899,0.9944,0.9943,0.9979,-0.0001,-0.0001,-0.0033,0.0028,0.0024,0.6174,False,ok,rhythm,False,sufficient,sufficient,sufficient,sufficient,sufficient,sufficient
ningbo,inceptiontime,V5,SVT,single,rhythm,5,19,0.2931,0.2705,0.9573,-0.0226,-0.0834,-0.2167,0.1537,0.0279,0.6902,False,ok,rhythm,True,indeterminate,indeterminate,indeterminate,indeterminate,indeterminate,indeterminate
ningbo,inceptiontime,V5,SR,single,rhythm,5,942,0.9261,0.9377,0.9817,0.0115,0.0123,0.0023,0.0207,0.0084,0.0171,False,ok,rhythm,False,indeterminate,sufficient,sufficient,sufficient,sufficient,sufficient
ningbo,inceptiontime,V5,ST,single,rhythm,5,852,0.9780,0.9926,0.9944,0.0146,0.0147,0.0106,0.0194,0.0007,0.0017,False,ok,rhythm,False,sufficient,sufficient,sufficient,sufficient,sufficient,sufficient
ningbo,inceptiontime,V5,STTC,single,morphology,5,633,0.6988,0.7109,0.9345,0.0121,0.0170,-0.0093,0.0329,0.0069,0.1576,False,ok,repolarization,False,indeterminate,sufficient,sufficient,sufficient,sufficient,sufficient
ningbo,inceptiontime,V5,LVH,single,morphology,5,710,0.8648,0.8882,0.9616,0.0234,0.0264,0.0103,0.0373,0.0054,0.0033,False,ok,hypertrophy,False,indeterminate,sufficient,sufficient,sufficient,sufficient,sufficient
ningbo,inceptiontime,V5,RBBB,single,morphology,5,193,0.9077,0.9742,0.9913,0.0665,0.0682,0.0429,0.0926,0.0100,0.0017,False,ok,conduction,False,loss,indeterminate,sufficient,indeterminate,sufficient,indeterminate
ningbo,inceptiontime,V6,AF,single,rhythm,5,0,,,,,,,,,,False,ok,rhythm,False,na,na,na,na,na,na
ningbo,inceptiontime,V6,AFL,single,rhythm,5,1140,,,,,,,,,,False,ok,rhythm,False,na,na,na,na,na,na
ningbo,inceptiontime,V6,TWC,single,morphology,5,774,0.6340,0.6996,0.8977,0.0656,0.0937,0.0411,0.0870,0.0101,0.0017,False,ok,repolarization,False,loss,indeterminate,sufficient,loss,indeterminate,indeterminate
ningbo,inceptiontime,V6,LAD,single,morphology,5,175,0.1854,0.6208,0.8711,0.4355,0.7014,0.3649,0.5024,0.0279,0.0017,True,B_confusion,axis,False,loss,loss,loss,loss,loss,loss
ningbo,inceptiontime,V6,SB,single,rhythm,5,1899,0.9926,0.9943,0.9976,0.0017,0.0017,-0.0013,0.0052,0.0025,0.1905,False,ok,rhythm,False,sufficient,sufficient,sufficient,sufficient,sufficient,sufficient
ningbo,inceptiontime,V6,SVT,single,rhythm,5,19,0.3042,0.2705,0.9461,-0.0337,-0.1245,-0.2707,0.2029,0.0574,0.6786,False,ok,rhythm,True,indeterminate,indeterminate,indeterminate,indeterminate,indeterminate,indeterminate
ningbo,inceptiontime,V6,SR,single,rhythm,5,942,0.9162,0.9377,0.9806,0.0215,0.0229,0.0107,0.0321,0.0122,0.0017,False,ok,rhythm,False,indeterminate,sufficient,sufficient,sufficient,sufficient,sufficient
ningbo,inceptiontime,V6,ST,single,rhythm,5,852,0.9692,0.9926,0.9934,0.0234,0.0236,0.0183,0.0293,0.0019,0.0017,False,ok,rhythm,False,indeterminate,sufficient,sufficient,sufficient,sufficient,sufficient
ningbo,inceptiontime,V6,STTC,single,morphology,5,633,0.6918,0.7109,0.9281,0.0191,0.0269,-0.0018,0.0403,0.0112,0.0457,False,ok,repolarization,False,indeterminate,sufficient,sufficient,indeterminate,sufficient,sufficient
ningbo,inceptiontime,V6,LVH,single,morphology,5,710,0.7642,0.8882,0.9389,0.1240,0.1396,0.1024,0.1445,0.0059,0.0017,False,ok,hypertrophy,False,loss,loss,loss,loss,loss,loss
ningbo,inceptiontime,V6,RBBB,single,morphology,5,193,0.9008,0.9742,0.9912,0.0734,0.0754,0.0473,0.1012,0.0064,0.0017,False,ok,conduction,False,loss,indeterminate,indeterminate,indeterminate,indeterminate,indeterminate
ningbo,inceptiontime,ALL,AF,ceiling,rhythm,5,0,,,,,,,,,,False,ok,rhythm,False,na,na,na,na,na,na
ningbo,inceptiontime,ALL,AFL,ceiling,rhythm,5,1140,,,,,,,,,,False,ok,rhythm,False,na,na,na,na,na,na
ningbo,inceptiontime,ALL,TWC,ceiling,morphology,5,774,0.6996,0.6996,0.9303,0.0000,0.0000,,,0.0000,,False,ok,repolarization,False,na,na,na,na,na,na
ningbo,inceptiontime,ALL,LAD,ceiling,morphology,5,175,0.6208,0.6208,0.9838,0.0000,0.0000,,,0.0000,,False,ok,axis,False,na,na,na,na,na,na
ningbo,inceptiontime,ALL,SB,ceiling,rhythm,5,1899,0.9943,0.9943,0.9981,0.0000,0.0000,,,0.0000,,False,ok,rhythm,False,na,na,na,na,na,na
ningbo,inceptiontime,ALL,SVT,ceiling,rhythm,5,19,0.2705,0.2705,0.9441,0.0000,0.0000,,,0.0000,,False,ok,rhythm,True,na,na,na,na,na,na
ningbo,inceptiontime,ALL,SR,ceiling,rhythm,5,942,0.9377,0.9377,0.9852,0.0000,0.0000,,,0.0000,,False,ok,rhythm,False,na,na,na,na,na,na
ningbo,inceptiontime,ALL,ST,ceiling,rhythm,5,852,0.9926,0.9926,0.9981,0.0000,0.0000,,,0.0000,,False,ok,rhythm,False,na,na,na,na,na,na
ningbo,inceptiontime,ALL,STTC,ceiling,morphology,5,633,0.7109,0.7109,0.9424,0.0000,0.0000,,,0.0000,,False,ok,repolarization,False,na,na,na,na,na,na
ningbo,inceptiontime,ALL,LVH,ceiling,morphology,5,710,0.8882,0.8882,0.9765,0.0000,0.0000,,,0.0000,,False,ok,hypertrophy,False,na,na,na,na,na,na
ningbo,inceptiontime,ALL,RBBB,ceiling,morphology,5,193,0.9742,0.9742,0.9973,0.0000,0.0000,,,0.0000,,False,ok,conduction,False,na,na,na,na,na,na
ningbo,inceptiontime,I+II,AF,device,rhythm,5,0,,,,,,,,,,False,ok,rhythm,False,na,na,na,na,na,na
ningbo,inceptiontime,I+II,AFL,device,rhythm,5,1140,,,,,,,,,,False,ok,rhythm,False,na,na,na,na,na,na
ningbo,inceptiontime,I+II,TWC,device,morphology,5,774,0.6052,0.6996,0.8968,0.0944,0.1349,0.0742,0.1133,0.0107,0.0031,False,ok,repolarization,False,loss,loss,indeterminate,loss,loss,loss
ningbo,inceptiontime,I+II,LAD,device,morphology,5,175,0.6548,0.6208,0.9868,-0.0340,-0.0547,-0.0734,0.0076,0.0344,1.0000,False,ok,axis,False,sufficient,sufficient,sufficient,sufficient,sufficient,sufficient
ningbo,inceptiontime,I+II,SB,device,rhythm,5,1899,0.9947,0.9943,0.9982,-0.0004,-0.0004,-0.0015,0.0004,0.0022,1.0000,False,ok,rhythm,False,sufficient,sufficient,sufficient,sufficient,sufficient,sufficient
ningbo,inceptiontime,I+II,SVT,device,rhythm,5,19,0.3450,0.2705,0.9442,-0.0745,-0.2754,-0.2561,0.0913,0.0501,1.0000,False,ok,rhythm,True,indeterminate,indeterminate,sufficient,indeterminate,indeterminate,indeterminate
ningbo,inceptiontime,I+II,SR,device,rhythm,5,942,0.9307,0.9377,0.9840,0.0069,0.0074,0.0000,0.0138,0.0098,0.0666,False,ok,rhythm,False,sufficient,sufficient,sufficient,sufficient,sufficient,sufficient
ningbo,inceptiontime,I+II,ST,device,rhythm,5,852,0.9929,0.9926,0.9984,-0.0003,-0.0003,-0.0018,0.0014,0.0019,0.9191,False,ok,rhythm,False,sufficient,sufficient,sufficient,sufficient,sufficient,sufficient
ningbo,inceptiontime,I+II,STTC,device,morphology,5,633,0.6547,0.7109,0.9292,0.0562,0.0790,0.0354,0.0752,0.0124,0.0031,False,ok,repolarization,False,loss,indeterminate,sufficient,indeterminate,indeterminate,indeterminate
ningbo,inceptiontime,I+II,LVH,device,morphology,5,710,0.5102,0.8882,0.8541,0.3780,0.4256,0.3426,0.4120,0.0112,0.0031,True,B_confusion,hypertrophy,False,loss,loss,loss,loss,loss,loss
ningbo,inceptiontime,I+II,RBBB,device,morphology,5,193,0.9593,0.9742,0.9967,0.0149,0.0153,0.0043,0.0278,0.0085,0.0057,False,ok,conduction,False,indeterminate,sufficient,sufficient,sufficient,sufficient,sufficient
ningbo,inceptiontime,LIMB6,AF,device,rhythm,5,0,,,,,,,,,,False,ok,rhythm,False,na,na,na,na,na,na
ningbo,inceptiontime,LIMB6,AFL,device,rhythm,5,1140,,,,,,,,,,False,ok,rhythm,False,na,na,na,na,na,na
ningbo,inceptiontime,LIMB6,TWC,device,morphology,5,774,0.6089,0.6996,0.8984,0.0907,0.1296,0.0704,0.1102,0.0107,0.0031,False,ok,repolarization,False,loss,loss,indeterminate,loss,loss,loss
ningbo,inceptiontime,LIMB6,LAD,device,morphology,5,175,0.6686,0.6208,0.9874,-0.0477,-0.0769,-0.0924,-0.0038,0.0441,1.0000,False,ok,axis,False,sufficient,sufficient,sufficient,sufficient,sufficient,sufficient
ningbo,inceptiontime,LIMB6,SB,device,rhythm,5,1899,0.9942,0.9943,0.9982,0.0001,0.0001,-0.0011,0.0016,0.0028,0.7848,False,ok,rhythm,False,sufficient,sufficient,sufficient,sufficient,sufficient,sufficient
ningbo,inceptiontime,LIMB6,SVT,device,rhythm,5,19,0.3087,0.2705,0.9428,-0.0382,-0.1411,-0.2058,0.1155,0.0557,0.9976,False,ok,rhythm,True,indeterminate,indeterminate,indeterminate,indeterminate,indeterminate,indeterminate
ningbo,inceptiontime,LIMB6,SR,device,rhythm,5,942,0.9312,0.9377,0.9841,0.0065,0.0069,-0.0006,0.0129,0.0125,0.0949,False,ok,rhythm,False,sufficient,sufficient,sufficient,sufficient,sufficient,sufficient
ningbo,inceptiontime,LIMB6,ST,device,rhythm,5,852,0.9924,0.9926,0.9975,0.0002,0.0002,-0.0012,0.0019,0.0025,0.6684,False,ok,rhythm,False,sufficient,sufficient,sufficient,sufficient,sufficient,sufficient
ningbo,inceptiontime,LIMB6,STTC,device,morphology,5,633,0.6579,0.7109,0.9307,0.0531,0.0747,0.0319,0.0725,0.0137,0.0031,False,ok,repolarization,False,loss,indeterminate,sufficient,indeterminate,indeterminate,indeterminate
ningbo,inceptiontime,LIMB6,LVH,device,morphology,5,710,0.5087,0.8882,0.8538,0.3795,0.4273,0.3444,0.4142,0.0059,0.0031,True,B_confusion,hypertrophy,False,loss,loss,loss,loss,loss,loss
ningbo,inceptiontime,LIMB6,RBBB,device,morphology,5,193,0.9545,0.9742,0.9963,0.0197,0.0202,0.0078,0.0341,0.0111,0.0031,False,ok,conduction,False,indeterminate,sufficient,sufficient,sufficient,sufficient,sufficient
ningbo,inceptiontime,CH3,AF,device,rhythm,5,0,,,,,,,,,,False,ok,rhythm,False,na,na,na,na,na,na
ningbo,inceptiontime,CH3,AFL,device,rhythm,5,1140,,,,,,,,,,False,ok,rhythm,False,na,na,na,na,na,na
ningbo,inceptiontime,CH3,TWC,device,morphology,5,774,0.6093,0.6996,0.9094,0.0903,0.1291,0.0701,0.1117,0.0031,0.0031,False,ok,repolarization,False,loss,loss,indeterminate,loss,loss,loss
ningbo,inceptiontime,CH3,LAD,device,morphology,5,175,0.6519,0.6208,0.9854,-0.0311,-0.0500,-0.0644,0.0010,0.0234,1.0000,False,ok,axis,False,sufficient,sufficient,sufficient,sufficient,sufficient,sufficient
ningbo,inceptiontime,CH3,SB,device,rhythm,5,1899,0.9964,0.9943,0.9985,-0.0021,-0.0021,-0.0046,-0.0003,0.0013,1.0000,False,ok,rhythm,False,sufficient,sufficient,sufficient,sufficient,sufficient,sufficient
ningbo,inceptiontime,CH3,SVT,device,rhythm,5,19,0.3553,0.2705,0.9699,-0.0848,-0.3135,-0.2046,0.0689,0.0432,1.0000,False,ok,rhythm,True,indeterminate,indeterminate,sufficient,indeterminate,indeterminate,indeterminate
ningbo,inceptiontime,CH3,SR,device,rhythm,5,942,0.9375,0.9377,0.9852,0.0002,0.0002,-0.0051,0.0054,0.0068,0.7848,False,ok,rhythm,False,sufficient,sufficient,sufficient,sufficient,sufficient,sufficient
ningbo,inceptiontime,CH3,ST,device,rhythm,5,852,0.9935,0.9926,0.9986,-0.0009,-0.0009,-0.0024,0.0006,0.0018,1.0000,False,ok,rhythm,False,sufficient,sufficient,sufficient,sufficient,sufficient,sufficient
ningbo,inceptiontime,CH3,STTC,device,morphology,5,633,0.6720,0.7109,0.9312,0.0389,0.0547,0.0185,0.0584,0.0116,0.0031,False,ok,repolarization,False,indeterminate,indeterminate,sufficient,indeterminate,sufficient,indeterminate
ningbo,inceptiontime,CH3,LVH,device,morphology,5,710,0.5714,0.8882,0.8775,0.3168,0.3567,0.2842,0.3533,0.0055,0.0031,True,B_confusion,hypertrophy,False,loss,loss,loss,loss,loss,loss
ningbo,inceptiontime,CH3,RBBB,device,morphology,5,193,0.9708,0.9742,0.9979,0.0034,0.0035,-0.0056,0.0132,0.0055,0.4951,False,ok,conduction,False,sufficient,sufficient,sufficient,sufficient,sufficient,sufficient
ningbo,inceptiontime,CH4,AF,device,rhythm,5,0,,,,,,,,,,False,ok,rhythm,False,na,na,na,na,na,na
ningbo,inceptiontime,CH4,AFL,device,rhythm,5,1140,,,,,,,,,,False,ok,rhythm,False,na,na,na,na,na,na
ningbo,inceptiontime,CH4,TWC,device,morphology,5,774,0.6157,0.6996,0.9078,0.0839,0.1199,0.0652,0.1043,0.0149,0.0031,False,ok,repolarization,False,loss,loss,indeterminate,loss,indeterminate,loss
ningbo,inceptiontime,CH4,LAD,device,morphology,5,175,0.6344,0.6208,0.9846,-0.0136,-0.0219,-0.0462,0.0184,0.0261,1.0000,False,ok,axis,False,sufficient,sufficient,sufficient,sufficient,sufficient,sufficient
ningbo,inceptiontime,CH4,SB,device,rhythm,5,1899,0.9954,0.9943,0.9984,-0.0011,-0.0011,-0.0021,-0.0003,0.0021,1.0000,False,ok,rhythm,False,sufficient,sufficient,sufficient,sufficient,sufficient,sufficient
ningbo,inceptiontime,CH4,SVT,device,rhythm,5,19,0.2635,0.2705,0.9710,0.0070,0.0258,-0.0834,0.1264,0.0680,0.6684,False,ok,rhythm,True,indeterminate,indeterminate,indeterminate,indeterminate,indeterminate,indeterminate
ningbo,inceptiontime,CH4,SR,device,rhythm,5,942,0.9358,0.9377,0.9844,0.0019,0.0020,-0.0032,0.0072,0.0126,0.5447,False,ok,rhythm,False,sufficient,sufficient,sufficient,sufficient,sufficient,sufficient
ningbo,inceptiontime,CH4,ST,device,rhythm,5,852,0.9927,0.9926,0.9983,-0.0001,-0.0001,-0.0021,0.0019,0.0017,0.8899,False,ok,rhythm,False,sufficient,sufficient,sufficient,sufficient,sufficient,sufficient
ningbo,inceptiontime,CH4,STTC,device,morphology,5,633,0.6703,0.7109,0.9315,0.0406,0.0571,0.0224,0.0585,0.0043,0.0031,False,ok,repolarization,False,loss,indeterminate,sufficient,indeterminate,sufficient,indeterminate
ningbo,inceptiontime,CH4,LVH,device,morphology,5,710,0.5600,0.8882,0.8743,0.3282,0.3695,0.2944,0.3642,0.0114,0.0031,True,B_confusion,hypertrophy,False,loss,loss,loss,loss,loss,loss
ningbo,inceptiontime,CH4,RBBB,device,morphology,5,193,0.9698,0.9742,0.9977,0.0044,0.0045,-0.0053,0.0145,0.0081,0.4302,False,ok,conduction,False,sufficient,sufficient,sufficient,sufficient,sufficient,sufficient
ptbxl_snomed,seresnet,I,AF,single,rhythm,5,152,0.8841,0.9256,0.9775,0.0416,0.0449,0.0129,0.0789,0.0317,0.0082,False,ok,rhythm,False,indeterminate,indeterminate,sufficient,indeterminate,sufficient,indeterminate
ptbxl_snomed,seresnet,I,AFL,single,rhythm,5,7,0.2246,0.6375,0.8588,0.4129,0.6477,-0.0115,0.7329,0.0548,0.0649,False,ok,rhythm,False,indeterminate,indeterminate,indeterminate,indeterminate,indeterminate,indeterminate
ptbxl_snomed,seresnet,I,TWC,single,morphology,5,232,0.4051,0.5834,0.8312,0.1783,0.3056,0.1151,0.2401,0.0143,0.0031,True,B_confusion,repolarization,False,loss,loss,loss,loss,loss,loss
ptbxl_snomed,seresnet,I,LAD,single,morphology,5,528,0.4356,0.8157,0.7268,0.3801,0.4660,0.3384,0.4133,0.0095,0.0031,True,B_confusion,axis,False,loss,loss,loss,loss,loss,loss
ptbxl_snomed,seresnet,I,SB,single,rhythm,5,64,0.4729,0.5170,0.9560,0.0442,0.0855,-0.0296,0.1181,0.0578,0.2489,False,ok,rhythm,False,indeterminate,indeterminate,indeterminate,indeterminate,indeterminate,indeterminate
ptbxl_snomed,seresnet,I,SVT,single,rhythm,5,3,0.2524,0.1894,0.9953,-0.0630,-0.3326,-0.3980,0.1381,0.1533,0.7268,False,ok,rhythm,True,indeterminate,indeterminate,indeterminate,indeterminate,indeterminate,indeterminate
ptbxl_snomed,seresnet,I,SR,single,rhythm,5,1826,0.9785,0.9836,0.9189,0.0050,0.0051,0.0018,0.0083,0.0011,0.0082,False,ok,rhythm,False,sufficient,sufficient,sufficient,sufficient,sufficient,sufficient
ptbxl_snomed,seresnet,I,ST,single,rhythm,5,82,0.8878,0.8908,0.9944,0.0030,0.0034,-0.0318,0.0397,0.0079,0.5288,False,ok,rhythm,False,indeterminate,sufficient,sufficient,sufficient,sufficient,sufficient
ptbxl_snomed,seresnet,I,STTC,single,morphology,5,109,0.2053,0.2558,0.8406,0.0505,0.1973,-0.0060,0.0995,0.0229,0.0799,False,ok,repolarization,True,indeterminate,indeterminate,sufficient,indeterminate,indeterminate,indeterminate
ptbxl_snomed,seresnet,I,LVH,single,morphology,5,234,0.4944,0.7597,0.8415,0.2653,0.3492,0.2087,0.3185,0.0091,0.0031,True,B_confusion,hypertrophy,False,loss,loss,loss,loss,loss,loss
ptbxl_snomed,seresnet,I,RBBB,single,morphology,5,54,0.8250,0.8961,0.9954,0.0711,0.0793,-0.0166,0.1709,0.0360,0.1224,False,ok,conduction,False,indeterminate,indeterminate,indeterminate,indeterminate,indeterminate,indeterminate
ptbxl_snomed,seresnet,II,AF,single,rhythm,5,152,0.9236,0.9256,0.9847,0.0020,0.0022,-0.0229,0.0230,0.0112,0.5315,False,ok,rhythm,False,indeterminate,sufficient,sufficient,sufficient,sufficient,sufficient
ptbxl_snomed,seresnet,II,AFL,single,rhythm,5,7,0.7396,0.6375,0.9189,-0.1021,-0.1602,-0.3208,0.0005,0.0273,0.9001,False,ok,rhythm,False,sufficient,sufficient,sufficient,sufficient,sufficient,sufficient
ptbxl_snomed,seresnet,II,TWC,single,morphology,5,232,0.3844,0.5834,0.8384,0.1990,0.3412,0.1375,0.2540,0.0153,0.0031,True,B_confusion,repolarization,False,loss,loss,loss,loss,loss,loss
ptbxl_snomed,seresnet,II,LAD,single,morphology,5,528,0.7063,0.8157,0.8856,0.1094,0.1341,0.0830,0.1377,0.0125,0.0031,False,ok,axis,False,loss,loss,indeterminate,loss,loss,loss
ptbxl_snomed,seresnet,II,SB,single,rhythm,5,64,0.5596,0.5170,0.9532,-0.0425,-0.0823,-0.0990,0.0314,0.0600,0.8602,False,ok,rhythm,False,indeterminate,sufficient,sufficient,indeterminate,sufficient,sufficient
ptbxl_snomed,seresnet,II,SVT,single,rhythm,5,3,0.1149,0.1894,0.9927,0.0745,0.3932,0.0000,0.3944,0.0406,0.0837,False,ok,rhythm,True,indeterminate,indeterminate,indeterminate,indeterminate,indeterminate,indeterminate
ptbxl_snomed,seresnet,II,SR,single,rhythm,5,1826,0.9777,0.9836,0.9218,0.0059,0.0060,0.0013,0.0112,0.0012,0.0031,False,ok,rhythm,False,sufficient,sufficient,sufficient,sufficient,sufficient,sufficient
ptbxl_snomed,seresnet,II,ST,single,rhythm,5,82,0.9006,0.8908,0.9952,-0.0098,-0.0110,-0.0488,0.0255,0.0057,0.6961,False,ok,rhythm,False,indeterminate,sufficient,sufficient,sufficient,sufficient,sufficient
ptbxl_snomed,seresnet,II,STTC,single,morphology,5,109,0.1997,0.2558,0.8308,0.0561,0.2193,-0.0001,0.1096,0.0123,0.0574,False,ok,repolarization,True,indeterminate,indeterminate,indeterminate,indeterminate,indeterminate,indeterminate
ptbxl_snomed,seresnet,II,LVH,single,morphology,5,234,0.4123,0.7597,0.8101,0.3473,0.4572,0.2847,0.4009,0.0229,0.0031,True,B_confusion,hypertrophy,False,loss,loss,loss,loss,loss,loss
ptbxl_snomed,seresnet,II,RBBB,single,morphology,5,54,0.5496,0.8961,0.9742,0.3465,0.3866,0.2093,0.4729,0.0462,0.0031,True,B_confusion,conduction,False,loss,loss,loss,loss,loss,loss
ptbxl_snomed,seresnet,III,AF,single,rhythm,5,152,0.8943,0.9256,0.9745,0.0313,0.0339,0.0061,0.0588,0.0308,0.0244,False,ok,rhythm,False,indeterminate,indeterminate,sufficient,indeterminate,sufficient,indeterminate
ptbxl_snomed,seresnet,III,AFL,single,rhythm,5,7,0.5588,0.6375,0.9527,0.0787,0.1234,-0.2547,0.4066,0.0202,0.5431,False,ok,rhythm,False,indeterminate,indeterminate,indeterminate,indeterminate,indeterminate,indeterminate
ptbxl_snomed,seresnet,III,TWC,single,morphology,5,232,0.1688,0.5834,0.6665,0.4146,0.7106,0.3510,0.4775,0.0118,0.0031,True,B_confusion,repolarization,False,loss,loss,loss,loss,loss,loss
ptbxl_snomed,seresnet,III,LAD,single,morphology,5,528,0.6477,0.8157,0.8827,0.1680,0.2059,0.1331,0.1991,0.0272,0.0031,True,B_confusion,axis,False,loss,loss,loss,loss,loss,loss
ptbxl_snomed,seresnet,III,SB,single,rhythm,5,64,0.5368,0.5170,0.9447,-0.0198,-0.0382,-0.0905,0.0671,0.0468,0.6637,False,ok,rhythm,False,indeterminate,indeterminate,sufficient,indeterminate,indeterminate,indeterminate
ptbxl_snomed,seresnet,III,SVT,single,rhythm,5,3,0.1393,0.1894,0.9911,0.0501,0.2646,-0.1773,0.2720,0.0412,0.2841,False,ok,rhythm,True,indeterminate,indeterminate,indeterminate,indeterminate,indeterminate,indeterminate
ptbxl_snomed,seresnet,III,SR,single,rhythm,5,1826,0.9747,0.9836,0.9099,0.0089,0.0090,0.0045,0.0135,0.0013,0.0031,False,ok,rhythm,False,sufficient,sufficient,sufficient,sufficient,sufficient,sufficient
ptbxl_snomed,seresnet,III,ST,single,rhythm,5,82,0.8925,0.8908,0.9956,-0.0017,-0.0019,-0.0433,0.0475,0.0117,0.6226,False,ok,rhythm,False,indeterminate,sufficient,sufficient,indeterminate,sufficient,sufficient
ptbxl_snomed,seresnet,III,STTC,single,morphology,5,109,0.1277,0.2558,0.7330,0.1281,0.5009,0.0719,0.1901,0.0209,0.0031,False,ok,repolarization,True,loss,loss,indeterminate,loss,loss,loss
ptbxl_snomed,seresnet,III,LVH,single,morphology,5,234,0.4033,0.7597,0.7882,0.3564,0.4691,0.2955,0.4161,0.0084,0.0031,True,B_confusion,hypertrophy,False,loss,loss,loss,loss,loss,loss
ptbxl_snomed,seresnet,III,RBBB,single,morphology,5,54,0.7451,0.8961,0.9788,0.1510,0.1685,0.0422,0.2598,0.0378,0.0082,True,B_confusion,conduction,False,loss,indeterminate,indeterminate,indeterminate,indeterminate,indeterminate
ptbxl_snomed,seresnet,aVR,AF,single,rhythm,5,152,0.9282,0.9256,0.9888,-0.0026,-0.0028,-0.0301,0.0196,0.0296,0.6162,False,ok,rhythm,False,sufficient,sufficient,sufficient,sufficient,sufficient,sufficient
ptbxl_snomed,seresnet,aVR,AFL,single,rhythm,5,7,0.6474,0.6375,0.9065,-0.0100,-0.0156,-0.2147,0.2503,0.0540,0.6483,False,ok,rhythm,False,indeterminate,indeterminate,indeterminate,indeterminate,indeterminate,indeterminate
ptbxl_snomed,seresnet,aVR,TWC,single,morphology,5,232,0.4332,0.5834,0.8596,0.1502,0.2575,0.0915,0.2102,0.0106,0.0031,True,B_confusion,repolarization,False,loss,loss,indeterminate,loss,loss,loss
ptbxl_snomed,seresnet,aVR,LAD,single,morphology,5,528,0.5319,0.8157,0.7798,0.2838,0.3479,0.2412,0.3236,0.0251,0.0031,True,B_confusion,axis,False,loss,loss,loss,loss,loss,loss
ptbxl_snomed,seresnet,aVR,SB,single,rhythm,5,64,0.5382,0.5170,0.9522,-0.0212,-0.0410,-0.0903,0.0508,0.0501,0.7268,False,ok,rhythm,False,indeterminate,indeterminate,sufficient,indeterminate,sufficient,indeterminate
ptbxl_snomed,seresnet,aVR,SVT,single,rhythm,5,3,0.2122,0.1894,0.9967,-0.0228,-0.1203,-0.2750,0.3000,0.1335,0.6961,False,ok,rhythm,True,indeterminate,indeterminate,indeterminate,indeterminate,indeterminate,indeterminate
ptbxl_snomed,seresnet,aVR,SR,single,rhythm,5,1826,0.9808,0.9836,0.9289,0.0027,0.0028,-0.0001,0.0065,0.0007,0.0649,False,ok,rhythm,False,sufficient,sufficient,sufficient,sufficient,sufficient,sufficient
ptbxl_snomed,seresnet,aVR,ST,single,rhythm,5,82,0.9065,0.8908,0.9953,-0.0158,-0.0177,-0.0422,0.0076,0.0183,0.8858,False,ok,rhythm,False,sufficient,sufficient,sufficient,sufficient,sufficient,sufficient
ptbxl_snomed,seresnet,aVR,STTC,single,morphology,5,109,0.2095,0.2558,0.8436,0.0462,0.1808,-0.0081,0.1008,0.0134,0.0853,False,ok,repolarization,True,indeterminate,indeterminate,indeterminate,indeterminate,indeterminate,indeterminate
ptbxl_snomed,seresnet,aVR,LVH,single,morphology,5,234,0.5076,0.7597,0.8495,0.2521,0.3318,0.1941,0.3048,0.0202,0.0031,True,B_confusion,hypertrophy,False,loss,loss,loss,loss,loss,loss
ptbxl_snomed,seresnet,aVR,RBBB,single,morphology,5,54,0.8103,0.8961,0.9952,0.0858,0.0958,-0.0019,0.1897,0.0587,0.0649,False,ok,conduction,False,indeterminate,indeterminate,indeterminate,indeterminate,indeterminate,indeterminate
ptbxl_snomed,seresnet,aVL,AF,single,rhythm,5,152,0.8788,0.9256,0.9742,0.0468,0.0506,0.0078,0.0878,0.0174,0.0224,False,ok,rhythm,False,indeterminate,indeterminate,sufficient,indeterminate,sufficient,indeterminate
ptbxl_snomed,seresnet,aVL,AFL,single,rhythm,5,7,0.5334,0.6375,0.9223,0.1040,0.1632,-0.1936,0.4423,0.0750,0.4147,False,ok,rhythm,False,indeterminate,indeterminate,indeterminate,indeterminate,indeterminate,indeterminate
ptbxl_snomed,seresnet,aVL,TWC,single,morphology,5,232,0.2930,0.5834,0.7881,0.2904,0.4978,0.2239,0.3513,0.0238,0.0031,True,B_confusion,repolarization,False,loss,loss,loss,loss,loss,loss
ptbxl_snomed,seresnet,aVL,LAD,single,morphology,5,528,0.5910,0.8157,0.8392,0.2247,0.2755,0.1838,0.2623,0.0118,0.0031,True,B_confusion,axis,False,loss,loss,loss,loss,loss,loss
ptbxl_snomed,seresnet,aVL,SB,single,rhythm,5,64,0.5288,0.5170,0.9437,-0.0117,-0.0227,-0.0914,0.0737,0.0614,0.6495,False,ok,rhythm,False,indeterminate,indeterminate,sufficient,indeterminate,indeterminate,indeterminate
ptbxl_snomed,seresnet,aVL,SVT,single,rhythm,5,3,0.2028,0.1894,0.9929,-0.0134,-0.0707,-0.2500,0.0749,0.0641,0.6257,False,ok,rhythm,True,indeterminate,indeterminate,sufficient,indeterminate,indeterminate,indeterminate
ptbxl_snomed,seresnet,aVL,SR,single,rhythm,5,1826,0.9772,0.9836,0.9186,0.0063,0.0065,0.0019,0.0115,0.0020,0.0129,False,ok,rhythm,False,sufficient,sufficient,sufficient,sufficient,sufficient,sufficient
ptbxl_snomed,seresnet,aVL,ST,single,rhythm,5,82,0.8805,0.8908,0.9950,0.0103,0.0115,-0.0249,0.0467,0.0195,0.3911,False,ok,rhythm,False,indeterminate,sufficient,sufficient,indeterminate,sufficient,sufficient
ptbxl_snomed,seresnet,aVL,STTC,single,morphology,5,109,0.1645,0.2558,0.8332,0.0913,0.3569,0.0418,0.1430,0.0318,0.0031,False,ok,repolarization,True,loss,indeterminate,indeterminate,loss,loss,indeterminate
ptbxl_snomed,seresnet,aVL,LVH,single,morphology,5,234,0.4409,0.7597,0.8131,0.3188,0.4197,0.2587,0.3804,0.0131,0.0031,True,B_confusion,hypertrophy,False,loss,loss,loss,loss,loss,loss
ptbxl_snomed,seresnet,aVL,RBBB,single,morphology,5,54,0.7970,0.8961,0.9923,0.0991,0.1106,0.0035,0.1963,0.0162,0.0462,False,ok,conduction,False,indeterminate,indeterminate,indeterminate,indeterminate,indeterminate,indeterminate
ptbxl_snomed,seresnet,aVF,AF,single,rhythm,5,152,0.9098,0.9256,0.9804,0.0158,0.0171,-0.0052,0.0402,0.0186,0.1391,False,ok,rhythm,False,indeterminate,sufficient,sufficient,sufficient,sufficient,sufficient
ptbxl_snomed,seresnet,aVF,AFL,single,rhythm,5,7,0.6403,0.6375,0.9366,-0.0028,-0.0044,-0.2337,0.2165,0.0666,0.6691,False,ok,rhythm,False,indeterminate,indeterminate,indeterminate,indeterminate,indeterminate,indeterminate
ptbxl_snomed,seresnet,aVF,TWC,single,morphology,5,232,0.2903,0.5834,0.7773,0.2931,0.5024,0.2271,0.3491,0.0166,0.0031,True,B_confusion,repolarization,False,loss,loss,loss,loss,loss,loss
ptbxl_snomed,seresnet,aVF,LAD,single,morphology,5,528,0.7241,0.8157,0.9135,0.0916,0.1123,0.0637,0.1202,0.0138,0.0031,False,ok,axis,False,loss,loss,indeterminate,loss,indeterminate,loss
ptbxl_snomed,seresnet,aVF,SB,single,rhythm,5,64,0.5451,0.5170,0.9509,-0.0280,-0.0542,-0.1099,0.0704,0.0635,0.7015,False,ok,rhythm,False,indeterminate,indeterminate,sufficient,indeterminate,indeterminate,indeterminate
ptbxl_snomed,seresnet,aVF,SVT,single,rhythm,5,3,0.1104,0.1894,0.9748,0.0790,0.4170,-0.1055,0.3117,0.0611,0.1629,False,ok,rhythm,True,indeterminate,indeterminate,indeterminate,indeterminate,indeterminate,indeterminate
ptbxl_snomed,seresnet,aVF,SR,single,rhythm,5,1826,0.9779,0.9836,0.9186,0.0056,0.0057,0.0020,0.0096,0.0023,0.0031,False,ok,rhythm,False,sufficient,sufficient,sufficient,sufficient,sufficient,sufficient
ptbxl_snomed,seresnet,aVF,ST,single,rhythm,5,82,0.8882,0.8908,0.9954,0.0026,0.0029,-0.0452,0.0605,0.0212,0.5810,False,ok,rhythm,False,indeterminate,indeterminate,sufficient,indeterminate,sufficient,indeterminate
ptbxl_snomed,seresnet,aVF,STTC,single,morphology,5,109,0.1957,0.2558,0.8058,0.0601,0.2349,0.0018,0.1212,0.0193,0.0497,False,ok,repolarization,True,indeterminate,indeterminate,indeterminate,indeterminate,indeterminate,indeterminate
ptbxl_snomed,seresnet,aVF,LVH,single,morphology,5,234,0.4052,0.7597,0.8005,0.3545,0.4666,0.2895,0.4131,0.0087,0.0031,True,B_confusion,hypertrophy,False,loss,loss,loss,loss,loss,loss
ptbxl_snomed,seresnet,aVF,RBBB,single,morphology,5,54,0.7332,0.8961,0.9748,0.1629,0.1818,0.0532,0.2840,0.0472,0.0105,True,B_confusion,conduction,False,loss,loss,indeterminate,loss,indeterminate,loss
ptbxl_snomed,seresnet,V1,AF,single,rhythm,5,152,0.9234,0.9256,0.9781,0.0023,0.0024,-0.0272,0.0281,0.0052,0.5431,False,ok,rhythm,False,indeterminate,sufficient,sufficient,sufficient,sufficient,sufficient
ptbxl_snomed,seresnet,V1,AFL,single,rhythm,5,7,0.2284,0.6375,0.9124,0.4090,0.6417,0.0492,0.6809,0.0593,0.0364,True,B_confusion,rhythm,False,loss,indeterminate,indeterminate,loss,indeterminate,indeterminate
ptbxl_snomed,seresnet,V1,TWC,single,morphology,5,232,0.2318,0.5834,0.7054,0.3516,0.6028,0.2777,0.4224,0.0035,0.0031,True,B_confusion,repolarization,False,loss,loss,loss,loss,loss,loss
ptbxl_snomed,seresnet,V1,LAD,single,morphology,5,528,0.4043,0.8157,0.7081,0.4114,0.5043,0.3720,0.4476,0.0177,0.0031,True,B_confusion,axis,False,loss,loss,loss,loss,loss,loss
ptbxl_snomed,seresnet,V1,SB,single,rhythm,5,64,0.4757,0.5170,0.9454,0.0414,0.0801,-0.0350,0.1215,0.0320,0.2432,False,ok,rhythm,False,indeterminate,indeterminate,indeterminate,indeterminate,indeterminate,indeterminate
ptbxl_snomed,seresnet,V1,SVT,single,rhythm,5,3,0.1885,0.1894,0.9948,0.0009,0.0049,-0.3429,0.3220,0.1517,0.5828,False,ok,rhythm,True,indeterminate,indeterminate,indeterminate,indeterminate,indeterminate,indeterminate
ptbxl_snomed,seresnet,V1,SR,single,rhythm,5,1826,0.9791,0.9836,0.9206,0.0045,0.0046,0.0010,0.0082,0.0018,0.0105,False,ok,rhythm,False,sufficient,sufficient,sufficient,sufficient,sufficient,sufficient
ptbxl_snomed,seresnet,V1,ST,single,rhythm,5,82,0.8946,0.8908,0.9943,-0.0038,-0.0043,-0.0576,0.0548,0.0190,0.6459,False,ok,rhythm,False,indeterminate,indeterminate,sufficient,indeterminate,sufficient,indeterminate
ptbxl_snomed,seresnet,V1,STTC,single,morphology,5,109,0.1717,0.2558,0.7816,0.0840,0.3286,0.0284,0.1438,0.0178,0.0082,False,ok,repolarization,True,loss,indeterminate,indeterminate,loss,loss,indeterminate
ptbxl_snomed,seresnet,V1,LVH,single,morphology,5,234,0.4480,0.7597,0.8456,0.3117,0.4103,0.2458,0.3723,0.0122,0.0031,True,B_confusion,hypertrophy,False,loss,loss,loss,loss,loss,loss
ptbxl_snomed,seresnet,V1,RBBB,single,morphology,5,54,0.9201,0.8961,0.9983,-0.0240,-0.0267,-0.0944,0.0388,0.0236,0.7582,False,ok,conduction,False,indeterminate,sufficient,sufficient,sufficient,sufficient,sufficient
ptbxl_snomed,seresnet,V2,AF,single,rhythm,5,152,0.9190,0.9256,0.9761,0.0066,0.0072,-0.0308,0.0397,0.0071,0.4566,False,ok,rhythm,False,indeterminate,sufficient,sufficient,sufficient,sufficient,sufficient
ptbxl_snomed,seresnet,V2,AFL,single,rhythm,5,7,0.4316,0.6375,0.9350,0.2059,0.3230,-0.0874,0.5658,0.0532,0.2308,False,ok,rhythm,False,indeterminate,indeterminate,indeterminate,indeterminate,indeterminate,indeterminate
ptbxl_snomed,seresnet,V2,TWC,single,morphology,5,232,0.2837,0.5834,0.7554,0.2997,0.5137,0.2238,0.3710,0.0278,0.0031,True,B_confusion,repolarization,False,loss,loss,loss,loss,loss,loss
ptbxl_snomed,seresnet,V2,LAD,single,morphology,5,528,0.4207,0.8157,0.6995,0.3950,0.4843,0.3510,0.4325,0.0240,0.0031,True,B_confusion,axis,False,loss,loss,loss,loss,loss,loss
ptbxl_snomed,seresnet,V2,SB,single,rhythm,5,64,0.5105,0.5170,0.9589,0.0066,0.0127,-0.0574,0.0682,0.0502,0.5765,False,ok,rhythm,False,indeterminate,indeterminate,sufficient,indeterminate,indeterminate,indeterminate
ptbxl_snomed,seresnet,V2,SVT,single,rhythm,5,3,0.1657,0.1894,0.9955,0.0237,0.1252,-0.1658,0.3977,0.0520,0.6094,False,ok,rhythm,True,indeterminate,indeterminate,indeterminate,indeterminate,indeterminate,indeterminate
ptbxl_snomed,seresnet,V2,SR,single,rhythm,5,1826,0.9815,0.9836,0.9267,0.0020,0.0021,-0.0017,0.0062,0.0016,0.2487,False,ok,rhythm,False,sufficient,sufficient,sufficient,sufficient,sufficient,sufficient
ptbxl_snomed,seresnet,V2,ST,single,rhythm,5,82,0.8965,0.8908,0.9950,-0.0057,-0.0064,-0.0608,0.0418,0.0187,0.6162,False,ok,rhythm,False,indeterminate,sufficient,sufficient,sufficient,sufficient,sufficient
ptbxl_snomed,seresnet,V2,STTC,single,morphology,5,109,0.1847,0.2558,0.7872,0.0710,0.2777,0.0084,0.1309,0.0131,0.0283,False,ok,repolarization,True,indeterminate,indeterminate,indeterminate,indeterminate,indeterminate,indeterminate
ptbxl_snomed,seresnet,V2,LVH,single,morphology,5,234,0.3602,0.7597,0.7875,0.3995,0.5258,0.3374,0.4560,0.0239,0.0031,True,B_confusion,hypertrophy,False,loss,loss,loss,loss,loss,loss
ptbxl_snomed,seresnet,V2,RBBB,single,morphology,5,54,0.9062,0.8961,0.9971,-0.0100,-0.0112,-0.0803,0.0534,0.0335,0.6459,False,ok,conduction,False,indeterminate,indeterminate,sufficient,indeterminate,sufficient,indeterminate
ptbxl_snomed,seresnet,V3,AF,single,rhythm,5,152,0.9205,0.9256,0.9821,0.0051,0.0055,-0.0283,0.0316,0.0123,0.4664,False,ok,rhythm,False,indeterminate,sufficient,sufficient,sufficient,sufficient,sufficient
ptbxl_snomed,seresnet,V3,AFL,single,rhythm,5,7,0.5294,0.6375,0.9313,0.1080,0.1695,-0.1136,0.3848,0.0480,0.3398,False,ok,rhythm,False,indeterminate,indeterminate,indeterminate,indeterminate,indeterminate,indeterminate
ptbxl_snomed,seresnet,V3,TWC,single,morphology,5,232,0.3697,0.5834,0.8199,0.2137,0.3663,0.1404,0.2853,0.0150,0.0031,True,B_confusion,repolarization,False,loss,loss,loss,loss,loss,loss
ptbxl_snomed,seresnet,V3,LAD,single,morphology,5,528,0.4334,0.8157,0.7186,0.3823,0.4687,0.3397,0.4185,0.0047,0.0031,True,B_confusion,axis,False,loss,loss,loss,loss,loss,loss
ptbxl_snomed,seresnet,V3,SB,single,rhythm,5,64,0.5238,0.5170,0.9584,-0.0067,-0.0130,-0.0728,0.0669,0.0535,0.6162,False,ok,rhythm,False,indeterminate,indeterminate,sufficient,indeterminate,indeterminate,indeterminate
ptbxl_snomed,seresnet,V3,SVT,single,rhythm,5,3,0.1865,0.1894,0.9956,0.0029,0.0152,-0.1369,0.2500,0.0338,0.6220,False,ok,rhythm,True,indeterminate,indeterminate,indeterminate,indeterminate,indeterminate,indeterminate
ptbxl_snomed,seresnet,V3,SR,single,rhythm,5,1826,0.9813,0.9836,0.9266,0.0022,0.0023,-0.0006,0.0055,0.0011,0.1282,False,ok,rhythm,False,sufficient,sufficient,sufficient,sufficient,sufficient,sufficient
ptbxl_snomed,seresnet,V3,ST,single,rhythm,5,82,0.8819,0.8908,0.9940,0.0089,0.0100,-0.0379,0.0559,0.0285,0.4664,False,ok,rhythm,False,indeterminate,indeterminate,sufficient,indeterminate,sufficient,indeterminate
ptbxl_snomed,seresnet,V3,STTC,single,morphology,5,109,0.1910,0.2558,0.7975,0.0647,0.2531,0.0064,0.1154,0.0258,0.0347,False,ok,repolarization,True,indeterminate,indeterminate,indeterminate,indeterminate,indeterminate,indeterminate
ptbxl_snomed,seresnet,V3,LVH,single,morphology,5,234,0.3934,0.7597,0.8029,0.3662,0.4821,0.3035,0.4235,0.0114,0.0031,True,B_confusion,hypertrophy,False,loss,loss,loss,loss,loss,loss
ptbxl_snomed,seresnet,V3,RBBB,single,morphology,5,54,0.8283,0.8961,0.9951,0.0678,0.0757,-0.0192,0.1706,0.0305,0.1282,False,ok,conduction,False,indeterminate,indeterminate,indeterminate,indeterminate,indeterminate,indeterminate
ptbxl_snomed,seresnet,V4,AF,single,rhythm,5,152,0.9174,0.9256,0.9846,0.0083,0.0089,-0.0258,0.0357,0.0167,0.3818,False,ok,rhythm,False,indeterminate,sufficient,sufficient,sufficient,sufficient,sufficient
ptbxl_snomed,seresnet,V4,AFL,single,rhythm,5,7,0.5833,0.6375,0.9104,0.0541,0.0849,-0.1834,0.3182,0.0665,0.5180,False,ok,rhythm,False,indeterminate,indeterminate,indeterminate,indeterminate,indeterminate,indeterminate
ptbxl_snomed,seresnet,V4,TWC,single,morphology,5,232,0.4800,0.5834,0.8744,0.1034,0.1772,0.0407,0.1642,0.0181,0.0060,False,ok,repolarization,False,loss,indeterminate,indeterminate,loss,indeterminate,indeterminate
ptbxl_snomed,seresnet,V4,LAD,single,morphology,5,528,0.4469,0.8157,0.7420,0.3688,0.4521,0.3251,0.4055,0.0239,0.0031,True,B_confusion,axis,False,loss,loss,loss,loss,loss,loss
ptbxl_snomed,seresnet,V4,SB,single,rhythm,5,64,0.4622,0.5170,0.9602,0.0549,0.1061,-0.0258,0.1285,0.0684,0.1864,False,ok,rhythm,False,indeterminate,indeterminate,indeterminate,indeterminate,indeterminate,indeterminate
ptbxl_snomed,seresnet,V4,SVT,single,rhythm,5,3,0.1662,0.1894,0.9956,0.0232,0.1224,-0.0807,0.3297,0.0307,0.5765,False,ok,rhythm,True,indeterminate,indeterminate,indeterminate,indeterminate,indeterminate,indeterminate
ptbxl_snomed,seresnet,V4,SR,single,rhythm,5,1826,0.9816,0.9836,0.9263,0.0019,0.0020,-0.0005,0.0045,0.0017,0.1128,False,ok,rhythm,False,sufficient,sufficient,sufficient,sufficient,sufficient,sufficient
ptbxl_snomed,seresnet,V4,ST,single,rhythm,5,82,0.8954,0.8908,0.9954,-0.0047,-0.0052,-0.0610,0.0454,0.0109,0.6162,False,ok,rhythm,False,indeterminate,sufficient,sufficient,indeterminate,sufficient,sufficient
ptbxl_snomed,seresnet,V4,STTC,single,morphology,5,109,0.1957,0.2558,0.8302,0.0600,0.2347,0.0135,0.1092,0.0166,0.0203,False,ok,repolarization,True,indeterminate,indeterminate,indeterminate,loss,indeterminate,indeterminate
ptbxl_snomed,seresnet,V4,LVH,single,morphology,5,234,0.4958,0.7597,0.8564,0.2639,0.3473,0.2007,0.3238,0.0264,0.0031,True,B_confusion,hypertrophy,False,loss,loss,loss,loss,loss,loss
ptbxl_snomed,seresnet,V4,RBBB,single,morphology,5,54,0.7150,0.8961,0.9868,0.1811,0.2021,0.0609,0.2988,0.0274,0.0060,True,B_confusion,conduction,False,loss,loss,indeterminate,loss,indeterminate,loss
ptbxl_snomed,seresnet,V5,AF,single,rhythm,5,152,0.9176,0.9256,0.9825,0.0080,0.0086,-0.0258,0.0363,0.0071,0.4030,False,ok,rhythm,False,indeterminate,sufficient,sufficient,sufficient,sufficient,sufficient
ptbxl_snomed,seresnet,V5,AFL,single,rhythm,5,7,0.5280,0.6375,0.9258,0.1094,0.1716,-0.1248,0.4002,0.0657,0.3880,False,ok,rhythm,False,indeterminate,indeterminate,indeterminate,indeterminate,indeterminate,indeterminate
ptbxl_snomed,seresnet,V5,TWC,single,morphology,5,232,0.4953,0.5834,0.8914,0.0881,0.1511,0.0363,0.1432,0.0227,0.0031,False,ok,repolarization,False,loss,indeterminate,indeterminate,loss,indeterminate,indeterminate
ptbxl_snomed,seresnet,V5,LAD,single,morphology,5,528,0.5273,0.8157,0.7771,0.2884,0.3536,0.2474,0.3286,0.0101,0.0031,True,B_confusion,axis,False,loss,loss,loss,loss,loss,loss
ptbxl_snomed,seresnet,V5,SB,single,rhythm,5,64,0.5000,0.5170,0.9485,0.0170,0.0329,-0.0470,0.0847,0.0380,0.4173,False,ok,rhythm,False,indeterminate,indeterminate,sufficient,indeterminate,indeterminate,indeterminate
ptbxl_snomed,seresnet,V5,SVT,single,rhythm,5,3,0.1966,0.1894,0.9958,-0.0072,-0.0379,-0.4199,0.3571,0.0494,0.5865,False,ok,rhythm,True,indeterminate,indeterminate,indeterminate,indeterminate,indeterminate,indeterminate
ptbxl_snomed,seresnet,V5,SR,single,rhythm,5,1826,0.9802,0.9836,0.9281,0.0034,0.0034,0.0003,0.0070,0.0010,0.0462,False,ok,rhythm,False,sufficient,sufficient,sufficient,sufficient,sufficient,sufficient
ptbxl_snomed,seresnet,V5,ST,single,rhythm,5,82,0.8912,0.8908,0.9950,-0.0004,-0.0004,-0.0347,0.0348,0.0177,0.5663,False,ok,rhythm,False,indeterminate,sufficient,sufficient,sufficient,sufficient,sufficient
ptbxl_snomed,seresnet,V5,STTC,single,morphology,5,109,0.2276,0.2558,0.8568,0.0282,0.1101,-0.0249,0.0817,0.0226,0.2556,False,ok,repolarization,True,indeterminate,indeterminate,sufficient,indeterminate,indeterminate,indeterminate
ptbxl_snomed,seresnet,V5,LVH,single,morphology,5,234,0.6505,0.7597,0.9056,0.1092,0.1438,0.0672,0.1504,0.0193,0.0031,False,ok,hypertrophy,False,loss,loss,indeterminate,loss,indeterminate,loss
ptbxl_snomed,seresnet,V5,RBBB,single,morphology,5,54,0.7131,0.8961,0.9922,0.1830,0.2042,0.0598,0.3085,0.0095,0.0031,True,B_confusion,conduction,False,loss,loss,indeterminate,loss,indeterminate,loss
ptbxl_snomed,seresnet,V6,AF,single,rhythm,5,152,0.9131,0.9256,0.9873,0.0125,0.0135,-0.0190,0.0422,0.0106,0.2841,False,ok,rhythm,False,indeterminate,sufficient,sufficient,sufficient,sufficient,sufficient
ptbxl_snomed,seresnet,V6,AFL,single,rhythm,5,7,0.5843,0.6375,0.8862,0.0532,0.0834,-0.0571,0.2340,0.0532,0.4821,False,ok,rhythm,False,indeterminate,indeterminate,indeterminate,indeterminate,indeterminate,indeterminate
ptbxl_snomed,seresnet,V6,TWC,single,morphology,5,232,0.4985,0.5834,0.8834,0.0849,0.1455,0.0328,0.1395,0.0199,0.0031,False,ok,repolarization,False,loss,indeterminate,indeterminate,loss,indeterminate,indeterminate
ptbxl_snomed,seresnet,V6,LAD,single,morphology,5,528,0.5447,0.8157,0.7859,0.2710,0.3323,0.2306,0.3105,0.0166,0.0031,True,B_confusion,axis,False,loss,loss,loss,loss,loss,loss
ptbxl_snomed,seresnet,V6,SB,single,rhythm,5,64,0.5492,0.5170,0.9533,-0.0322,-0.0623,-0.1057,0.0505,0.0470,0.7616,False,ok,rhythm,False,indeterminate,indeterminate,sufficient,indeterminate,sufficient,indeterminate
ptbxl_snomed,seresnet,V6,SVT,single,rhythm,5,3,0.1750,0.1894,0.9950,0.0144,0.0760,-0.2343,0.3571,0.0358,0.5755,False,ok,rhythm,True,indeterminate,indeterminate,indeterminate,indeterminate,indeterminate,indeterminate
ptbxl_snomed,seresnet,V6,SR,single,rhythm,5,1826,0.9824,0.9836,0.9316,0.0011,0.0011,-0.0009,0.0032,0.0005,0.2487,False,ok,rhythm,False,sufficient,sufficient,sufficient,sufficient,sufficient,sufficient
ptbxl_snomed,seresnet,V6,ST,single,rhythm,5,82,0.8832,0.8908,0.9949,0.0076,0.0085,-0.0277,0.0429,0.0171,0.4372,False,ok,rhythm,False,indeterminate,sufficient,sufficient,sufficient,sufficient,sufficient
ptbxl_snomed,seresnet,V6,STTC,single,morphology,5,109,0.2297,0.2558,0.8361,0.0260,0.1018,-0.0270,0.0813,0.0222,0.2734,False,ok,repolarization,True,indeterminate,indeterminate,sufficient,indeterminate,indeterminate,indeterminate
ptbxl_snomed,seresnet,V6,LVH,single,morphology,5,234,0.6337,0.7597,0.8965,0.1260,0.1658,0.0863,0.1678,0.0148,0.0031,False,ok,hypertrophy,False,loss,loss,indeterminate,loss,loss,loss
ptbxl_snomed,seresnet,V6,RBBB,single,morphology,5,54,0.7824,0.8961,0.9912,0.1137,0.1269,0.0091,0.2179,0.0226,0.0283,False,ok,conduction,False,indeterminate,indeterminate,indeterminate,indeterminate,indeterminate,indeterminate
ptbxl_snomed,seresnet,ALL,AF,ceiling,rhythm,5,152,0.9256,0.9256,0.9836,0.0000,0.0000,,,0.0000,,False,ok,rhythm,False,na,na,na,na,na,na
ptbxl_snomed,seresnet,ALL,AFL,ceiling,rhythm,5,7,0.6375,0.6375,0.9275,0.0000,0.0000,,,0.0000,,False,ok,rhythm,False,na,na,na,na,na,na
ptbxl_snomed,seresnet,ALL,TWC,ceiling,morphology,5,232,0.5834,0.5834,0.9103,0.0000,0.0000,,,0.0000,,False,ok,repolarization,False,na,na,na,na,na,na
ptbxl_snomed,seresnet,ALL,LAD,ceiling,morphology,5,528,0.8157,0.8157,0.9329,0.0000,0.0000,,,0.0000,,False,ok,axis,False,na,na,na,na,na,na
ptbxl_snomed,seresnet,ALL,SB,ceiling,rhythm,5,64,0.5170,0.5170,0.9606,0.0000,0.0000,,,0.0000,,False,ok,rhythm,False,na,na,na,na,na,na
ptbxl_snomed,seresnet,ALL,SVT,ceiling,rhythm,5,3,0.1894,0.1894,0.9953,0.0000,0.0000,,,0.0000,,False,ok,rhythm,True,na,na,na,na,na,na
ptbxl_snomed,seresnet,ALL,SR,ceiling,rhythm,5,1826,0.9836,0.9836,0.9327,0.0000,0.0000,,,0.0000,,False,ok,rhythm,False,na,na,na,na,na,na
ptbxl_snomed,seresnet,ALL,ST,ceiling,rhythm,5,82,0.8908,0.8908,0.9947,0.0000,0.0000,,,0.0000,,False,ok,rhythm,False,na,na,na,na,na,na
ptbxl_snomed,seresnet,ALL,STTC,ceiling,morphology,5,109,0.2558,0.2558,0.8650,0.0000,0.0000,,,0.0000,,False,ok,repolarization,True,na,na,na,na,na,na
ptbxl_snomed,seresnet,ALL,LVH,ceiling,morphology,5,234,0.7597,0.7597,0.9537,0.0000,0.0000,,,0.0000,,False,ok,hypertrophy,False,na,na,na,na,na,na
ptbxl_snomed,seresnet,ALL,RBBB,ceiling,morphology,5,54,0.8961,0.8961,0.9978,0.0000,0.0000,,,0.0000,,False,ok,conduction,False,na,na,na,na,na,na
ptbxl_snomed,seresnet,I+II,AF,device,rhythm,5,152,0.9150,0.9256,0.9803,0.0107,0.0115,-0.0083,0.0291,0.0266,0.2616,False,ok,rhythm,False,indeterminate,sufficient,sufficient,sufficient,sufficient,sufficient
ptbxl_snomed,seresnet,I+II,AFL,device,rhythm,5,7,0.6477,0.6375,0.8920,-0.0103,-0.0161,-0.2250,0.2296,0.1003,0.7347,False,ok,rhythm,False,indeterminate,indeterminate,indeterminate,indeterminate,indeterminate,indeterminate
ptbxl_snomed,seresnet,I+II,TWC,device,morphology,5,232,0.4614,0.5834,0.8778,0.1220,0.2091,0.0665,0.1726,0.0296,0.0047,False,ok,repolarization,False,loss,loss,indeterminate,loss,loss,loss
ptbxl_snomed,seresnet,I+II,LAD,device,morphology,5,528,0.7799,0.8157,0.9227,0.0358,0.0439,0.0173,0.0545,0.0225,0.0073,False,ok,axis,False,indeterminate,indeterminate,sufficient,indeterminate,sufficient,indeterminate
ptbxl_snomed,seresnet,I+II,SB,device,rhythm,5,64,0.5426,0.5170,0.9555,-0.0256,-0.0495,-0.0836,0.0292,0.0545,0.8652,False,ok,rhythm,False,indeterminate,sufficient,sufficient,indeterminate,sufficient,sufficient
ptbxl_snomed,seresnet,I+II,SVT,device,rhythm,5,3,0.1220,0.1894,0.9926,0.0674,0.3558,0.0000,0.3333,0.1355,0.0852,False,ok,rhythm,True,indeterminate,indeterminate,indeterminate,indeterminate,indeterminate,indeterminate
ptbxl_snomed,seresnet,I+II,SR,device,rhythm,5,1826,0.9827,0.9836,0.9306,0.0009,0.0009,-0.0012,0.0030,0.0020,0.4026,False,ok,rhythm,False,sufficient,sufficient,sufficient,sufficient,sufficient,sufficient
ptbxl_snomed,seresnet,I+II,ST,device,rhythm,5,82,0.8998,0.8908,0.9946,-0.0090,-0.0101,-0.0360,0.0178,0.0136,0.8444,False,ok,rhythm,False,sufficient,sufficient,sufficient,sufficient,sufficient,sufficient
ptbxl_snomed,seresnet,I+II,STTC,device,morphology,5,109,0.2287,0.2558,0.8638,0.0270,0.1056,-0.0215,0.0694,0.0129,0.2867,False,ok,repolarization,True,indeterminate,indeterminate,sufficient,indeterminate,indeterminate,indeterminate
ptbxl_snomed,seresnet,I+II,LVH,device,morphology,5,234,0.5824,0.7597,0.8837,0.1773,0.2334,0.1278,0.2273,0.0085,0.0047,True,B_confusion,hypertrophy,False,loss,loss,loss,loss,loss,loss
ptbxl_snomed,seresnet,I+II,RBBB,device,morphology,5,54,0.8798,0.8961,0.9969,0.0163,0.0182,-0.0557,0.0865,0.0323,0.4577,False,ok,conduction,False,indeterminate,indeterminate,sufficient,indeterminate,sufficient,indeterminate
ptbxl_snomed,seresnet,LIMB6,AF,device,rhythm,5,152,0.9214,0.9256,0.9825,0.0042,0.0045,-0.0119,0.0205,0.0105,0.4379,False,ok,rhythm,False,indeterminate,sufficient,sufficient,sufficient,sufficient,sufficient
ptbxl_snomed,seresnet,LIMB6,AFL,device,rhythm,5,7,0.7231,0.6375,0.9232,-0.0856,-0.1343,-0.2500,0.0004,0.1043,0.9210,False,ok,rhythm,False,sufficient,sufficient,sufficient,sufficient,sufficient,sufficient
ptbxl_snomed,seresnet,LIMB6,TWC,device,morphology,5,232,0.4773,0.5834,0.8824,0.1061,0.1819,0.0523,0.1567,0.0236,0.0073,False,ok,repolarization,False,loss,loss,indeterminate,loss,indeterminate,loss
ptbxl_snomed,seresnet,LIMB6,LAD,device,morphology,5,528,0.7798,0.8157,0.9242,0.0359,0.0440,0.0175,0.0546,0.0339,0.0047,False,ok,axis,False,indeterminate,indeterminate,sufficient,indeterminate,sufficient,indeterminate
ptbxl_snomed,seresnet,LIMB6,SB,device,rhythm,5,64,0.5372,0.5170,0.9546,-0.0202,-0.0390,-0.0799,0.0366,0.0639,0.8444,False,ok,rhythm,False,indeterminate,sufficient,sufficient,indeterminate,sufficient,sufficient
ptbxl_snomed,seresnet,LIMB6,SVT,device,rhythm,5,3,0.0826,0.1894,0.9885,0.1068,0.5637,0.0232,0.4193,0.1452,0.0047,False,ok,rhythm,True,loss,indeterminate,indeterminate,loss,loss,indeterminate
ptbxl_snomed,seresnet,LIMB6,SR,device,rhythm,5,1826,0.9826,0.9836,0.9298,0.0010,0.0010,-0.0006,0.0025,0.0020,0.2697,False,ok,rhythm,False,sufficient,sufficient,sufficient,sufficient,sufficient,sufficient
ptbxl_snomed,seresnet,LIMB6,ST,device,rhythm,5,82,0.8978,0.8908,0.9956,-0.0070,-0.0078,-0.0270,0.0126,0.0159,0.8652,False,ok,rhythm,False,sufficient,sufficient,sufficient,sufficient,sufficient,sufficient
ptbxl_snomed,seresnet,LIMB6,STTC,device,morphology,5,109,0.2370,0.2558,0.8649,0.0187,0.0733,-0.0308,0.0686,0.0199,0.4026,False,ok,repolarization,True,indeterminate,indeterminate,sufficient,indeterminate,indeterminate,indeterminate
ptbxl_snomed,seresnet,LIMB6,LVH,device,morphology,5,234,0.5680,0.7597,0.8819,0.1917,0.2523,0.1384,0.2427,0.0128,0.0047,True,B_confusion,hypertrophy,False,loss,loss,loss,loss,loss,loss
ptbxl_snomed,seresnet,LIMB6,RBBB,device,morphology,5,54,0.8880,0.8961,0.9975,0.0081,0.0091,-0.0634,0.0793,0.0287,0.5220,False,ok,conduction,False,indeterminate,indeterminate,sufficient,indeterminate,sufficient,indeterminate
ptbxl_snomed,seresnet,CH3,AF,device,rhythm,5,152,0.9129,0.9256,0.9831,0.0128,0.0138,0.0017,0.0259,0.0328,0.0502,False,ok,rhythm,False,indeterminate,sufficient,sufficient,sufficient,sufficient,sufficient
ptbxl_snomed,seresnet,CH3,AFL,device,rhythm,5,7,0.6923,0.6375,0.9166,-0.0548,-0.0860,-0.2424,0.1253,0.0662,0.8577,False,ok,rhythm,False,indeterminate,indeterminate,indeterminate,indeterminate,indeterminate,indeterminate
ptbxl_snomed,seresnet,CH3,TWC,device,morphology,5,232,0.5103,0.5834,0.8929,0.0731,0.1252,0.0250,0.1222,0.0240,0.0135,False,ok,repolarization,False,loss,indeterminate,indeterminate,indeterminate,indeterminate,indeterminate
ptbxl_snomed,seresnet,CH3,LAD,device,morphology,5,528,0.7799,0.8157,0.9221,0.0358,0.0439,0.0185,0.0518,0.0111,0.0047,False,ok,axis,False,indeterminate,indeterminate,sufficient,indeterminate,sufficient,indeterminate
ptbxl_snomed,seresnet,CH3,SB,device,rhythm,5,64,0.5330,0.5170,0.9628,-0.0159,-0.0308,-0.0663,0.0392,0.0569,0.8444,False,ok,rhythm,False,indeterminate,sufficient,sufficient,indeterminate,sufficient,sufficient
ptbxl_snomed,seresnet,CH3,SVT,device,rhythm,5,3,0.1168,0.1894,0.9898,0.0726,0.3831,0.0146,0.2500,0.0315,0.0613,False,ok,rhythm,True,indeterminate,indeterminate,indeterminate,loss,indeterminate,indeterminate
ptbxl_snomed,seresnet,CH3,SR,device,rhythm,5,1826,0.9818,0.9836,0.9297,0.0018,0.0018,-0.0009,0.0048,0.0014,0.2616,False,ok,rhythm,False,sufficient,sufficient,sufficient,sufficient,sufficient,sufficient
ptbxl_snomed,seresnet,CH3,ST,device,rhythm,5,82,0.8844,0.8908,0.9950,0.0063,0.0071,-0.0179,0.0360,0.0239,0.4615,False,ok,rhythm,False,indeterminate,sufficient,sufficient,sufficient,sufficient,sufficient
ptbxl_snomed,seresnet,CH3,STTC,device,morphology,5,109,0.2538,0.2558,0.8694,0.0019,0.0076,-0.0383,0.0414,0.0140,0.5895,False,ok,repolarization,True,indeterminate,sufficient,sufficient,indeterminate,indeterminate,sufficient
ptbxl_snomed,seresnet,CH3,LVH,device,morphology,5,234,0.6030,0.7597,0.8980,0.1567,0.2063,0.1103,0.2022,0.0153,0.0047,True,B_confusion,hypertrophy,False,loss,loss,loss,loss,loss,loss
ptbxl_snomed,seresnet,CH3,RBBB,device,morphology,5,54,0.8805,0.8961,0.9978,0.0156,0.0174,-0.0614,0.0951,0.0302,0.5220,False,ok,conduction,False,indeterminate,indeterminate,sufficient,indeterminate,indeterminate,indeterminate
ptbxl_snomed,seresnet,CH4,AF,device,rhythm,5,152,0.9177,0.9256,0.9829,0.0079,0.0085,-0.0034,0.0220,0.0186,0.2522,False,ok,rhythm,False,indeterminate,sufficient,sufficient,sufficient,sufficient,sufficient
ptbxl_snomed,seresnet,CH4,AFL,device,rhythm,5,7,0.7395,0.6375,0.9127,-0.1021,-0.1601,-0.3199,0.0006,0.0182,0.9210,False,ok,rhythm,False,sufficient,sufficient,sufficient,sufficient,sufficient,sufficient
ptbxl_snomed,seresnet,CH4,TWC,device,morphology,5,232,0.5155,0.5834,0.8967,0.0679,0.1164,0.0232,0.1091,0.0050,0.0047,False,ok,repolarization,False,loss,indeterminate,indeterminate,indeterminate,indeterminate,indeterminate
ptbxl_snomed,seresnet,CH4,LAD,device,morphology,5,528,0.7837,0.8157,0.9265,0.0320,0.0392,0.0142,0.0488,0.0209,0.0047,False,ok,axis,False,indeterminate,sufficient,sufficient,indeterminate,sufficient,sufficient
ptbxl_snomed,seresnet,CH4,SB,device,rhythm,5,64,0.5880,0.5170,0.9614,-0.0710,-0.1373,-0.1291,-0.0153,0.0387,0.9960,False,ok,rhythm,False,sufficient,sufficient,sufficient,sufficient,sufficient,sufficient
ptbxl_snomed,seresnet,CH4,SVT,device,rhythm,5,3,0.1161,0.1894,0.9883,0.0733,0.3868,0.0122,0.2875,0.0371,0.0613,False,ok,rhythm,True,indeterminate,indeterminate,indeterminate,loss,indeterminate,indeterminate
ptbxl_snomed,seresnet,CH4,SR,device,rhythm,5,1826,0.9826,0.9836,0.9306,0.0010,0.0010,-0.0004,0.0025,0.0017,0.2222,False,ok,rhythm,False,sufficient,sufficient,sufficient,sufficient,sufficient,sufficient
ptbxl_snomed,seresnet,CH4,ST,device,rhythm,5,82,0.8851,0.8908,0.9947,0.0057,0.0063,-0.0135,0.0274,0.0083,0.4505,False,ok,rhythm,False,indeterminate,sufficient,sufficient,sufficient,sufficient,sufficient
ptbxl_snomed,seresnet,CH4,STTC,device,morphology,5,109,0.2448,0.2558,0.8676,0.0110,0.0430,-0.0258,0.0488,0.0206,0.4379,False,ok,repolarization,True,indeterminate,sufficient,sufficient,indeterminate,indeterminate,sufficient
ptbxl_snomed,seresnet,CH4,LVH,device,morphology,5,234,0.6043,0.7597,0.8974,0.1554,0.2045,0.1071,0.2007,0.0167,0.0047,True,B_confusion,hypertrophy,False,loss,loss,loss,loss,loss,loss
ptbxl_snomed,seresnet,CH4,RBBB,device,morphology,5,54,0.8869,0.8961,0.9978,0.0092,0.0103,-0.0673,0.0897,0.0297,0.5794,False,ok,conduction,False,indeterminate,indeterminate,sufficient,indeterminate,indeterminate,indeterminate
ptbxl_snomed,inceptiontime,I,AF,single,rhythm,5,152,0.7307,0.8718,0.9701,0.1410,0.1618,0.0700,0.2049,0.0342,0.0027,False,ok,rhythm,False,loss,loss,indeterminate,loss,indeterminate,loss
ptbxl_snomed,inceptiontime,I,AFL,single,rhythm,5,7,0.1952,0.6051,0.8553,0.4099,0.6774,0.0305,0.7233,0.0175,0.0398,True,B_confusion,rhythm,False,loss,indeterminate,indeterminate,loss,indeterminate,indeterminate
ptbxl_snomed,inceptiontime,I,TWC,single,morphology,5,232,0.3793,0.5626,0.8302,0.1832,0.3257,0.1141,0.2439,0.0067,0.0027,True,B_confusion,repolarization,False,loss,loss,loss,loss,loss,loss
ptbxl_snomed,inceptiontime,I,LAD,single,morphology,5,528,0.4464,0.8269,0.7308,0.3805,0.4602,0.3339,0.4143,0.0127,0.0027,True,B_confusion,axis,False,loss,loss,loss,loss,loss,loss
ptbxl_snomed,inceptiontime,I,SB,single,rhythm,5,64,0.5083,0.5159,0.9580,0.0076,0.0148,-0.0698,0.0802,0.0272,0.5090,False,ok,rhythm,False,indeterminate,indeterminate,sufficient,indeterminate,indeterminate,indeterminate
ptbxl_snomed,inceptiontime,I,SVT,single,rhythm,5,3,0.1031,0.0740,0.9853,-0.0291,-0.3932,-0.1905,0.0077,0.0606,0.9445,False,ok,rhythm,True,sufficient,sufficient,sufficient,indeterminate,indeterminate,sufficient
ptbxl_snomed,inceptiontime,I,SR,single,rhythm,5,1826,0.9731,0.9783,0.9086,0.0052,0.0053,-0.0011,0.0125,0.0033,0.1051,False,ok,rhythm,False,sufficient,sufficient,sufficient,sufficient,sufficient,sufficient
ptbxl_snomed,inceptiontime,I,ST,single,rhythm,5,82,0.8737,0.8916,0.9921,0.0179,0.0201,-0.0356,0.0688,0.0269,0.3746,False,ok,rhythm,False,indeterminate,indeterminate,sufficient,indeterminate,sufficient,indeterminate
ptbxl_snomed,inceptiontime,I,STTC,single,morphology,5,109,0.1981,0.2586,0.8461,0.0605,0.2340,0.0095,0.1188,0.0199,0.0242,False,ok,repolarization,True,indeterminate,indeterminate,indeterminate,indeterminate,indeterminate,indeterminate
ptbxl_snomed,inceptiontime,I,LVH,single,morphology,5,234,0.4989,0.7528,0.8417,0.2540,0.3374,0.1964,0.3088,0.0086,0.0027,True,B_confusion,hypertrophy,False,loss,loss,loss,loss,loss,loss
ptbxl_snomed,inceptiontime,I,RBBB,single,morphology,5,54,0.8209,0.8955,0.9951,0.0746,0.0833,-0.0080,0.1641,0.0224,0.0780,False,ok,conduction,False,indeterminate,indeterminate,indeterminate,indeterminate,indeterminate,indeterminate
ptbxl_snomed,inceptiontime,II,AF,single,rhythm,5,152,0.8545,0.8718,0.9787,0.0172,0.0198,-0.0182,0.0589,0.0383,0.2492,False,ok,rhythm,False,indeterminate,indeterminate,sufficient,indeterminate,sufficient,indeterminate
ptbxl_snomed,inceptiontime,II,AFL,single,rhythm,5,7,0.6492,0.6051,0.9329,-0.0441,-0.0728,-0.1701,0.0143,0.0709,0.8081,False,ok,rhythm,False,sufficient,sufficient,sufficient,sufficient,sufficient,sufficient
ptbxl_snomed,inceptiontime,II,TWC,single,morphology,5,232,0.3848,0.5626,0.8383,0.1778,0.3160,0.1169,0.2334,0.0098,0.0027,True,B_confusion,repolarization,False,loss,loss,loss,loss,loss,loss
ptbxl_snomed,inceptiontime,II,LAD,single,morphology,5,528,0.7046,0.8269,0.8851,0.1223,0.1479,0.0933,0.1508,0.0062,0.0027,False,ok,axis,False,loss,loss,indeterminate,loss,loss,loss
ptbxl_snomed,inceptiontime,II,SB,single,rhythm,5,64,0.5559,0.5159,0.9536,-0.0400,-0.0776,-0.1136,0.0599,0.0525,0.8102,False,ok,rhythm,False,indeterminate,indeterminate,sufficient,indeterminate,indeterminate,indeterminate
ptbxl_snomed,inceptiontime,II,SVT,single,rhythm,5,3,0.0836,0.0740,0.9903,-0.0096,-0.1294,-0.0845,0.1731,0.0133,0.7366,False,ok,rhythm,True,indeterminate,indeterminate,indeterminate,indeterminate,indeterminate,indeterminate
ptbxl_snomed,inceptiontime,II,SR,single,rhythm,5,1826,0.9780,0.9783,0.9191,0.0002,0.0002,-0.0036,0.0048,0.0027,0.5953,False,ok,rhythm,False,sufficient,sufficient,sufficient,sufficient,sufficient,sufficient
ptbxl_snomed,inceptiontime,II,ST,single,rhythm,5,82,0.9039,0.8916,0.9958,-0.0123,-0.0138,-0.0540,0.0316,0.0121,0.8081,False,ok,rhythm,False,indeterminate,sufficient,sufficient,sufficient,sufficient,sufficient
ptbxl_snomed,inceptiontime,II,STTC,single,morphology,5,109,0.2201,0.2586,0.8411,0.0385,0.1490,-0.0143,0.0999,0.0126,0.1267,False,ok,repolarization,True,indeterminate,indeterminate,sufficient,indeterminate,indeterminate,indeterminate
ptbxl_snomed,inceptiontime,II,LVH,single,morphology,5,234,0.4147,0.7528,0.8106,0.3382,0.4492,0.2783,0.3950,0.0182,0.0027,True,B_confusion,hypertrophy,False,loss,loss,loss,loss,loss,loss
ptbxl_snomed,inceptiontime,II,RBBB,single,morphology,5,54,0.5372,0.8955,0.9692,0.3583,0.4001,0.2117,0.4868,0.0410,0.0027,True,B_confusion,conduction,False,loss,loss,loss,loss,loss,loss
ptbxl_snomed,inceptiontime,III,AF,single,rhythm,5,152,0.7813,0.8718,0.9620,0.0905,0.1038,0.0412,0.1403,0.0629,0.0027,False,ok,rhythm,False,loss,indeterminate,indeterminate,indeterminate,indeterminate,indeterminate
ptbxl_snomed,inceptiontime,III,AFL,single,rhythm,5,7,0.6478,0.6051,0.9838,-0.0427,-0.0706,-0.3172,0.2500,0.0712,0.7830,False,ok,rhythm,False,indeterminate,indeterminate,indeterminate,indeterminate,indeterminate,indeterminate
ptbxl_snomed,inceptiontime,III,TWC,single,morphology,5,232,0.1709,0.5626,0.6710,0.3916,0.6961,0.3273,0.4523,0.0106,0.0027,True,B_confusion,repolarization,False,loss,loss,loss,loss,loss,loss
ptbxl_snomed,inceptiontime,III,LAD,single,morphology,5,528,0.6386,0.8269,0.8799,0.1883,0.2277,0.1473,0.2208,0.0180,0.0027,True,B_confusion,axis,False,loss,loss,loss,loss,loss,loss
ptbxl_snomed,inceptiontime,III,SB,single,rhythm,5,64,0.5029,0.5159,0.9523,0.0130,0.0251,-0.0677,0.1174,0.0349,0.4548,False,ok,rhythm,False,indeterminate,indeterminate,indeterminate,indeterminate,indeterminate,indeterminate
ptbxl_snomed,inceptiontime,III,SVT,single,rhythm,5,3,0.1037,0.0740,0.9889,-0.0297,-0.4019,-0.1667,0.0142,0.0351,0.9766,False,ok,rhythm,True,sufficient,sufficient,sufficient,indeterminate,indeterminate,sufficient
ptbxl_snomed,inceptiontime,III,SR,single,rhythm,5,1826,0.9704,0.9783,0.8940,0.0079,0.0080,0.0037,0.0124,0.0028,0.0027,False,ok,rhythm,False,sufficient,sufficient,sufficient,sufficient,sufficient,sufficient
ptbxl_snomed,inceptiontime,III,ST,single,rhythm,5,82,0.8634,0.8916,0.9940,0.0282,0.0316,-0.0071,0.0684,0.0172,0.1319,False,ok,rhythm,False,indeterminate,indeterminate,sufficient,indeterminate,sufficient,indeterminate
ptbxl_snomed,inceptiontime,III,STTC,single,morphology,5,109,0.1276,0.2586,0.7445,0.1310,0.5065,0.0735,0.1994,0.0110,0.0027,False,ok,repolarization,True,loss,loss,indeterminate,loss,loss,loss
ptbxl_snomed,inceptiontime,III,LVH,single,morphology,5,234,0.4076,0.7528,0.7834,0.3453,0.4586,0.2820,0.4052,0.0241,0.0027,True,B_confusion,hypertrophy,False,loss,loss,loss,loss,loss,loss
ptbxl_snomed,inceptiontime,III,RBBB,single,morphology,5,54,0.7022,0.8955,0.9680,0.1933,0.2158,0.0648,0.3088,0.0473,0.0051,True,B_confusion,conduction,False,loss,loss,indeterminate,loss,indeterminate,loss
ptbxl_snomed,inceptiontime,aVR,AF,single,rhythm,5,152,0.8419,0.8718,0.9819,0.0299,0.0343,-0.0085,0.0709,0.0414,0.1232,False,ok,rhythm,False,indeterminate,indeterminate,sufficient,indeterminate,sufficient,indeterminate
ptbxl_snomed,inceptiontime,aVR,AFL,single,rhythm,5,7,0.6613,0.6051,0.8919,-0.0562,-0.0928,-0.1852,0.0186,0.0759,0.8802,False,ok,rhythm,False,sufficient,sufficient,sufficient,sufficient,sufficient,sufficient
ptbxl_snomed,inceptiontime,aVR,TWC,single,morphology,5,232,0.4539,0.5626,0.8604,0.1087,0.1932,0.0574,0.1584,0.0110,0.0027,False,ok,repolarization,False,loss,loss,indeterminate,loss,loss,loss
ptbxl_snomed,inceptiontime,aVR,LAD,single,morphology,5,528,0.5245,0.8269,0.7766,0.3024,0.3657,0.2623,0.3408,0.0052,0.0027,True,B_confusion,axis,False,loss,loss,loss,loss,loss,loss
ptbxl_snomed,inceptiontime,aVR,SB,single,rhythm,5,64,0.5181,0.5159,0.9540,-0.0022,-0.0043,-0.0531,0.0593,0.0254,0.5711,False,ok,rhythm,False,indeterminate,indeterminate,sufficient,indeterminate,indeterminate,indeterminate
ptbxl_snomed,inceptiontime,aVR,SVT,single,rhythm,5,3,0.0640,0.0740,0.9818,0.0100,0.1347,-0.0280,0.1593,0.0165,0.5711,False,ok,rhythm,True,indeterminate,indeterminate,indeterminate,indeterminate,indeterminate,indeterminate
ptbxl_snomed,inceptiontime,aVR,SR,single,rhythm,5,1826,0.9794,0.9783,0.9244,-0.0011,-0.0012,-0.0043,0.0025,0.0025,0.8191,False,ok,rhythm,False,sufficient,sufficient,sufficient,sufficient,sufficient,sufficient
ptbxl_snomed,inceptiontime,aVR,ST,single,rhythm,5,82,0.9124,0.8916,0.9957,-0.0208,-0.0233,-0.0510,0.0063,0.0089,0.9445,False,ok,rhythm,False,sufficient,sufficient,sufficient,sufficient,sufficient,sufficient
ptbxl_snomed,inceptiontime,aVR,STTC,single,morphology,5,109,0.2076,0.2586,0.8515,0.0510,0.1972,0.0073,0.1034,0.0199,0.0224,False,ok,repolarization,True,indeterminate,indeterminate,indeterminate,indeterminate,indeterminate,indeterminate
ptbxl_snomed,inceptiontime,aVR,LVH,single,morphology,5,234,0.5013,0.7528,0.8482,0.2515,0.3341,0.1925,0.3085,0.0071,0.0027,True,B_confusion,hypertrophy,False,loss,loss,loss,loss,loss,loss
ptbxl_snomed,inceptiontime,aVR,RBBB,single,morphology,5,54,0.7765,0.8955,0.9935,0.1190,0.1329,0.0222,0.2167,0.0455,0.0159,False,ok,conduction,False,loss,indeterminate,indeterminate,indeterminate,indeterminate,indeterminate
ptbxl_snomed,inceptiontime,aVL,AF,single,rhythm,5,152,0.7155,0.8718,0.9581,0.1562,0.1792,0.0936,0.2192,0.0655,0.0027,True,B_confusion,rhythm,False,loss,loss,indeterminate,loss,loss,loss
ptbxl_snomed,inceptiontime,aVL,AFL,single,rhythm,5,7,0.3460,0.6051,0.8713,0.2591,0.4283,-0.1314,0.5645,0.0474,0.1589,False,ok,rhythm,False,indeterminate,indeterminate,indeterminate,indeterminate,indeterminate,indeterminate
ptbxl_snomed,inceptiontime,aVL,TWC,single,morphology,5,232,0.2232,0.5626,0.7357,0.3394,0.6032,0.2765,0.3954,0.0115,0.0027,True,B_confusion,repolarization,False,loss,loss,loss,loss,loss,loss
ptbxl_snomed,inceptiontime,aVL,LAD,single,morphology,5,528,0.5584,0.8269,0.8234,0.2685,0.3247,0.2243,0.3060,0.0109,0.0027,True,B_confusion,axis,False,loss,loss,loss,loss,loss,loss
ptbxl_snomed,inceptiontime,aVL,SB,single,rhythm,5,64,0.4589,0.5159,0.9464,0.0570,0.1105,-0.0238,0.1468,0.0137,0.1401,False,ok,rhythm,False,indeterminate,indeterminate,indeterminate,indeterminate,indeterminate,indeterminate
ptbxl_snomed,inceptiontime,aVL,SVT,single,rhythm,5,3,0.1011,0.0740,0.9912,-0.0271,-0.3662,-0.2086,0.1664,0.0531,0.7896,False,ok,rhythm,True,indeterminate,indeterminate,indeterminate,indeterminate,indeterminate,indeterminate
ptbxl_snomed,inceptiontime,aVL,SR,single,rhythm,5,1826,0.9691,0.9783,0.8935,0.0091,0.0093,0.0029,0.0156,0.0019,0.0073,False,ok,rhythm,False,sufficient,sufficient,sufficient,sufficient,sufficient,sufficient
ptbxl_snomed,inceptiontime,aVL,ST,single,rhythm,5,82,0.8552,0.8916,0.9933,0.0364,0.0408,-0.0234,0.1029,0.0335,0.2432,False,ok,rhythm,False,indeterminate,indeterminate,indeterminate,indeterminate,indeterminate,indeterminate
ptbxl_snomed,inceptiontime,aVL,STTC,single,morphology,5,109,0.1470,0.2586,0.8048,0.1116,0.4315,0.0592,0.1784,0.0252,0.0027,False,ok,repolarization,True,loss,loss,indeterminate,loss,loss,loss
ptbxl_snomed,inceptiontime,aVL,LVH,single,morphology,5,234,0.4249,0.7528,0.7983,0.3279,0.4356,0.2691,0.3851,0.0219,0.0027,True,B_confusion,hypertrophy,False,loss,loss,loss,loss,loss,loss
ptbxl_snomed,inceptiontime,aVL,RBBB,single,morphology,5,54,0.7681,0.8955,0.9915,0.1274,0.1423,0.0172,0.2315,0.0142,0.0276,False,ok,conduction,False,indeterminate,indeterminate,indeterminate,indeterminate,indeterminate,indeterminate
ptbxl_snomed,inceptiontime,aVF,AF,single,rhythm,5,152,0.7958,0.8718,0.9732,0.0760,0.0871,0.0282,0.1213,0.0342,0.0027,False,ok,rhythm,False,loss,indeterminate,indeterminate,indeterminate,indeterminate,indeterminate
ptbxl_snomed,inceptiontime,aVF,AFL,single,rhythm,5,7,0.6982,0.6051,0.9603,-0.0931,-0.1538,-0.3241,0.0708,0.0339,0.9085,False,ok,rhythm,False,indeterminate,indeterminate,sufficient,indeterminate,indeterminate,indeterminate
ptbxl_snomed,inceptiontime,aVF,TWC,single,morphology,5,232,0.2700,0.5626,0.7612,0.2925,0.5200,0.2298,0.3470,0.0100,0.0027,True,B_confusion,repolarization,False,loss,loss,loss,loss,loss,loss
ptbxl_snomed,inceptiontime,aVF,LAD,single,morphology,5,528,0.7129,0.8269,0.9097,0.1140,0.1379,0.0859,0.1424,0.0160,0.0027,False,ok,axis,False,loss,loss,indeterminate,loss,loss,loss
ptbxl_snomed,inceptiontime,aVF,SB,single,rhythm,5,64,0.5607,0.5159,0.9508,-0.0448,-0.0868,-0.1304,0.0628,0.0490,0.8187,False,ok,rhythm,False,indeterminate,indeterminate,sufficient,indeterminate,indeterminate,indeterminate
ptbxl_snomed,inceptiontime,aVF,SVT,single,rhythm,5,3,0.0953,0.0740,0.9874,-0.0213,-0.2880,-0.1667,0.0394,0.0716,0.8464,False,ok,rhythm,True,indeterminate,sufficient,sufficient,indeterminate,indeterminate,sufficient
ptbxl_snomed,inceptiontime,aVF,SR,single,rhythm,5,1826,0.9741,0.9783,0.9085,0.0042,0.0042,-0.0001,0.0083,0.0026,0.0571,False,ok,rhythm,False,sufficient,sufficient,sufficient,sufficient,sufficient,sufficient
ptbxl_snomed,inceptiontime,aVF,ST,single,rhythm,5,82,0.8839,0.8916,0.9953,0.0076,0.0086,-0.0332,0.0547,0.0209,0.5262,False,ok,rhythm,False,indeterminate,indeterminate,sufficient,indeterminate,sufficient,indeterminate
ptbxl_snomed,inceptiontime,aVF,STTC,single,morphology,5,109,0.1941,0.2586,0.8073,0.0645,0.2494,0.0026,0.1289,0.0252,0.0487,False,ok,repolarization,True,indeterminate,indeterminate,indeterminate,indeterminate,indeterminate,indeterminate
ptbxl_snomed,inceptiontime,aVF,LVH,single,morphology,5,234,0.3785,0.7528,0.7895,0.3743,0.4972,0.3046,0.4350,0.0273,0.0027,True,B_confusion,hypertrophy,False,loss,loss,loss,loss,loss,loss
ptbxl_snomed,inceptiontime,aVF,RBBB,single,morphology,5,54,0.6256,0.8955,0.9623,0.2699,0.3014,0.1499,0.3994,0.0786,0.0027,True,B_confusion,conduction,False,loss,loss,loss,loss,loss,loss
ptbxl_snomed,inceptiontime,V1,AF,single,rhythm,5,152,0.8396,0.8718,0.9691,0.0322,0.0369,-0.0231,0.0786,0.0385,0.1840,False,ok,rhythm,False,indeterminate,indeterminate,sufficient,indeterminate,sufficient,indeterminate
ptbxl_snomed,inceptiontime,V1,AFL,single,rhythm,5,7,0.1964,0.6051,0.9023,0.4087,0.6754,0.0012,0.6925,0.0574,0.0433,True,B_confusion,rhythm,False,indeterminate,indeterminate,indeterminate,indeterminate,indeterminate,indeterminate
ptbxl_snomed,inceptiontime,V1,TWC,single,morphology,5,232,0.2151,0.5626,0.6911,0.3475,0.6176,0.2781,0.4118,0.0258,0.0027,True,B_confusion,repolarization,False,loss,loss,loss,loss,loss,loss
ptbxl_snomed,inceptiontime,V1,LAD,single,morphology,5,528,0.3894,0.8269,0.6959,0.4375,0.5291,0.3961,0.4728,0.0223,0.0027,True,B_confusion,axis,False,loss,loss,loss,loss,loss,loss
ptbxl_snomed,inceptiontime,V1,SB,single,rhythm,5,64,0.4620,0.5159,0.9543,0.0538,0.1044,-0.0164,0.1301,0.0554,0.1268,False,ok,rhythm,False,indeterminate,indeterminate,indeterminate,indeterminate,indeterminate,indeterminate
ptbxl_snomed,inceptiontime,V1,SVT,single,rhythm,5,3,0.1510,0.0740,0.9891,-0.0770,-1.0406,-0.4896,0.1432,0.1458,0.8227,False,ok,rhythm,True,indeterminate,indeterminate,indeterminate,indeterminate,indeterminate,indeterminate
ptbxl_snomed,inceptiontime,V1,SR,single,rhythm,5,1826,0.9743,0.9783,0.9046,0.0040,0.0041,-0.0005,0.0089,0.0040,0.0903,False,ok,rhythm,False,sufficient,sufficient,sufficient,sufficient,sufficient,sufficient
ptbxl_snomed,inceptiontime,V1,ST,single,rhythm,5,82,0.8973,0.8916,0.9944,-0.0057,-0.0064,-0.0426,0.0345,0.0249,0.7366,False,ok,rhythm,False,indeterminate,sufficient,sufficient,sufficient,sufficient,sufficient
ptbxl_snomed,inceptiontime,V1,STTC,single,morphology,5,109,0.1621,0.2586,0.7679,0.0965,0.3730,0.0367,0.1620,0.0276,0.0073,False,ok,repolarization,True,loss,indeterminate,indeterminate,loss,loss,indeterminate
ptbxl_snomed,inceptiontime,V1,LVH,single,morphology,5,234,0.4404,0.7528,0.8446,0.3124,0.4150,0.2491,0.3688,0.0105,0.0027,True,B_confusion,hypertrophy,False,loss,loss,loss,loss,loss,loss
ptbxl_snomed,inceptiontime,V1,RBBB,single,morphology,5,54,0.9179,0.8955,0.9982,-0.0225,-0.0251,-0.0892,0.0379,0.0230,0.8187,False,ok,conduction,False,indeterminate,sufficient,sufficient,sufficient,sufficient,sufficient
ptbxl_snomed,inceptiontime,V2,AF,single,rhythm,5,152,0.7027,0.8718,0.9547,0.1691,0.1939,0.0965,0.2353,0.1604,0.0027,True,B_confusion,rhythm,False,loss,loss,indeterminate,loss,loss,loss
ptbxl_snomed,inceptiontime,V2,AFL,single,rhythm,5,7,0.2686,0.6051,0.9206,0.3365,0.5561,-0.0318,0.7001,0.0849,0.0659,False,ok,rhythm,False,indeterminate,indeterminate,indeterminate,indeterminate,indeterminate,indeterminate
ptbxl_snomed,inceptiontime,V2,TWC,single,morphology,5,232,0.2752,0.5626,0.7449,0.2874,0.5109,0.2112,0.3536,0.0243,0.0027,True,B_confusion,repolarization,False,loss,loss,loss,loss,loss,loss
ptbxl_snomed,inceptiontime,V2,LAD,single,morphology,5,528,0.3875,0.8269,0.6730,0.4395,0.5314,0.3970,0.4747,0.0194,0.0027,True,B_confusion,axis,False,loss,loss,loss,loss,loss,loss
ptbxl_snomed,inceptiontime,V2,SB,single,rhythm,5,64,0.5178,0.5159,0.9577,-0.0019,-0.0036,-0.0548,0.0564,0.0233,0.6276,False,ok,rhythm,False,indeterminate,indeterminate,sufficient,indeterminate,indeterminate,indeterminate
ptbxl_snomed,inceptiontime,V2,SVT,single,rhythm,5,3,0.1272,0.0740,0.9877,-0.0532,-0.7195,-0.4615,0.2133,0.0638,0.7830,False,ok,rhythm,True,indeterminate,indeterminate,indeterminate,indeterminate,indeterminate,indeterminate
ptbxl_snomed,inceptiontime,V2,SR,single,rhythm,5,1826,0.9690,0.9783,0.8910,0.0093,0.0095,0.0038,0.0153,0.0052,0.0027,False,ok,rhythm,False,sufficient,sufficient,sufficient,sufficient,sufficient,sufficient
ptbxl_snomed,inceptiontime,V2,ST,single,rhythm,5,82,0.8682,0.8916,0.9925,0.0234,0.0262,-0.0151,0.0628,0.0175,0.1680,False,ok,rhythm,False,indeterminate,indeterminate,sufficient,indeterminate,sufficient,indeterminate
ptbxl_snomed,inceptiontime,V2,STTC,single,morphology,5,109,0.1621,0.2586,0.7750,0.0965,0.3732,0.0331,0.1618,0.0173,0.0051,False,ok,repolarization,True,loss,indeterminate,indeterminate,loss,loss,indeterminate
ptbxl_snomed,inceptiontime,V2,LVH,single,morphology,5,234,0.3594,0.7528,0.8003,0.3934,0.5226,0.3282,0.4501,0.0257,0.0027,True,B_confusion,hypertrophy,False,loss,loss,loss,loss,loss,loss
ptbxl_snomed,inceptiontime,V2,RBBB,single,morphology,5,54,0.8787,0.8955,0.9961,0.0167,0.0187,-0.0446,0.0834,0.0280,0.3956,False,ok,conduction,False,indeterminate,indeterminate,sufficient,indeterminate,sufficient,indeterminate
ptbxl_snomed,inceptiontime,V3,AF,single,rhythm,5,152,0.7951,0.8718,0.9730,0.0766,0.0879,0.0197,0.1355,0.0399,0.0159,False,ok,rhythm,False,indeterminate,indeterminate,indeterminate,indeterminate,indeterminate,indeterminate
ptbxl_snomed,inceptiontime,V3,AFL,single,rhythm,5,7,0.3725,0.6051,0.9085,0.2326,0.3844,-0.1393,0.5331,0.0722,0.2107,False,ok,rhythm,False,indeterminate,indeterminate,indeterminate,indeterminate,indeterminate,indeterminate
ptbxl_snomed,inceptiontime,V3,TWC,single,morphology,5,232,0.3583,0.5626,0.8078,0.2043,0.3631,0.1243,0.2761,0.0043,0.0027,True,B_confusion,repolarization,False,loss,loss,loss,loss,loss,loss
ptbxl_snomed,inceptiontime,V3,LAD,single,morphology,5,528,0.4185,0.8269,0.6932,0.4085,0.4940,0.3659,0.4456,0.0060,0.0027,True,B_confusion,axis,False,loss,loss,loss,loss,loss,loss
ptbxl_snomed,inceptiontime,V3,SB,single,rhythm,5,64,0.5467,0.5159,0.9569,-0.0308,-0.0597,-0.0903,0.0456,0.0242,0.8191,False,ok,rhythm,False,indeterminate,sufficient,sufficient,indeterminate,sufficient,sufficient
ptbxl_snomed,inceptiontime,V3,SVT,single,rhythm,5,3,0.1711,0.0740,0.9938,-0.0971,-1.3128,-0.3834,-0.0239,0.0255,1.0000,False,ok,rhythm,True,sufficient,sufficient,sufficient,sufficient,sufficient,sufficient
ptbxl_snomed,inceptiontime,V3,SR,single,rhythm,5,1826,0.9744,0.9783,0.9056,0.0039,0.0040,-0.0002,0.0078,0.0026,0.0621,False,ok,rhythm,False,sufficient,sufficient,sufficient,sufficient,sufficient,sufficient
ptbxl_snomed,inceptiontime,V3,ST,single,rhythm,5,82,0.8818,0.8916,0.9934,0.0098,0.0110,-0.0299,0.0525,0.0112,0.4269,False,ok,rhythm,False,indeterminate,indeterminate,sufficient,indeterminate,sufficient,indeterminate
ptbxl_snomed,inceptiontime,V3,STTC,single,morphology,5,109,0.1831,0.2586,0.7987,0.0755,0.2920,0.0118,0.1422,0.0252,0.0259,False,ok,repolarization,True,indeterminate,indeterminate,indeterminate,indeterminate,indeterminate,indeterminate
ptbxl_snomed,inceptiontime,V3,LVH,single,morphology,5,234,0.3741,0.7528,0.7943,0.3788,0.5031,0.3182,0.4344,0.0144,0.0027,True,B_confusion,hypertrophy,False,loss,loss,loss,loss,loss,loss
ptbxl_snomed,inceptiontime,V3,RBBB,single,morphology,5,54,0.8130,0.8955,0.9957,0.0825,0.0922,-0.0272,0.2008,0.0187,0.1528,False,ok,conduction,False,indeterminate,indeterminate,indeterminate,indeterminate,indeterminate,indeterminate
ptbxl_snomed,inceptiontime,V4,AF,single,rhythm,5,152,0.7737,0.8718,0.9732,0.0981,0.1125,0.0410,0.1535,0.0195,0.0027,False,ok,rhythm,False,loss,indeterminate,indeterminate,indeterminate,indeterminate,indeterminate
ptbxl_snomed,inceptiontime,V4,AFL,single,rhythm,5,7,0.5633,0.6051,0.8751,0.0418,0.0690,-0.2123,0.3326,0.0353,0.5300,False,ok,rhythm,False,indeterminate,indeterminate,indeterminate,indeterminate,indeterminate,indeterminate
ptbxl_snomed,inceptiontime,V4,TWC,single,morphology,5,232,0.4746,0.5626,0.8776,0.0880,0.1564,0.0254,0.1500,0.0138,0.0120,False,ok,repolarization,False,loss,indeterminate,indeterminate,indeterminate,indeterminate,indeterminate
ptbxl_snomed,inceptiontime,V4,LAD,single,morphology,5,528,0.4515,0.8269,0.7383,0.3754,0.4540,0.3320,0.4149,0.0123,0.0027,True,B_confusion,axis,False,loss,loss,loss,loss,loss,loss
ptbxl_snomed,inceptiontime,V4,SB,single,rhythm,5,64,0.4710,0.5159,0.9574,0.0449,0.0871,-0.0106,0.1032,0.0267,0.1108,False,ok,rhythm,False,indeterminate,indeterminate,indeterminate,indeterminate,indeterminate,indeterminate
ptbxl_snomed,inceptiontime,V4,SVT,single,rhythm,5,3,0.1825,0.0740,0.9961,-0.1085,-1.4667,-0.3004,-0.0017,0.0860,0.9969,False,ok,rhythm,True,sufficient,sufficient,sufficient,sufficient,sufficient,sufficient
ptbxl_snomed,inceptiontime,V4,SR,single,rhythm,5,1826,0.9762,0.9783,0.9134,0.0020,0.0021,-0.0021,0.0063,0.0027,0.2356,False,ok,rhythm,False,sufficient,sufficient,sufficient,sufficient,sufficient,sufficient
ptbxl_snomed,inceptiontime,V4,ST,single,rhythm,5,82,0.8673,0.8916,0.9935,0.0243,0.0273,-0.0191,0.0720,0.0108,0.2308,False,ok,rhythm,False,indeterminate,indeterminate,sufficient,indeterminate,sufficient,indeterminate
ptbxl_snomed,inceptiontime,V4,STTC,single,morphology,5,109,0.2117,0.2586,0.8382,0.0469,0.1813,-0.0066,0.1037,0.0173,0.0879,False,ok,repolarization,True,indeterminate,indeterminate,indeterminate,indeterminate,indeterminate,indeterminate
ptbxl_snomed,inceptiontime,V4,LVH,single,morphology,5,234,0.5100,0.7528,0.8572,0.2428,0.3225,0.1828,0.3018,0.0153,0.0027,True,B_confusion,hypertrophy,False,loss,loss,loss,loss,loss,loss
ptbxl_snomed,inceptiontime,V4,RBBB,single,morphology,5,54,0.7365,0.8955,0.9859,0.1589,0.1775,0.0388,0.2755,0.0241,0.0027,True,B_confusion,conduction,False,loss,indeterminate,indeterminate,indeterminate,indeterminate,indeterminate
ptbxl_snomed,inceptiontime,V5,AF,single,rhythm,5,152,0.7349,0.8718,0.9716,0.1368,0.1570,0.0781,0.1944,0.0465,0.0027,False,ok,rhythm,False,loss,loss,indeterminate,loss,indeterminate,loss
ptbxl_snomed,inceptiontime,V5,AFL,single,rhythm,5,7,0.5630,0.6051,0.9665,0.0421,0.0695,-0.1087,0.2638,0.0855,0.5090,False,ok,rhythm,False,indeterminate,indeterminate,indeterminate,indeterminate,indeterminate,indeterminate
ptbxl_snomed,inceptiontime,V5,TWC,single,morphology,5,232,0.4883,0.5626,0.8856,0.0742,0.1319,0.0233,0.1259,0.0240,0.0051,False,ok,repolarization,False,loss,indeterminate,indeterminate,indeterminate,indeterminate,indeterminate
ptbxl_snomed,inceptiontime,V5,LAD,single,morphology,5,528,0.5193,0.8269,0.7678,0.3076,0.3720,0.2691,0.3476,0.0181,0.0027,True,B_confusion,axis,False,loss,loss,loss,loss,loss,loss
ptbxl_snomed,inceptiontime,V5,SB,single,rhythm,5,64,0.4816,0.5159,0.9562,0.0343,0.0665,-0.0194,0.0889,0.0407,0.1722,False,ok,rhythm,False,indeterminate,indeterminate,sufficient,indeterminate,indeterminate,indeterminate
ptbxl_snomed,inceptiontime,V5,SVT,single,rhythm,5,3,0.1385,0.0740,0.9932,-0.0645,-0.8711,-0.4149,0.2059,0.0635,0.8191,False,ok,rhythm,True,indeterminate,indeterminate,indeterminate,indeterminate,indeterminate,indeterminate
ptbxl_snomed,inceptiontime,V5,SR,single,rhythm,5,1826,0.9745,0.9783,0.9143,0.0038,0.0038,-0.0001,0.0081,0.0029,0.0659,False,ok,rhythm,False,sufficient,sufficient,sufficient,sufficient,sufficient,sufficient
ptbxl_snomed,inceptiontime,V5,ST,single,rhythm,5,82,0.8756,0.8916,0.9940,0.0159,0.0179,-0.0215,0.0525,0.0188,0.3205,False,ok,rhythm,False,indeterminate,indeterminate,sufficient,indeterminate,sufficient,indeterminate
ptbxl_snomed,inceptiontime,V5,STTC,single,morphology,5,109,0.2520,0.2586,0.8642,0.0066,0.0255,-0.0459,0.0616,0.0277,0.5262,False,ok,repolarization,True,indeterminate,indeterminate,sufficient,indeterminate,indeterminate,indeterminate
ptbxl_snomed,inceptiontime,V5,LVH,single,morphology,5,234,0.6366,0.7528,0.8975,0.1163,0.1544,0.0745,0.1596,0.0192,0.0027,False,ok,hypertrophy,False,loss,loss,indeterminate,loss,indeterminate,loss
ptbxl_snomed,inceptiontime,V5,RBBB,single,morphology,5,54,0.6854,0.8955,0.9825,0.2101,0.2346,0.0973,0.3328,0.0388,0.0027,True,B_confusion,conduction,False,loss,loss,indeterminate,loss,loss,loss
ptbxl_snomed,inceptiontime,V6,AF,single,rhythm,5,152,0.7359,0.8718,0.9745,0.1358,0.1558,0.0715,0.1963,0.0415,0.0027,False,ok,rhythm,False,loss,loss,indeterminate,loss,indeterminate,loss
ptbxl_snomed,inceptiontime,V6,AFL,single,rhythm,5,7,0.5476,0.6051,0.8633,0.0575,0.0950,-0.1203,0.2667,0.0928,0.3873,False,ok,rhythm,False,indeterminate,indeterminate,indeterminate,indeterminate,indeterminate,indeterminate
ptbxl_snomed,inceptiontime,V6,TWC,single,morphology,5,232,0.4954,0.5626,0.8802,0.0671,0.1193,0.0138,0.1164,0.0067,0.0141,False,ok,repolarization,False,indeterminate,indeterminate,indeterminate,indeterminate,indeterminate,indeterminate
ptbxl_snomed,inceptiontime,V6,LAD,single,morphology,5,528,0.5391,0.8269,0.7831,0.2878,0.3481,0.2481,0.3274,0.0094,0.0027,True,B_confusion,axis,False,loss,loss,loss,loss,loss,loss
ptbxl_snomed,inceptiontime,V6,SB,single,rhythm,5,64,0.5266,0.5159,0.9589,-0.0107,-0.0208,-0.0963,0.0783,0.0422,0.6448,False,ok,rhythm,False,indeterminate,indeterminate,sufficient,indeterminate,indeterminate,indeterminate
ptbxl_snomed,inceptiontime,V6,SVT,single,rhythm,5,3,0.1149,0.0740,0.9897,-0.0409,-0.5522,-0.4055,0.2174,0.1170,0.7830,False,ok,rhythm,True,indeterminate,indeterminate,indeterminate,indeterminate,indeterminate,indeterminate
ptbxl_snomed,inceptiontime,V6,SR,single,rhythm,5,1826,0.9764,0.9783,0.9177,0.0018,0.0019,-0.0016,0.0058,0.0022,0.2738,False,ok,rhythm,False,sufficient,sufficient,sufficient,sufficient,sufficient,sufficient
ptbxl_snomed,inceptiontime,V6,ST,single,rhythm,5,82,0.8545,0.8916,0.9941,0.0371,0.0416,-0.0181,0.0881,0.0375,0.1528,False,ok,rhythm,False,indeterminate,indeterminate,sufficient,indeterminate,sufficient,indeterminate
ptbxl_snomed,inceptiontime,V6,STTC,single,morphology,5,109,0.2527,0.2586,0.8454,0.0059,0.0227,-0.0553,0.0735,0.0270,0.5092,False,ok,repolarization,True,indeterminate,indeterminate,sufficient,indeterminate,indeterminate,indeterminate
ptbxl_snomed,inceptiontime,V6,LVH,single,morphology,5,234,0.6236,0.7528,0.8953,0.1292,0.1717,0.0849,0.1735,0.0154,0.0027,False,ok,hypertrophy,False,loss,loss,indeterminate,loss,loss,loss
ptbxl_snomed,inceptiontime,V6,RBBB,single,morphology,5,54,0.8092,0.8955,0.9872,0.0862,0.0963,-0.0015,0.1756,0.0200,0.0559,False,ok,conduction,False,indeterminate,indeterminate,indeterminate,indeterminate,indeterminate,indeterminate
ptbxl_snomed,inceptiontime,ALL,AF,ceiling,rhythm,5,152,0.8718,0.8718,0.9790,0.0000,0.0000,,,0.0000,,False,ok,rhythm,False,na,na,na,na,na,na
ptbxl_snomed,inceptiontime,ALL,AFL,ceiling,rhythm,5,7,0.6051,0.6051,0.9437,0.0000,0.0000,,,0.0000,,False,ok,rhythm,False,na,na,na,na,na,na
ptbxl_snomed,inceptiontime,ALL,TWC,ceiling,morphology,5,232,0.5626,0.5626,0.9081,0.0000,0.0000,,,0.0000,,False,ok,repolarization,False,na,na,na,na,na,na
ptbxl_snomed,inceptiontime,ALL,LAD,ceiling,morphology,5,528,0.8269,0.8269,0.9363,0.0000,0.0000,,,0.0000,,False,ok,axis,False,na,na,na,na,na,na
ptbxl_snomed,inceptiontime,ALL,SB,ceiling,rhythm,5,64,0.5159,0.5159,0.9612,0.0000,0.0000,,,0.0000,,False,ok,rhythm,False,na,na,na,na,na,na
ptbxl_snomed,inceptiontime,ALL,SVT,ceiling,rhythm,5,3,0.0740,0.0740,0.9791,0.0000,0.0000,,,0.0000,,False,ok,rhythm,True,na,na,na,na,na,na
ptbxl_snomed,inceptiontime,ALL,SR,ceiling,rhythm,5,1826,0.9783,0.9783,0.9206,0.0000,0.0000,,,0.0000,,False,ok,rhythm,False,na,na,na,na,na,na
ptbxl_snomed,inceptiontime,ALL,ST,ceiling,rhythm,5,82,0.8916,0.8916,0.9942,0.0000,0.0000,,,0.0000,,False,ok,rhythm,False,na,na,na,na,na,na
ptbxl_snomed,inceptiontime,ALL,STTC,ceiling,morphology,5,109,0.2586,0.2586,0.8565,0.0000,0.0000,,,0.0000,,False,ok,repolarization,True,na,na,na,na,na,na
ptbxl_snomed,inceptiontime,ALL,LVH,ceiling,morphology,5,234,0.7528,0.7528,0.9539,0.0000,0.0000,,,0.0000,,False,ok,hypertrophy,False,na,na,na,na,na,na
ptbxl_snomed,inceptiontime,ALL,RBBB,ceiling,morphology,5,54,0.8955,0.8955,0.9977,0.0000,0.0000,,,0.0000,,False,ok,conduction,False,na,na,na,na,na,na
ptbxl_snomed,inceptiontime,I+II,AF,device,rhythm,5,152,0.8557,0.8718,0.9793,0.0161,0.0184,-0.0095,0.0441,0.0447,0.2948,False,ok,rhythm,False,indeterminate,sufficient,sufficient,indeterminate,sufficient,sufficient
ptbxl_snomed,inceptiontime,I+II,AFL,device,rhythm,5,7,0.6264,0.6051,0.9129,-0.0213,-0.0352,-0.1388,0.0467,0.0236,0.7363,False,ok,rhythm,False,indeterminate,sufficient,sufficient,indeterminate,sufficient,sufficient
ptbxl_snomed,inceptiontime,I+II,TWC,device,morphology,5,232,0.4740,0.5626,0.8827,0.0886,0.1574,0.0450,0.1324,0.0121,0.0049,False,ok,repolarization,False,loss,indeterminate,indeterminate,loss,indeterminate,indeterminate
ptbxl_snomed,inceptiontime,I+II,LAD,device,morphology,5,528,0.7811,0.8269,0.9238,0.0459,0.0555,0.0266,0.0659,0.0104,0.0049,False,ok,axis,False,loss,indeterminate,sufficient,indeterminate,sufficient,indeterminate
ptbxl_snomed,inceptiontime,I+II,SB,device,rhythm,5,64,0.5015,0.5159,0.9583,0.0144,0.0280,-0.0283,0.0751,0.0379,0.4701,False,ok,rhythm,False,indeterminate,indeterminate,sufficient,indeterminate,indeterminate,indeterminate
ptbxl_snomed,inceptiontime,I+II,SVT,device,rhythm,5,3,0.0517,0.0740,0.9809,0.0223,0.3013,-0.0116,0.2203,0.0407,0.4913,False,ok,rhythm,True,indeterminate,indeterminate,indeterminate,indeterminate,indeterminate,indeterminate
ptbxl_snomed,inceptiontime,I+II,SR,device,rhythm,5,1826,0.9804,0.9783,0.9238,-0.0021,-0.0022,-0.0048,0.0004,0.0031,0.9990,False,ok,rhythm,False,sufficient,sufficient,sufficient,sufficient,sufficient,sufficient
ptbxl_snomed,inceptiontime,I+II,ST,device,rhythm,5,82,0.8779,0.8916,0.9949,0.0137,0.0153,-0.0184,0.0443,0.0094,0.3956,False,ok,rhythm,False,indeterminate,sufficient,sufficient,sufficient,sufficient,sufficient
ptbxl_snomed,inceptiontime,I+II,STTC,device,morphology,5,109,0.2300,0.2586,0.8729,0.0286,0.1107,-0.0126,0.0795,0.0172,0.2901,False,ok,repolarization,True,indeterminate,indeterminate,sufficient,indeterminate,indeterminate,indeterminate
ptbxl_snomed,inceptiontime,I+II,LVH,device,morphology,5,234,0.5880,0.7528,0.8841,0.1648,0.2189,0.1092,0.2174,0.0227,0.0049,True,B_confusion,hypertrophy,False,loss,loss,loss,loss,loss,loss
ptbxl_snomed,inceptiontime,I+II,RBBB,device,morphology,5,54,0.8693,0.8955,0.9972,0.0261,0.0292,-0.0464,0.1074,0.0334,0.4817,False,ok,conduction,False,indeterminate,indeterminate,indeterminate,indeterminate,indeterminate,indeterminate
ptbxl_snomed,inceptiontime,LIMB6,AF,device,rhythm,5,152,0.8506,0.8718,0.9791,0.0212,0.0243,-0.0082,0.0466,0.0301,0.2763,False,ok,rhythm,False,indeterminate,sufficient,sufficient,indeterminate,sufficient,sufficient
ptbxl_snomed,inceptiontime,LIMB6,AFL,device,rhythm,5,7,0.6542,0.6051,0.9020,-0.0491,-0.0811,-0.2278,0.0793,0.0332,0.8813,False,ok,rhythm,False,indeterminate,indeterminate,sufficient,indeterminate,indeterminate,indeterminate
ptbxl_snomed,inceptiontime,LIMB6,TWC,device,morphology,5,232,0.4794,0.5626,0.8834,0.0832,0.1478,0.0341,0.1274,0.0159,0.0132,False,ok,repolarization,False,loss,indeterminate,indeterminate,loss,indeterminate,indeterminate
ptbxl_snomed,inceptiontime,LIMB6,LAD,device,morphology,5,528,0.7735,0.8269,0.9233,0.0535,0.0646,0.0319,0.0754,0.0128,0.0049,False,ok,axis,False,loss,indeterminate,sufficient,indeterminate,sufficient,indeterminate
ptbxl_snomed,inceptiontime,LIMB6,SB,device,rhythm,5,64,0.5289,0.5159,0.9568,-0.0130,-0.0252,-0.0660,0.0532,0.0650,0.7363,False,ok,rhythm,False,indeterminate,indeterminate,sufficient,indeterminate,indeterminate,indeterminate
ptbxl_snomed,inceptiontime,LIMB6,SVT,device,rhythm,5,3,0.0732,0.0740,0.9705,0.0008,0.0105,-0.0482,0.0798,0.0344,0.7209,False,ok,rhythm,True,indeterminate,indeterminate,sufficient,indeterminate,indeterminate,indeterminate
ptbxl_snomed,inceptiontime,LIMB6,SR,device,rhythm,5,1826,0.9799,0.9783,0.9231,-0.0016,-0.0016,-0.0038,0.0005,0.0016,0.9831,False,ok,rhythm,False,sufficient,sufficient,sufficient,sufficient,sufficient,sufficient
ptbxl_snomed,inceptiontime,LIMB6,ST,device,rhythm,5,82,0.8885,0.8916,0.9949,0.0031,0.0035,-0.0284,0.0305,0.0123,0.6775,False,ok,rhythm,False,indeterminate,sufficient,sufficient,sufficient,sufficient,sufficient
ptbxl_snomed,inceptiontime,LIMB6,STTC,device,morphology,5,109,0.2366,0.2586,0.8702,0.0220,0.0850,-0.0196,0.0703,0.0220,0.3692,False,ok,repolarization,True,indeterminate,indeterminate,sufficient,indeterminate,indeterminate,indeterminate
ptbxl_snomed,inceptiontime,LIMB6,LVH,device,morphology,5,234,0.5696,0.7528,0.8808,0.1833,0.2434,0.1279,0.2352,0.0241,0.0049,True,B_confusion,hypertrophy,False,loss,loss,loss,loss,loss,loss
ptbxl_snomed,inceptiontime,LIMB6,RBBB,device,morphology,5,54,0.8702,0.8955,0.9973,0.0253,0.0282,-0.0549,0.1144,0.0174,0.4913,False,ok,conduction,False,indeterminate,indeterminate,indeterminate,indeterminate,indeterminate,indeterminate
ptbxl_snomed,inceptiontime,CH3,AF,device,rhythm,5,152,0.8551,0.8718,0.9794,0.0167,0.0191,-0.0068,0.0367,0.0351,0.2948,False,ok,rhythm,False,indeterminate,sufficient,sufficient,sufficient,sufficient,sufficient
ptbxl_snomed,inceptiontime,CH3,AFL,device,rhythm,5,7,0.6335,0.6051,0.8795,-0.0284,-0.0469,-0.1489,0.0280,0.0243,0.7363,False,ok,rhythm,False,indeterminate,sufficient,sufficient,sufficient,sufficient,sufficient
ptbxl_snomed,inceptiontime,CH3,TWC,device,morphology,5,232,0.5257,0.5626,0.8985,0.0369,0.0655,-0.0062,0.0773,0.0232,0.1555,False,ok,repolarization,False,indeterminate,indeterminate,sufficient,indeterminate,indeterminate,indeterminate
ptbxl_snomed,inceptiontime,CH3,LAD,device,morphology,5,528,0.7893,0.8269,0.9263,0.0376,0.0455,0.0193,0.0562,0.0178,0.0049,False,ok,axis,False,indeterminate,indeterminate,sufficient,indeterminate,sufficient,indeterminate
ptbxl_snomed,inceptiontime,CH3,SB,device,rhythm,5,64,0.5068,0.5159,0.9589,0.0091,0.0176,-0.0309,0.0675,0.0465,0.4913,False,ok,rhythm,False,indeterminate,indeterminate,sufficient,indeterminate,indeterminate,indeterminate
ptbxl_snomed,inceptiontime,CH3,SVT,device,rhythm,5,3,0.0781,0.0740,0.9864,-0.0041,-0.0549,-0.0652,0.1350,0.0265,0.7363,False,ok,rhythm,True,indeterminate,indeterminate,indeterminate,indeterminate,indeterminate,indeterminate
ptbxl_snomed,inceptiontime,CH3,SR,device,rhythm,5,1826,0.9817,0.9783,0.9284,-0.0035,-0.0036,-0.0057,-0.0013,0.0024,0.9990,False,ok,rhythm,False,sufficient,sufficient,sufficient,sufficient,sufficient,sufficient
ptbxl_snomed,inceptiontime,CH3,ST,device,rhythm,5,82,0.8595,0.8916,0.9930,0.0321,0.0360,-0.0002,0.0678,0.0059,0.1062,False,ok,rhythm,False,indeterminate,indeterminate,sufficient,indeterminate,sufficient,indeterminate
ptbxl_snomed,inceptiontime,CH3,STTC,device,morphology,5,109,0.2483,0.2586,0.8690,0.0102,0.0396,-0.0306,0.0532,0.0182,0.5228,False,ok,repolarization,True,indeterminate,indeterminate,sufficient,indeterminate,indeterminate,indeterminate
ptbxl_snomed,inceptiontime,CH3,LVH,device,morphology,5,234,0.5980,0.7528,0.8925,0.1548,0.2056,0.1043,0.2029,0.0094,0.0049,True,B_confusion,hypertrophy,False,loss,loss,loss,loss,loss,loss
ptbxl_snomed,inceptiontime,CH3,RBBB,device,morphology,5,54,0.9033,0.8955,0.9980,-0.0079,-0.0088,-0.0597,0.0471,0.0236,0.7366,False,ok,conduction,False,indeterminate,sufficient,sufficient,indeterminate,sufficient,sufficient
ptbxl_snomed,inceptiontime,CH4,AF,device,rhythm,5,152,0.8551,0.8718,0.9799,0.0167,0.0192,-0.0127,0.0500,0.0394,0.3678,False,ok,rhythm,False,indeterminate,sufficient,sufficient,indeterminate,sufficient,sufficient
ptbxl_snomed,inceptiontime,CH4,AFL,device,rhythm,5,7,0.6319,0.6051,0.9374,-0.0268,-0.0443,-0.1429,0.0392,0.0403,0.7808,False,ok,rhythm,False,indeterminate,sufficient,sufficient,indeterminate,sufficient,sufficient
ptbxl_snomed,inceptiontime,CH4,TWC,device,morphology,5,232,0.5178,0.5626,0.8989,0.0448,0.0797,0.0067,0.0807,0.0170,0.0480,False,ok,repolarization,False,indeterminate,indeterminate,sufficient,indeterminate,indeterminate,indeterminate
ptbxl_snomed,inceptiontime,CH4,LAD,device,morphology,5,528,0.7823,0.8269,0.9259,0.0446,0.0540,0.0259,0.0637,0.0197,0.0049,False,ok,axis,False,loss,indeterminate,sufficient,indeterminate,sufficient,indeterminate
ptbxl_snomed,inceptiontime,CH4,SB,device,rhythm,5,64,0.5457,0.5159,0.9573,-0.0298,-0.0578,-0.0787,0.0298,0.0517,0.8813,False,ok,rhythm,False,indeterminate,sufficient,sufficient,indeterminate,sufficient,sufficient
ptbxl_snomed,inceptiontime,CH4,SVT,device,rhythm,5,3,0.0733,0.0740,0.9815,0.0007,0.0090,-0.0691,0.1493,0.0322,0.7363,False,ok,rhythm,True,indeterminate,indeterminate,indeterminate,indeterminate,indeterminate,indeterminate
ptbxl_snomed,inceptiontime,CH4,SR,device,rhythm,5,1826,0.9810,0.9783,0.9246,-0.0027,-0.0028,-0.0053,-0.0005,0.0030,0.9990,False,ok,rhythm,False,sufficient,sufficient,sufficient,sufficient,sufficient,sufficient
ptbxl_snomed,inceptiontime,CH4,ST,device,rhythm,5,82,0.8782,0.8916,0.9946,0.0134,0.0150,-0.0099,0.0414,0.0127,0.3678,False,ok,rhythm,False,indeterminate,sufficient,sufficient,sufficient,sufficient,sufficient
ptbxl_snomed,inceptiontime,CH4,STTC,device,morphology,5,109,0.2437,0.2586,0.8697,0.0149,0.0577,-0.0216,0.0538,0.0229,0.4056,False,ok,repolarization,True,indeterminate,indeterminate,sufficient,indeterminate,indeterminate,indeterminate
ptbxl_snomed,inceptiontime,CH4,LVH,device,morphology,5,234,0.5963,0.7528,0.8950,0.1565,0.2079,0.1070,0.2034,0.0156,0.0049,True,B_confusion,hypertrophy,False,loss,loss,loss,loss,loss,loss
ptbxl_snomed,inceptiontime,CH4,RBBB,device,morphology,5,54,0.9017,0.8955,0.9979,-0.0062,-0.0069,-0.0494,0.0362,0.0240,0.7363,False,ok,conduction,False,indeterminate,sufficient,sufficient,sufficient,sufficient,sufficient
ptbxl_snomed,gbm,I,AF,single,rhythm,1,152,0.9082,0.8927,0.9880,-0.0155,-0.0174,-0.0495,0.0141,,0.9143,False,ok,rhythm,False,sufficient,sufficient,sufficient,sufficient,sufficient,sufficient
ptbxl_snomed,gbm,I,AFL,single,rhythm,1,7,0.1750,0.6101,0.8726,0.4351,0.7131,0.1424,0.6383,,0.0094,True,B_confusion,rhythm,False,loss,loss,loss,loss,loss,loss
ptbxl_snomed,gbm,I,TWC,single,morphology,1,232,0.3086,0.5139,0.7974,0.2053,0.3995,0.1369,0.2694,,0.0022,True,B_confusion,repolarization,False,loss,loss,loss,loss,loss,loss
ptbxl_snomed,gbm,I,LAD,single,morphology,1,528,0.3923,0.7585,0.6958,0.3661,0.4827,0.3249,0.4068,,0.0022,True,B_confusion,axis,False,loss,loss,loss,loss,loss,loss
ptbxl_snomed,gbm,I,SB,single,rhythm,1,64,0.5601,0.6889,0.9516,0.1288,0.1869,0.0445,0.2094,,0.0039,False,ok,rhythm,False,loss,indeterminate,indeterminate,loss,indeterminate,indeterminate
ptbxl_snomed,gbm,I,SVT,single,rhythm,1,3,0.0421,0.0246,0.9533,-0.0176,-0.7143,-0.0970,0.0133,,1.0000,False,ok,rhythm,True,sufficient,sufficient,sufficient,indeterminate,indeterminate,sufficient
ptbxl_snomed,gbm,I,SR,single,rhythm,1,1826,0.9818,0.9874,0.9325,0.0056,0.0056,0.0018,0.0106,,0.0022,False,ok,rhythm,False,sufficient,sufficient,sufficient,sufficient,sufficient,sufficient
ptbxl_snomed,gbm,I,ST,single,rhythm,1,82,0.9018,0.8883,0.9953,-0.0135,-0.0152,-0.0592,0.0288,,0.8233,False,ok,rhythm,False,indeterminate,sufficient,sufficient,sufficient,sufficient,sufficient
ptbxl_snomed,gbm,I,STTC,single,morphology,1,109,0.1331,0.1568,0.7864,0.0237,0.1512,-0.0065,0.0647,,0.1257,False,ok,repolarization,True,indeterminate,indeterminate,sufficient,indeterminate,indeterminate,indeterminate
ptbxl_snomed,gbm,I,LVH,single,morphology,1,234,0.4512,0.7774,0.8126,0.3262,0.4196,0.2674,0.3774,,0.0022,True,B_confusion,hypertrophy,False,loss,loss,loss,loss,loss,loss
ptbxl_snomed,gbm,I,RBBB,single,morphology,1,54,0.7585,0.8319,0.9940,0.0734,0.0883,-0.0372,0.1795,,0.1706,False,ok,conduction,False,indeterminate,indeterminate,indeterminate,indeterminate,indeterminate,indeterminate
ptbxl_snomed,gbm,II,AF,single,rhythm,1,152,0.8954,0.8927,0.9900,-0.0027,-0.0030,-0.0359,0.0281,,0.6885,False,ok,rhythm,False,indeterminate,sufficient,sufficient,sufficient,sufficient,sufficient
ptbxl_snomed,gbm,II,AFL,single,rhythm,1,7,0.2633,0.6101,0.6519,0.3468,0.5684,0.0141,0.5801,,0.0291,True,B_confusion,rhythm,False,indeterminate,indeterminate,indeterminate,indeterminate,indeterminate,indeterminate
ptbxl_snomed,gbm,II,TWC,single,morphology,1,232,0.2979,0.5139,0.8027,0.2160,0.4203,0.1582,0.2723,,0.0022,True,B_confusion,repolarization,False,loss,loss,loss,loss,loss,loss
ptbxl_snomed,gbm,II,LAD,single,morphology,1,528,0.6637,0.7585,0.8772,0.0948,0.1250,0.0641,0.1262,,0.0022,False,ok,axis,False,loss,loss,indeterminate,loss,indeterminate,loss
ptbxl_snomed,gbm,II,SB,single,rhythm,1,64,0.5125,0.6889,0.9463,0.1764,0.2560,0.0879,0.2709,,0.0022,True,B_confusion,rhythm,False,loss,loss,indeterminate,loss,loss,loss
ptbxl_snomed,gbm,II,SVT,single,rhythm,1,3,0.1433,0.0246,0.9864,-0.1187,-4.8301,-0.4186,-0.0112,,1.0000,False,ok,rhythm,True,sufficient,sufficient,sufficient,sufficient,sufficient,sufficient
ptbxl_snomed,gbm,II,SR,single,rhythm,1,1826,0.9833,0.9874,0.9333,0.0041,0.0042,0.0018,0.0069,,0.0039,False,ok,rhythm,False,sufficient,sufficient,sufficient,sufficient,sufficient,sufficient
ptbxl_snomed,gbm,II,ST,single,rhythm,1,82,0.9072,0.8883,0.9942,-0.0190,-0.0213,-0.0551,0.0175,,0.9220,False,ok,rhythm,False,sufficient,sufficient,sufficient,sufficient,sufficient,sufficient
ptbxl_snomed,gbm,II,STTC,single,morphology,1,109,0.1376,0.1568,0.7584,0.0192,0.1223,-0.0149,0.0550,,0.2062,False,ok,repolarization,True,indeterminate,indeterminate,sufficient,indeterminate,indeterminate,indeterminate
ptbxl_snomed,gbm,II,LVH,single,morphology,1,234,0.3204,0.7774,0.7669,0.4570,0.5878,0.3957,0.5059,,0.0022,True,B_confusion,hypertrophy,False,loss,loss,loss,loss,loss,loss
ptbxl_snomed,gbm,II,RBBB,single,morphology,1,54,0.1944,0.8319,0.9045,0.6375,0.7663,0.5140,0.7408,,0.0022,True,B_confusion,conduction,False,loss,loss,loss,loss,loss,loss
ptbxl_snomed,gbm,III,AF,single,rhythm,1,152,0.8636,0.8927,0.9690,0.0291,0.0326,-0.0139,0.0727,,0.1507,False,ok,rhythm,False,indeterminate,indeterminate,sufficient,indeterminate,sufficient,indeterminate
ptbxl_snomed,gbm,III,AFL,single,rhythm,1,7,0.4868,0.6101,0.9153,0.1232,0.2020,-0.1411,0.4628,,0.2610,False,ok,rhythm,False,indeterminate,indeterminate,indeterminate,indeterminate,indeterminate,indeterminate
ptbxl_snomed,gbm,III,TWC,single,morphology,1,232,0.1226,0.5139,0.5707,0.3913,0.7615,0.3298,0.4533,,0.0022,True,A_invisible,repolarization,False,loss,loss,loss,loss,loss,loss
ptbxl_snomed,gbm,III,LAD,single,morphology,1,528,0.6039,0.7585,0.8689,0.1546,0.2038,0.1195,0.1883,,0.0022,True,B_confusion,axis,False,loss,loss,loss,loss,loss,loss
ptbxl_snomed,gbm,III,SB,single,rhythm,1,64,0.4146,0.6889,0.9378,0.2743,0.3982,0.1573,0.3695,,0.0022,True,B_confusion,rhythm,False,loss,loss,loss,loss,loss,loss
ptbxl_snomed,gbm,III,SVT,single,rhythm,1,3,0.3841,0.0246,0.9911,-0.3595,-14.6283,-0.9286,-0.0281,,1.0000,False,ok,rhythm,True,sufficient,sufficient,sufficient,sufficient,sufficient,sufficient
ptbxl_snomed,gbm,III,SR,single,rhythm,1,1826,0.9767,0.9874,0.9192,0.0107,0.0109,0.0061,0.0159,,0.0022,False,ok,rhythm,False,sufficient,sufficient,sufficient,sufficient,sufficient,sufficient
ptbxl_snomed,gbm,III,ST,single,rhythm,1,82,0.8110,0.8883,0.9917,0.0773,0.0870,0.0042,0.1463,,0.0351,False,ok,rhythm,False,indeterminate,indeterminate,indeterminate,indeterminate,indeterminate,indeterminate
ptbxl_snomed,gbm,III,STTC,single,morphology,1,109,0.0768,0.1568,0.6088,0.0800,0.5101,0.0451,0.1247,,0.0022,False,ok,repolarization,True,loss,indeterminate,indeterminate,loss,loss,indeterminate
ptbxl_snomed,gbm,III,LVH,single,morphology,1,234,0.2786,0.7774,0.7103,0.4988,0.6417,0.4411,0.5505,,0.0022,True,B_confusion,hypertrophy,False,loss,loss,loss,loss,loss,loss
ptbxl_snomed,gbm,III,RBBB,single,morphology,1,54,0.4571,0.8319,0.9079,0.3749,0.4506,0.2069,0.5409,,0.0022,True,B_confusion,conduction,False,loss,loss,loss,loss,loss,loss
ptbxl_snomed,gbm,aVR,AF,single,rhythm,1,152,0.8953,0.8927,0.9864,-0.0025,-0.0028,-0.0381,0.0253,,0.6498,False,ok,rhythm,False,indeterminate,sufficient,sufficient,sufficient,sufficient,sufficient
ptbxl_snomed,gbm,aVR,AFL,single,rhythm,1,7,0.2085,0.6101,0.8525,0.4016,0.6582,0.0201,0.6851,,0.0291,True,B_confusion,rhythm,False,loss,indeterminate,indeterminate,indeterminate,indeterminate,indeterminate
ptbxl_snomed,gbm,aVR,TWC,single,morphology,1,232,0.3456,0.5139,0.8253,0.1683,0.3275,0.1076,0.2270,,0.0022,True,B_confusion,repolarization,False,loss,loss,loss,loss,loss,loss
ptbxl_snomed,gbm,aVR,LAD,single,morphology,1,528,0.4508,0.7585,0.7364,0.3077,0.4057,0.2684,0.3458,,0.0022,True,B_confusion,axis,False,loss,loss,loss,loss,loss,loss
ptbxl_snomed,gbm,aVR,SB,single,rhythm,1,64,0.5761,0.6889,0.9516,0.1128,0.1637,0.0411,0.1912,,0.0039,False,ok,rhythm,False,loss,indeterminate,indeterminate,loss,indeterminate,indeterminate
ptbxl_snomed,gbm,aVR,SVT,single,rhythm,1,3,0.4017,0.0246,0.9871,-0.3771,-15.3436,-0.9286,-0.0128,,1.0000,False,ok,rhythm,True,sufficient,sufficient,sufficient,sufficient,sufficient,sufficient
ptbxl_snomed,gbm,aVR,SR,single,rhythm,1,1826,0.9833,0.9874,0.9328,0.0041,0.0041,0.0017,0.0068,,0.0022,False,ok,rhythm,False,sufficient,sufficient,sufficient,sufficient,sufficient,sufficient
ptbxl_snomed,gbm,aVR,ST,single,rhythm,1,82,0.8836,0.8883,0.9935,0.0047,0.0053,-0.0482,0.0539,,0.5324,False,ok,rhythm,False,indeterminate,indeterminate,sufficient,indeterminate,sufficient,indeterminate
ptbxl_snomed,gbm,aVR,STTC,single,morphology,1,109,0.1375,0.1568,0.7922,0.0193,0.1232,-0.0180,0.0636,,0.2082,False,ok,repolarization,True,indeterminate,indeterminate,sufficient,indeterminate,indeterminate,indeterminate
ptbxl_snomed,gbm,aVR,LVH,single,morphology,1,234,0.4053,0.7774,0.8260,0.3721,0.4787,0.3081,0.4220,,0.0022,True,B_confusion,hypertrophy,False,loss,loss,loss,loss,loss,loss
ptbxl_snomed,gbm,aVR,RBBB,single,morphology,1,54,0.6270,0.8319,0.9876,0.2050,0.2464,0.0973,0.3185,,0.0022,True,B_confusion,conduction,False,loss,loss,indeterminate,loss,loss,loss
ptbxl_snomed,gbm,aVL,AF,single,rhythm,1,152,0.8793,0.8927,0.9812,0.0134,0.0150,-0.0279,0.0537,,0.3173,False,ok,rhythm,False,indeterminate,indeterminate,sufficient,indeterminate,sufficient,indeterminate
ptbxl_snomed,gbm,aVL,AFL,single,rhythm,1,7,0.1798,0.6101,0.7583,0.4303,0.7052,0.0678,0.7049,,0.0145,True,B_confusion,rhythm,False,loss,loss,indeterminate,loss,loss,loss
ptbxl_snomed,gbm,aVL,TWC,single,morphology,1,232,0.1821,0.5139,0.6861,0.3318,0.6457,0.2720,0.3911,,0.0022,True,B_confusion,repolarization,False,loss,loss,loss,loss,loss,loss
ptbxl_snomed,gbm,aVL,LAD,single,morphology,1,528,0.4922,0.7585,0.7995,0.2662,0.3510,0.2286,0.3049,,0.0022,True,B_confusion,axis,False,loss,loss,loss,loss,loss,loss
ptbxl_snomed,gbm,aVL,SB,single,rhythm,1,64,0.5008,0.6889,0.9469,0.1880,0.2730,0.0895,0.2686,,0.0022,True,B_confusion,rhythm,False,loss,loss,indeterminate,loss,loss,loss
ptbxl_snomed,gbm,aVL,SVT,single,rhythm,1,3,0.0510,0.0246,0.9690,-0.0265,-1.0764,-0.1206,0.0629,,0.8959,False,ok,rhythm,True,indeterminate,indeterminate,sufficient,indeterminate,indeterminate,indeterminate
ptbxl_snomed,gbm,aVL,SR,single,rhythm,1,1826,0.9817,0.9874,0.9293,0.0057,0.0058,0.0025,0.0094,,0.0022,False,ok,rhythm,False,sufficient,sufficient,sufficient,sufficient,sufficient,sufficient
ptbxl_snomed,gbm,aVL,ST,single,rhythm,1,82,0.8240,0.8883,0.9923,0.0643,0.0724,-0.0078,0.1246,,0.0612,False,ok,rhythm,False,indeterminate,indeterminate,indeterminate,indeterminate,indeterminate,indeterminate
ptbxl_snomed,gbm,aVL,STTC,single,morphology,1,109,0.0890,0.1568,0.6957,0.0679,0.4327,0.0324,0.1119,,0.0022,False,ok,repolarization,True,loss,indeterminate,indeterminate,loss,loss,indeterminate
ptbxl_snomed,gbm,aVL,LVH,single,morphology,1,234,0.3552,0.7774,0.7572,0.4222,0.5431,0.3642,0.4751,,0.0022,True,B_confusion,hypertrophy,False,loss,loss,loss,loss,loss,loss
ptbxl_snomed,gbm,aVL,RBBB,single,morphology,1,54,0.6916,0.8319,0.9840,0.1403,0.1686,0.0353,0.2530,,0.0039,False,ok,conduction,False,loss,indeterminate,indeterminate,indeterminate,indeterminate,indeterminate
ptbxl_snomed,gbm,aVF,AF,single,rhythm,1,152,0.8891,0.8927,0.9827,0.0036,0.0041,-0.0344,0.0380,,0.4877,False,ok,rhythm,False,indeterminate,sufficient,sufficient,sufficient,sufficient,sufficient
ptbxl_snomed,gbm,aVF,AFL,single,rhythm,1,7,0.4713,0.6101,0.8153,0.1388,0.2275,-0.1405,0.4137,,0.2390,False,ok,rhythm,False,indeterminate,indeterminate,indeterminate,indeterminate,indeterminate,indeterminate
ptbxl_snomed,gbm,aVF,TWC,single,morphology,1,232,0.2012,0.5139,0.7158,0.3127,0.6085,0.2526,0.3730,,0.0022,True,B_confusion,repolarization,False,loss,loss,loss,loss,loss,loss
ptbxl_snomed,gbm,aVF,LAD,single,morphology,1,528,0.6616,0.7585,0.8982,0.0969,0.1278,0.0669,0.1252,,0.0022,False,ok,axis,False,loss,loss,indeterminate,loss,indeterminate,loss
ptbxl_snomed,gbm,aVF,SB,single,rhythm,1,64,0.4854,0.6889,0.9474,0.2035,0.2954,0.1092,0.2859,,0.0022,True,B_confusion,rhythm,False,loss,loss,loss,loss,loss,loss
ptbxl_snomed,gbm,aVF,SVT,single,rhythm,1,3,0.1081,0.0246,0.9897,-0.0835,-3.3989,-0.3510,0.1258,,0.9114,False,ok,rhythm,True,indeterminate,indeterminate,indeterminate,indeterminate,indeterminate,indeterminate
ptbxl_snomed,gbm,aVF,SR,single,rhythm,1,1826,0.9786,0.9874,0.9198,0.0088,0.0089,0.0055,0.0125,,0.0022,False,ok,rhythm,False,sufficient,sufficient,sufficient,sufficient,sufficient,sufficient
ptbxl_snomed,gbm,aVF,ST,single,rhythm,1,82,0.8782,0.8883,0.9919,0.0101,0.0114,-0.0274,0.0537,,0.4295,False,ok,rhythm,False,indeterminate,indeterminate,sufficient,indeterminate,sufficient,indeterminate
ptbxl_snomed,gbm,aVF,STTC,single,morphology,1,109,0.1269,0.1568,0.7075,0.0299,0.1906,-0.0136,0.0726,,0.1408,False,ok,repolarization,True,indeterminate,indeterminate,sufficient,indeterminate,indeterminate,indeterminate
ptbxl_snomed,gbm,aVF,LVH,single,morphology,1,234,0.2425,0.7774,0.7076,0.5349,0.6880,0.4767,0.5789,,0.0022,True,B_confusion,hypertrophy,False,loss,loss,loss,loss,loss,loss
ptbxl_snomed,gbm,aVF,RBBB,single,morphology,1,54,0.1169,0.8319,0.8094,0.7150,0.8595,0.5753,0.8157,,0.0022,True,B_confusion,conduction,False,loss,loss,loss,loss,loss,loss
ptbxl_snomed,gbm,V1,AF,single,rhythm,1,152,0.8448,0.8927,0.9777,0.0479,0.0537,0.0019,0.0961,,0.0379,False,ok,rhythm,False,indeterminate,indeterminate,sufficient,indeterminate,indeterminate,indeterminate
ptbxl_snomed,gbm,V1,AFL,single,rhythm,1,7,0.1977,0.6101,0.7642,0.4124,0.6759,-0.0929,0.8343,,0.0588,False,ok,rhythm,False,indeterminate,indeterminate,indeterminate,indeterminate,indeterminate,indeterminate
ptbxl_snomed,gbm,V1,TWC,single,morphology,1,232,0.1622,0.5139,0.6464,0.3516,0.6843,0.2842,0.4152,,0.0022,True,A_invisible,repolarization,False,loss,loss,loss,loss,loss,loss
ptbxl_snomed,gbm,V1,LAD,single,morphology,1,528,0.3316,0.7585,0.6316,0.4269,0.5628,0.3814,0.4680,,0.0022,True,A_invisible,axis,False,loss,loss,loss,loss,loss,loss
ptbxl_snomed,gbm,V1,SB,single,rhythm,1,64,0.3833,0.6889,0.9348,0.3056,0.4436,0.1947,0.3895,,0.0022,True,B_confusion,rhythm,False,loss,loss,loss,loss,loss,loss
ptbxl_snomed,gbm,V1,SVT,single,rhythm,1,3,0.3717,0.0246,0.9521,-0.3472,-14.1240,-0.9995,0.1658,,0.9108,False,ok,rhythm,True,indeterminate,indeterminate,indeterminate,indeterminate,indeterminate,indeterminate
ptbxl_snomed,gbm,V1,SR,single,rhythm,1,1826,0.9783,0.9874,0.9194,0.0091,0.0092,0.0046,0.0142,,0.0022,False,ok,rhythm,False,sufficient,sufficient,sufficient,sufficient,sufficient,sufficient
ptbxl_snomed,gbm,V1,ST,single,rhythm,1,82,0.8749,0.8883,0.9917,0.0133,0.0150,-0.0327,0.0554,,0.3639,False,ok,rhythm,False,indeterminate,indeterminate,sufficient,indeterminate,sufficient,indeterminate
ptbxl_snomed,gbm,V1,STTC,single,morphology,1,109,0.0895,0.1568,0.6726,0.0673,0.4293,0.0321,0.1109,,0.0022,False,ok,repolarization,True,loss,indeterminate,indeterminate,loss,loss,indeterminate
ptbxl_snomed,gbm,V1,LVH,single,morphology,1,234,0.3935,0.7774,0.8070,0.3840,0.4939,0.3171,0.4461,,0.0022,True,B_confusion,hypertrophy,False,loss,loss,loss,loss,loss,loss
ptbxl_snomed,gbm,V1,RBBB,single,morphology,1,54,0.8962,0.8319,0.9977,-0.0643,-0.0772,-0.1603,0.0134,,1.0000,False,ok,conduction,False,sufficient,sufficient,sufficient,sufficient,sufficient,sufficient
ptbxl_snomed,gbm,V2,AF,single,rhythm,1,152,0.8772,0.8927,0.9734,0.0155,0.0174,-0.0285,0.0586,,0.3099,False,ok,rhythm,False,indeterminate,indeterminate,sufficient,indeterminate,sufficient,indeterminate
ptbxl_snomed,gbm,V2,AFL,single,rhythm,1,7,0.4227,0.6101,0.7747,0.1874,0.3072,-0.1114,0.5443,,0.1787,False,ok,rhythm,False,indeterminate,indeterminate,indeterminate,indeterminate,indeterminate,indeterminate
ptbxl_snomed,gbm,V2,TWC,single,morphology,1,232,0.2401,0.5139,0.7046,0.2738,0.5328,0.2037,0.3425,,0.0022,True,B_confusion,repolarization,False,loss,loss,loss,loss,loss,loss
ptbxl_snomed,gbm,V2,LAD,single,morphology,1,528,0.3489,0.7585,0.6465,0.4095,0.5399,0.3675,0.4489,,0.0022,True,A_invisible,axis,False,loss,loss,loss,loss,loss,loss
ptbxl_snomed,gbm,V2,SB,single,rhythm,1,64,0.4991,0.6889,0.9504,0.1898,0.2755,0.0779,0.2725,,0.0022,True,B_confusion,rhythm,False,loss,loss,indeterminate,loss,loss,loss
ptbxl_snomed,gbm,V2,SVT,single,rhythm,1,3,0.5560,0.0246,0.6824,-0.5315,-21.6222,-0.9921,-0.0000,,1.0000,False,ok,rhythm,True,sufficient,sufficient,sufficient,sufficient,sufficient,sufficient
ptbxl_snomed,gbm,V2,SR,single,rhythm,1,1826,0.9806,0.9874,0.9249,0.0068,0.0069,0.0034,0.0106,,0.0022,False,ok,rhythm,False,sufficient,sufficient,sufficient,sufficient,sufficient,sufficient
ptbxl_snomed,gbm,V2,ST,single,rhythm,1,82,0.8507,0.8883,0.9927,0.0376,0.0424,-0.0160,0.0935,,0.1334,False,ok,rhythm,False,indeterminate,indeterminate,sufficient,indeterminate,indeterminate,indeterminate
ptbxl_snomed,gbm,V2,STTC,single,morphology,1,109,0.1110,0.1568,0.7053,0.0458,0.2923,0.0076,0.0893,,0.0111,False,ok,repolarization,True,indeterminate,indeterminate,sufficient,indeterminate,indeterminate,indeterminate
ptbxl_snomed,gbm,V2,LVH,single,morphology,1,234,0.2710,0.7774,0.7190,0.5064,0.6514,0.4433,0.5618,,0.0022,True,B_confusion,hypertrophy,False,loss,loss,loss,loss,loss,loss
ptbxl_snomed,gbm,V2,RBBB,single,morphology,1,54,0.8653,0.8319,0.9948,-0.0334,-0.0401,-0.1443,0.0705,,0.7958,False,ok,conduction,False,indeterminate,indeterminate,sufficient,indeterminate,sufficient,indeterminate
ptbxl_snomed,gbm,V3,AF,single,rhythm,1,152,0.8965,0.8927,0.9844,-0.0038,-0.0042,-0.0477,0.0356,,0.6629,False,ok,rhythm,False,indeterminate,sufficient,sufficient,sufficient,sufficient,sufficient
ptbxl_snomed,gbm,V3,AFL,single,rhythm,1,7,0.5269,0.6101,0.8627,0.0832,0.1364,-0.1541,0.3651,,0.3077,False,ok,rhythm,False,indeterminate,indeterminate,indeterminate,indeterminate,indeterminate,indeterminate
ptbxl_snomed,gbm,V3,TWC,single,morphology,1,232,0.3202,0.5139,0.7962,0.1937,0.3769,0.1326,0.2548,,0.0022,True,B_confusion,repolarization,False,loss,loss,loss,loss,loss,loss
ptbxl_snomed,gbm,V3,LAD,single,morphology,1,528,0.3513,0.7585,0.6522,0.4072,0.5368,0.3638,0.4459,,0.0022,True,B_confusion,axis,False,loss,loss,loss,loss,loss,loss
ptbxl_snomed,gbm,V3,SB,single,rhythm,1,64,0.6204,0.6889,0.9544,0.0685,0.0994,-0.0023,0.1374,,0.0547,False,ok,rhythm,False,indeterminate,indeterminate,indeterminate,indeterminate,indeterminate,indeterminate
ptbxl_snomed,gbm,V3,SVT,single,rhythm,1,3,0.2571,0.0246,0.9900,-0.2326,-9.4615,-0.8889,-0.0158,,1.0000,False,ok,rhythm,True,sufficient,sufficient,sufficient,sufficient,sufficient,sufficient
ptbxl_snomed,gbm,V3,SR,single,rhythm,1,1826,0.9845,0.9874,0.9354,0.0030,0.0030,0.0007,0.0054,,0.0039,False,ok,rhythm,False,sufficient,sufficient,sufficient,sufficient,sufficient,sufficient
ptbxl_snomed,gbm,V3,ST,single,rhythm,1,82,0.8275,0.8883,0.9921,0.0608,0.0684,-0.0014,0.1222,,0.0440,False,ok,rhythm,False,indeterminate,indeterminate,indeterminate,indeterminate,indeterminate,indeterminate
ptbxl_snomed,gbm,V3,STTC,single,morphology,1,109,0.1099,0.1568,0.7165,0.0469,0.2993,0.0095,0.0889,,0.0145,False,ok,repolarization,True,indeterminate,indeterminate,sufficient,loss,indeterminate,indeterminate
ptbxl_snomed,gbm,V3,LVH,single,morphology,1,234,0.2783,0.7774,0.7238,0.4991,0.6420,0.4353,0.5560,,0.0022,True,B_confusion,hypertrophy,False,loss,loss,loss,loss,loss,loss
ptbxl_snomed,gbm,V3,RBBB,single,morphology,1,54,0.7690,0.8319,0.9894,0.0630,0.0757,-0.0282,0.1605,,0.1334,False,ok,conduction,False,indeterminate,indeterminate,indeterminate,indeterminate,indeterminate,indeterminate
ptbxl_snomed,gbm,V4,AF,single,rhythm,1,152,0.8915,0.8927,0.9852,0.0013,0.0014,-0.0354,0.0348,,0.5617,False,ok,rhythm,False,indeterminate,sufficient,sufficient,sufficient,sufficient,sufficient
ptbxl_snomed,gbm,V4,AFL,single,rhythm,1,7,0.5273,0.6101,0.9116,0.0828,0.1357,-0.1573,0.3641,,0.3303,False,ok,rhythm,False,indeterminate,indeterminate,indeterminate,indeterminate,indeterminate,indeterminate
ptbxl_snomed,gbm,V4,TWC,single,morphology,1,232,0.3778,0.5139,0.8492,0.1361,0.2648,0.0885,0.1853,,0.0022,False,ok,repolarization,False,loss,loss,indeterminate,loss,loss,loss
ptbxl_snomed,gbm,V4,LAD,single,morphology,1,528,0.4355,0.7585,0.7290,0.3229,0.4258,0.2775,0.3632,,0.0022,True,B_confusion,axis,False,loss,loss,loss,loss,loss,loss
ptbxl_snomed,gbm,V4,SB,single,rhythm,1,64,0.5264,0.6889,0.9521,0.1625,0.2359,0.0538,0.2425,,0.0022,True,B_confusion,rhythm,False,loss,loss,indeterminate,loss,indeterminate,loss
ptbxl_snomed,gbm,V4,SVT,single,rhythm,1,3,0.1250,0.0246,0.9882,-0.1004,-4.0856,-0.4364,0.0123,,1.0000,False,ok,rhythm,True,sufficient,sufficient,sufficient,indeterminate,indeterminate,sufficient
ptbxl_snomed,gbm,V4,SR,single,rhythm,1,1826,0.9839,0.9874,0.9342,0.0035,0.0036,0.0014,0.0059,,0.0022,False,ok,rhythm,False,sufficient,sufficient,sufficient,sufficient,sufficient,sufficient
ptbxl_snomed,gbm,V4,ST,single,rhythm,1,82,0.8365,0.8883,0.9936,0.0518,0.0583,-0.0224,0.1146,,0.1451,False,ok,rhythm,False,indeterminate,indeterminate,indeterminate,indeterminate,indeterminate,indeterminate
ptbxl_snomed,gbm,V4,STTC,single,morphology,1,109,0.1202,0.1568,0.7374,0.0366,0.2332,0.0029,0.0749,,0.0338,False,ok,repolarization,True,indeterminate,indeterminate,sufficient,indeterminate,indeterminate,indeterminate
ptbxl_snomed,gbm,V4,LVH,single,morphology,1,234,0.3882,0.7774,0.7989,0.3892,0.5007,0.3296,0.4477,,0.0022,True,B_confusion,hypertrophy,False,loss,loss,loss,loss,loss,loss
ptbxl_snomed,gbm,V4,RBBB,single,morphology,1,54,0.5222,0.8319,0.9708,0.3097,0.3723,0.2017,0.4160,,0.0022,True,B_confusion,conduction,False,loss,loss,loss,loss,loss,loss
ptbxl_snomed,gbm,V5,AF,single,rhythm,1,152,0.8974,0.8927,0.9833,-0.0046,-0.0052,-0.0449,0.0356,,0.6629,False,ok,rhythm,False,indeterminate,sufficient,sufficient,sufficient,sufficient,sufficient
ptbxl_snomed,gbm,V5,AFL,single,rhythm,1,7,0.4614,0.6101,0.7620,0.1487,0.2437,-0.0481,0.4392,,0.1039,False,ok,rhythm,False,indeterminate,indeterminate,indeterminate,indeterminate,indeterminate,indeterminate
ptbxl_snomed,gbm,V5,TWC,single,morphology,1,232,0.4347,0.5139,0.8724,0.0792,0.1540,0.0299,0.1285,,0.0076,False,ok,repolarization,False,loss,indeterminate,indeterminate,loss,indeterminate,indeterminate
ptbxl_snomed,gbm,V5,LAD,single,morphology,1,528,0.4660,0.7585,0.7604,0.2925,0.3857,0.2469,0.3340,,0.0022,True,B_confusion,axis,False,loss,loss,loss,loss,loss,loss
ptbxl_snomed,gbm,V5,SB,single,rhythm,1,64,0.6110,0.6889,0.9529,0.0779,0.1131,0.0138,0.1519,,0.0178,False,ok,rhythm,False,indeterminate,indeterminate,indeterminate,indeterminate,indeterminate,indeterminate
ptbxl_snomed,gbm,V5,SVT,single,rhythm,1,3,0.4522,0.0246,0.9803,-0.4276,-17.3977,-0.9286,-0.0071,,1.0000,False,ok,rhythm,True,sufficient,sufficient,sufficient,sufficient,sufficient,sufficient
ptbxl_snomed,gbm,V5,SR,single,rhythm,1,1826,0.9850,0.9874,0.9378,0.0024,0.0025,0.0008,0.0043,,0.0039,False,ok,rhythm,False,sufficient,sufficient,sufficient,sufficient,sufficient,sufficient
ptbxl_snomed,gbm,V5,ST,single,rhythm,1,82,0.8640,0.8883,0.9929,0.0242,0.0273,-0.0340,0.0895,,0.3284,False,ok,rhythm,False,indeterminate,indeterminate,sufficient,indeterminate,indeterminate,indeterminate
ptbxl_snomed,gbm,V5,STTC,single,morphology,1,109,0.1720,0.1568,0.7963,-0.0152,-0.0967,-0.0524,0.0210,,0.8959,False,ok,repolarization,True,indeterminate,sufficient,sufficient,indeterminate,indeterminate,sufficient
ptbxl_snomed,gbm,V5,LVH,single,morphology,1,234,0.5725,0.7774,0.8843,0.2050,0.2636,0.1522,0.2562,,0.0022,True,B_confusion,hypertrophy,False,loss,loss,loss,loss,loss,loss
ptbxl_snomed,gbm,V5,RBBB,single,morphology,1,54,0.5827,0.8319,0.9778,0.2492,0.2995,0.1508,0.3628,,0.0022,True,B_confusion,conduction,False,loss,loss,loss,loss,loss,loss
ptbxl_snomed,gbm,V6,AF,single,rhythm,1,152,0.9125,0.8927,0.9839,-0.0197,-0.0221,-0.0551,0.0134,,0.9425,False,ok,rhythm,False,sufficient,sufficient,sufficient,sufficient,sufficient,sufficient
ptbxl_snomed,gbm,V6,AFL,single,rhythm,1,7,0.3874,0.6101,0.8493,0.2227,0.3650,0.0002,0.5286,,0.0211,True,B_confusion,rhythm,False,indeterminate,indeterminate,indeterminate,indeterminate,indeterminate,indeterminate
ptbxl_snomed,gbm,V6,TWC,single,morphology,1,232,0.4182,0.5139,0.8531,0.0957,0.1862,0.0374,0.1516,,0.0022,False,ok,repolarization,False,loss,indeterminate,indeterminate,loss,indeterminate,indeterminate
ptbxl_snomed,gbm,V6,LAD,single,morphology,1,528,0.4784,0.7585,0.7663,0.2801,0.3693,0.2355,0.3249,,0.0022,True,B_confusion,axis,False,loss,loss,loss,loss,loss,loss
ptbxl_snomed,gbm,V6,SB,single,rhythm,1,64,0.5306,0.6889,0.9539,0.1582,0.2297,0.0528,0.2441,,0.0039,True,B_confusion,rhythm,False,loss,loss,indeterminate,loss,indeterminate,loss
ptbxl_snomed,gbm,V6,SVT,single,rhythm,1,3,0.2640,0.0246,0.9927,-0.2394,-9.7407,-0.9991,-0.0194,,1.0000,False,ok,rhythm,True,sufficient,sufficient,sufficient,sufficient,sufficient,sufficient
ptbxl_snomed,gbm,V6,SR,single,rhythm,1,1826,0.9845,0.9874,0.9365,0.0029,0.0030,0.0009,0.0053,,0.0022,False,ok,rhythm,False,sufficient,sufficient,sufficient,sufficient,sufficient,sufficient
ptbxl_snomed,gbm,V6,ST,single,rhythm,1,82,0.8866,0.8883,0.9955,0.0017,0.0019,-0.0316,0.0348,,0.6073,False,ok,rhythm,False,indeterminate,sufficient,sufficient,sufficient,sufficient,sufficient
ptbxl_snomed,gbm,V6,STTC,single,morphology,1,109,0.1426,0.1568,0.7855,0.0142,0.0907,-0.0204,0.0523,,0.3077,False,ok,repolarization,True,indeterminate,indeterminate,sufficient,indeterminate,indeterminate,indeterminate
ptbxl_snomed,gbm,V6,LVH,single,morphology,1,234,0.5287,0.7774,0.8746,0.2487,0.3200,0.1952,0.3006,,0.0022,True,B_confusion,hypertrophy,False,loss,loss,loss,loss,loss,loss
ptbxl_snomed,gbm,V6,RBBB,single,morphology,1,54,0.6851,0.8319,0.9802,0.1468,0.1765,0.0657,0.2428,,0.0022,False,ok,conduction,False,loss,loss,indeterminate,loss,indeterminate,loss
ptbxl_snomed,gbm,ALL,AF,ceiling,rhythm,1,152,0.8927,0.8927,0.9905,0.0000,0.0000,,,,,False,ok,rhythm,False,na,na,na,na,na,na
ptbxl_snomed,gbm,ALL,AFL,ceiling,rhythm,1,7,0.6101,0.6101,0.8859,0.0000,0.0000,,,,,False,ok,rhythm,False,na,na,na,na,na,na
ptbxl_snomed,gbm,ALL,TWC,ceiling,morphology,1,232,0.5139,0.5139,0.9002,0.0000,0.0000,,,,,False,ok,repolarization,False,na,na,na,na,na,na
ptbxl_snomed,gbm,ALL,LAD,ceiling,morphology,1,528,0.7585,0.7585,0.9224,0.0000,0.0000,,,,,False,ok,axis,False,na,na,na,na,na,na
ptbxl_snomed,gbm,ALL,SB,ceiling,rhythm,1,64,0.6889,0.6889,0.9544,0.0000,0.0000,,,,,False,ok,rhythm,False,na,na,na,na,na,na
ptbxl_snomed,gbm,ALL,SVT,ceiling,rhythm,1,3,0.0246,0.0246,0.3430,0.0000,0.0000,,,,,False,ok,rhythm,True,na,na,na,na,na,na
ptbxl_snomed,gbm,ALL,SR,ceiling,rhythm,1,1826,0.9874,0.9874,0.9461,0.0000,0.0000,,,,,False,ok,rhythm,False,na,na,na,na,na,na
ptbxl_snomed,gbm,ALL,ST,ceiling,rhythm,1,82,0.8883,0.8883,0.9940,0.0000,0.0000,,,,,False,ok,rhythm,False,na,na,na,na,na,na
ptbxl_snomed,gbm,ALL,STTC,ceiling,morphology,1,109,0.1568,0.1568,0.7949,0.0000,0.0000,,,,,False,ok,repolarization,True,na,na,na,na,na,na
ptbxl_snomed,gbm,ALL,LVH,ceiling,morphology,1,234,0.7774,0.7774,0.9572,0.0000,0.0000,,,,,False,ok,hypertrophy,False,na,na,na,na,na,na
ptbxl_snomed,gbm,ALL,RBBB,ceiling,morphology,1,54,0.8319,0.8319,0.9968,0.0000,0.0000,,,,,False,ok,conduction,False,na,na,na,na,na,na
georgia,seresnet,I,AF,single,rhythm,5,85,0.6834,0.7567,0.9311,0.0733,0.0969,-0.0025,0.1485,0.0515,0.0495,False,ok,rhythm,False,indeterminate,indeterminate,indeterminate,indeterminate,indeterminate,indeterminate
georgia,seresnet,I,AFL,single,rhythm,5,28,0.3344,0.5696,0.8285,0.2352,0.4130,0.0797,0.3939,0.0304,0.0075,True,B_confusion,rhythm,False,loss,loss,indeterminate,loss,loss,loss
georgia,seresnet,I,TWC,single,morphology,5,345,0.5870,0.7150,0.8153,0.1280,0.1790,0.0808,0.1721,0.0185,0.0026,False,ok,repolarization,False,loss,loss,indeterminate,loss,loss,loss
georgia,seresnet,I,LAD,single,morphology,5,141,0.2417,0.7201,0.7383,0.4785,0.6644,0.3974,0.5544,0.0194,0.0026,True,B_confusion,axis,False,loss,loss,loss,loss,loss,loss
georgia,seresnet,I,SB,single,rhythm,5,250,0.9595,0.9628,0.9932,0.0033,0.0034,-0.0061,0.0136,0.0152,0.2908,False,ok,rhythm,False,sufficient,sufficient,sufficient,sufficient,sufficient,sufficient
georgia,seresnet,I,SVT,single,rhythm,5,5,0.0574,0.4108,0.7511,0.3534,0.8602,-0.0034,0.7985,0.0625,0.0818,False,ok,rhythm,True,indeterminate,indeterminate,indeterminate,indeterminate,indeterminate,indeterminate
georgia,seresnet,I,SR,single,rhythm,5,260,0.6765,0.7743,0.9169,0.0978,0.1263,0.0490,0.1485,0.0199,0.0026,False,ok,rhythm,False,loss,indeterminate,indeterminate,loss,indeterminate,indeterminate
georgia,seresnet,I,ST,single,rhythm,5,189,0.9409,0.9451,0.9899,0.0043,0.0045,-0.0155,0.0242,0.0051,0.3531,False,ok,rhythm,False,indeterminate,sufficient,sufficient,sufficient,sufficient,sufficient
georgia,seresnet,I,STTC,single,morphology,5,282,0.3589,0.4183,0.7234,0.0594,0.1420,0.0180,0.1056,0.0221,0.0052,False,ok,repolarization,True,indeterminate,indeterminate,indeterminate,indeterminate,indeterminate,indeterminate
georgia,seresnet,I,LVH,single,morphology,5,184,0.5530,0.7607,0.8639,0.2077,0.2731,0.1380,0.2772,0.0117,0.0026,True,B_confusion,hypertrophy,False,loss,loss,loss,loss,loss,loss
georgia,seresnet,I,RBBB,single,morphology,5,83,0.7617,0.7802,0.9664,0.0186,0.0238,-0.0585,0.0924,0.0159,0.3528,False,ok,conduction,False,indeterminate,indeterminate,sufficient,indeterminate,indeterminate,indeterminate
georgia,seresnet,II,AF,single,rhythm,5,85,0.6925,0.7567,0.9317,0.0642,0.0848,-0.0069,0.1335,0.0516,0.0668,False,ok,rhythm,False,indeterminate,indeterminate,indeterminate,indeterminate,indeterminate,indeterminate
georgia,seresnet,II,AFL,single,rhythm,5,28,0.3992,0.5696,0.8867,0.1704,0.2991,0.0206,0.3377,0.0190,0.0304,True,B_confusion,rhythm,False,loss,indeterminate,indeterminate,indeterminate,indeterminate,indeterminate
georgia,seresnet,II,TWC,single,morphology,5,345,0.5522,0.7150,0.8082,0.1629,0.2278,0.1193,0.2053,0.0171,0.0026,True,B_confusion,repolarization,False,loss,loss,loss,loss,loss,loss
georgia,seresnet,II,LAD,single,morphology,5,141,0.6419,0.7201,0.9631,0.0782,0.1087,0.0149,0.1429,0.0186,0.0201,False,ok,axis,False,indeterminate,indeterminate,indeterminate,indeterminate,indeterminate,indeterminate
georgia,seresnet,II,SB,single,rhythm,5,250,0.9577,0.9628,0.9929,0.0051,0.0053,-0.0034,0.0154,0.0058,0.2050,False,ok,rhythm,False,sufficient,sufficient,sufficient,sufficient,sufficient,sufficient
georgia,seresnet,II,SVT,single,rhythm,5,5,0.1894,0.4108,0.9083,0.2214,0.5390,-0.0361,0.4564,0.0929,0.2416,False,ok,rhythm,True,indeterminate,indeterminate,indeterminate,indeterminate,indeterminate,indeterminate
georgia,seresnet,II,SR,single,rhythm,5,260,0.7004,0.7743,0.9257,0.0739,0.0955,0.0255,0.1237,0.0285,0.0026,False,ok,rhythm,False,loss,indeterminate,indeterminate,indeterminate,indeterminate,indeterminate
georgia,seresnet,II,ST,single,rhythm,5,189,0.9366,0.9451,0.9882,0.0086,0.0091,-0.0014,0.0193,0.0063,0.1009,False,ok,rhythm,False,sufficient,sufficient,sufficient,sufficient,sufficient,sufficient
georgia,seresnet,II,STTC,single,morphology,5,282,0.3315,0.4183,0.7117,0.0868,0.2076,0.0423,0.1327,0.0106,0.0026,False,ok,repolarization,True,loss,indeterminate,indeterminate,loss,loss,indeterminate
georgia,seresnet,II,LVH,single,morphology,5,184,0.2732,0.7607,0.7203,0.4875,0.6408,0.4026,0.5590,0.0195,0.0026,True,B_confusion,hypertrophy,False,loss,loss,loss,loss,loss,loss
georgia,seresnet,II,RBBB,single,morphology,5,83,0.5741,0.7802,0.9592,0.2061,0.2641,0.0942,0.3119,0.0441,0.0026,True,B_confusion,conduction,False,loss,loss,indeterminate,loss,loss,loss
georgia,seresnet,III,AF,single,rhythm,5,85,0.7307,0.7567,0.9308,0.0260,0.0343,-0.0369,0.0922,0.0404,0.2625,False,ok,rhythm,False,indeterminate,indeterminate,sufficient,indeterminate,indeterminate,indeterminate
georgia,seresnet,III,AFL,single,rhythm,5,28,0.4460,0.5696,0.8846,0.1236,0.2170,-0.0347,0.2957,0.0425,0.0940,False,ok,rhythm,False,indeterminate,indeterminate,indeterminate,indeterminate,indeterminate,indeterminate
georgia,seresnet,III,TWC,single,morphology,5,345,0.4100,0.7150,0.7145,0.3050,0.4266,0.2504,0.3590,0.0127,0.0026,True,B_confusion,repolarization,False,loss,loss,loss,loss,loss,loss
georgia,seresnet,III,LAD,single,morphology,5,141,0.4420,0.7201,0.9093,0.2781,0.3862,0.2040,0.3468,0.0250,0.0026,True,B_confusion,axis,False,loss,loss,loss,loss,loss,loss
georgia,seresnet,III,SB,single,rhythm,5,250,0.9507,0.9628,0.9924,0.0120,0.0125,0.0023,0.0250,0.0092,0.0185,False,ok,rhythm,False,indeterminate,sufficient,sufficient,sufficient,sufficient,sufficient
georgia,seresnet,III,SVT,single,rhythm,5,5,0.1876,0.4108,0.8482,0.2232,0.5434,-0.0595,0.4775,0.0544,0.2243,False,ok,rhythm,True,indeterminate,indeterminate,indeterminate,indeterminate,indeterminate,indeterminate
georgia,seresnet,III,SR,single,rhythm,5,260,0.6230,0.7743,0.9075,0.1514,0.1955,0.0930,0.2061,0.0230,0.0026,True,B_confusion,rhythm,False,loss,loss,indeterminate,loss,loss,loss
georgia,seresnet,III,ST,single,rhythm,5,189,0.9372,0.9451,0.9904,0.0080,0.0084,-0.0053,0.0220,0.0020,0.1963,False,ok,rhythm,False,indeterminate,sufficient,sufficient,sufficient,sufficient,sufficient
georgia,seresnet,III,STTC,single,morphology,5,282,0.2727,0.4183,0.6329,0.1456,0.3482,0.0965,0.2042,0.0121,0.0026,False,ok,repolarization,True,loss,loss,indeterminate,loss,loss,loss
georgia,seresnet,III,LVH,single,morphology,5,184,0.5089,0.7607,0.8207,0.2518,0.3311,0.1827,0.3219,0.0174,0.0026,True,B_confusion,hypertrophy,False,loss,loss,loss,loss,loss,loss
georgia,seresnet,III,RBBB,single,morphology,5,83,0.6983,0.7802,0.9616,0.0819,0.1050,-0.0139,0.1846,0.0447,0.0835,False,ok,conduction,False,indeterminate,indeterminate,indeterminate,indeterminate,indeterminate,indeterminate
georgia,seresnet,aVR,AF,single,rhythm,5,85,0.7472,0.7567,0.9350,0.0095,0.0125,-0.0453,0.0653,0.0405,0.4020,False,ok,rhythm,False,indeterminate,indeterminate,sufficient,indeterminate,sufficient,indeterminate
georgia,seresnet,aVR,AFL,single,rhythm,5,28,0.3961,0.5696,0.8396,0.1735,0.3046,0.0319,0.3359,0.0265,0.0201,True,B_confusion,rhythm,False,loss,indeterminate,indeterminate,loss,indeterminate,indeterminate
georgia,seresnet,aVR,TWC,single,morphology,5,345,0.5988,0.7150,0.8405,0.1163,0.1626,0.0720,0.1563,0.0193,0.0026,False,ok,repolarization,False,loss,loss,indeterminate,loss,loss,loss
georgia,seresnet,aVR,LAD,single,morphology,5,141,0.3351,0.7201,0.8608,0.3851,0.5347,0.2928,0.4595,0.0074,0.0026,True,B_confusion,axis,False,loss,loss,loss,loss,loss,loss
georgia,seresnet,aVR,SB,single,rhythm,5,250,0.9531,0.9628,0.9929,0.0096,0.0100,0.0012,0.0200,0.0116,0.0220,False,ok,rhythm,False,sufficient,sufficient,sufficient,sufficient,sufficient,sufficient
georgia,seresnet,aVR,SVT,single,rhythm,5,5,0.4373,0.4108,0.9137,-0.0266,-0.0646,-0.1269,0.0023,0.0587,0.6841,False,ok,rhythm,True,sufficient,sufficient,sufficient,sufficient,sufficient,sufficient
georgia,seresnet,aVR,SR,single,rhythm,5,260,0.7278,0.7743,0.9291,0.0466,0.0601,-0.0006,0.0951,0.0172,0.0499,False,ok,rhythm,False,indeterminate,indeterminate,sufficient,indeterminate,indeterminate,indeterminate
georgia,seresnet,aVR,ST,single,rhythm,5,189,0.9435,0.9451,0.9887,0.0016,0.0017,-0.0086,0.0114,0.0067,0.4052,False,ok,rhythm,False,sufficient,sufficient,sufficient,sufficient,sufficient,sufficient
georgia,seresnet,aVR,STTC,single,morphology,5,282,0.3765,0.4183,0.7384,0.0418,0.0998,0.0020,0.0815,0.0171,0.0330,False,ok,repolarization,True,indeterminate,indeterminate,sufficient,indeterminate,indeterminate,indeterminate
georgia,seresnet,aVR,LVH,single,morphology,5,184,0.3848,0.7607,0.7964,0.3759,0.4941,0.2969,0.4497,0.0116,0.0026,True,B_confusion,hypertrophy,False,loss,loss,loss,loss,loss,loss
georgia,seresnet,aVR,RBBB,single,morphology,5,83,0.6999,0.7802,0.9782,0.0804,0.1030,0.0135,0.1463,0.0304,0.0255,False,ok,conduction,False,indeterminate,indeterminate,indeterminate,indeterminate,indeterminate,indeterminate
georgia,seresnet,aVL,AF,single,rhythm,5,85,0.6720,0.7567,0.9291,0.0847,0.1119,-0.0012,0.1704,0.0564,0.0510,False,ok,rhythm,False,indeterminate,indeterminate,indeterminate,indeterminate,indeterminate,indeterminate
georgia,seresnet,aVL,AFL,single,rhythm,5,28,0.3530,0.5696,0.8953,0.2166,0.3802,0.0145,0.3858,0.0596,0.0330,True,B_confusion,rhythm,False,indeterminate,indeterminate,indeterminate,indeterminate,indeterminate,indeterminate
georgia,seresnet,aVL,TWC,single,morphology,5,345,0.4806,0.7150,0.7447,0.2344,0.3279,0.1809,0.2883,0.0202,0.0026,True,B_confusion,repolarization,False,loss,loss,loss,loss,loss,loss
georgia,seresnet,aVL,LAD,single,morphology,5,141,0.3181,0.7201,0.8288,0.4020,0.5582,0.3273,0.4748,0.0127,0.0026,True,B_confusion,axis,False,loss,loss,loss,loss,loss,loss
georgia,seresnet,aVL,SB,single,rhythm,5,250,0.9541,0.9628,0.9925,0.0087,0.0090,-0.0019,0.0212,0.0144,0.1096,False,ok,rhythm,False,indeterminate,sufficient,sufficient,sufficient,sufficient,sufficient
georgia,seresnet,aVL,SVT,single,rhythm,5,5,0.0934,0.4108,0.8485,0.3174,0.7727,-0.0289,0.7105,0.0658,0.1282,False,ok,rhythm,True,indeterminate,indeterminate,indeterminate,indeterminate,indeterminate,indeterminate
georgia,seresnet,aVL,SR,single,rhythm,5,260,0.6288,0.7743,0.9059,0.1456,0.1880,0.0880,0.2075,0.0271,0.0026,False,ok,rhythm,False,loss,loss,indeterminate,loss,loss,loss
georgia,seresnet,aVL,ST,single,rhythm,5,189,0.9391,0.9451,0.9913,0.0061,0.0064,-0.0095,0.0253,0.0076,0.2908,False,ok,rhythm,False,indeterminate,sufficient,sufficient,sufficient,sufficient,sufficient
georgia,seresnet,aVL,STTC,single,morphology,5,282,0.2992,0.4183,0.6758,0.1191,0.2847,0.0685,0.1774,0.0111,0.0026,False,ok,repolarization,True,loss,loss,indeterminate,loss,loss,loss
georgia,seresnet,aVL,LVH,single,morphology,5,184,0.5882,0.7607,0.8628,0.1725,0.2267,0.1048,0.2371,0.0204,0.0026,True,B_confusion,hypertrophy,False,loss,loss,loss,loss,loss,loss
georgia,seresnet,aVL,RBBB,single,morphology,5,83,0.7591,0.7802,0.9747,0.0212,0.0271,-0.0553,0.1067,0.0135,0.3314,False,ok,conduction,False,indeterminate,indeterminate,indeterminate,indeterminate,indeterminate,indeterminate
georgia,seresnet,aVF,AF,single,rhythm,5,85,0.7182,0.7567,0.9257,0.0385,0.0509,-0.0364,0.1055,0.0168,0.2379,False,ok,rhythm,False,indeterminate,indeterminate,indeterminate,indeterminate,indeterminate,indeterminate
georgia,seresnet,aVF,AFL,single,rhythm,5,28,0.3451,0.5696,0.8611,0.2245,0.3942,0.0589,0.3804,0.0292,0.0075,True,B_confusion,rhythm,False,loss,loss,indeterminate,loss,loss,loss
georgia,seresnet,aVF,TWC,single,morphology,5,345,0.4600,0.7150,0.7323,0.2551,0.3567,0.2003,0.3076,0.0199,0.0026,True,B_confusion,repolarization,False,loss,loss,loss,loss,loss,loss
georgia,seresnet,aVF,LAD,single,morphology,5,141,0.6290,0.7201,0.9526,0.0911,0.1266,0.0298,0.1516,0.0270,0.0098,False,ok,axis,False,loss,indeterminate,indeterminate,indeterminate,indeterminate,indeterminate
georgia,seresnet,aVF,SB,single,rhythm,5,250,0.9535,0.9628,0.9926,0.0092,0.0096,-0.0002,0.0215,0.0088,0.0538,False,ok,rhythm,False,indeterminate,sufficient,sufficient,sufficient,sufficient,sufficient
georgia,seresnet,aVF,SVT,single,rhythm,5,5,0.1708,0.4108,0.9415,0.2400,0.5841,-0.0616,0.5270,0.0383,0.2583,False,ok,rhythm,True,indeterminate,indeterminate,indeterminate,indeterminate,indeterminate,indeterminate
georgia,seresnet,aVF,SR,single,rhythm,5,260,0.6433,0.7743,0.9121,0.1310,0.1692,0.0764,0.1871,0.0083,0.0026,False,ok,rhythm,False,loss,loss,indeterminate,loss,indeterminate,loss
georgia,seresnet,aVF,ST,single,rhythm,5,189,0.9398,0.9451,0.9889,0.0053,0.0056,-0.0084,0.0184,0.0046,0.2722,False,ok,rhythm,False,sufficient,sufficient,sufficient,sufficient,sufficient,sufficient
georgia,seresnet,aVF,STTC,single,morphology,5,282,0.2999,0.4183,0.6669,0.1184,0.2830,0.0718,0.1714,0.0125,0.0026,False,ok,repolarization,True,loss,loss,indeterminate,loss,loss,loss
georgia,seresnet,aVF,LVH,single,morphology,5,184,0.3492,0.7607,0.7755,0.4115,0.5410,0.3219,0.4872,0.0140,0.0026,True,B_confusion,hypertrophy,False,loss,loss,loss,loss,loss,loss
georgia,seresnet,aVF,RBBB,single,morphology,5,83,0.6556,0.7802,0.9686,0.1246,0.1597,0.0136,0.2473,0.0405,0.0272,False,ok,conduction,False,indeterminate,indeterminate,indeterminate,indeterminate,indeterminate,indeterminate
georgia,seresnet,V1,AF,single,rhythm,5,85,0.7082,0.7567,0.9322,0.0485,0.0642,-0.0171,0.1205,0.0379,0.1094,False,ok,rhythm,False,indeterminate,indeterminate,indeterminate,indeterminate,indeterminate,indeterminate
georgia,seresnet,V1,AFL,single,rhythm,5,28,0.5832,0.5696,0.9132,-0.0136,-0.0239,-0.1693,0.1333,0.0524,0.6120,False,ok,rhythm,False,indeterminate,indeterminate,indeterminate,indeterminate,indeterminate,indeterminate
georgia,seresnet,V1,TWC,single,morphology,5,345,0.4010,0.7150,0.7192,0.3140,0.4392,0.2624,0.3623,0.0186,0.0026,True,B_confusion,repolarization,False,loss,loss,loss,loss,loss,loss
georgia,seresnet,V1,LAD,single,morphology,5,141,0.2534,0.7201,0.7523,0.4667,0.6481,0.3830,0.5490,0.0167,0.0026,True,B_confusion,axis,False,loss,loss,loss,loss,loss,loss
georgia,seresnet,V1,SB,single,rhythm,5,250,0.9574,0.9628,0.9933,0.0054,0.0056,-0.0062,0.0183,0.0116,0.2449,False,ok,rhythm,False,sufficient,sufficient,sufficient,sufficient,sufficient,sufficient
georgia,seresnet,V1,SVT,single,rhythm,5,5,0.2002,0.4108,0.8285,0.2106,0.5127,-0.0315,0.4402,0.0451,0.2334,False,ok,rhythm,True,indeterminate,indeterminate,indeterminate,indeterminate,indeterminate,indeterminate
georgia,seresnet,V1,SR,single,rhythm,5,260,0.6363,0.7743,0.9006,0.1380,0.1783,0.0793,0.1958,0.0119,0.0026,False,ok,rhythm,False,loss,loss,indeterminate,loss,loss,loss
georgia,seresnet,V1,ST,single,rhythm,5,189,0.9425,0.9451,0.9911,0.0027,0.0028,-0.0126,0.0179,0.0022,0.3868,False,ok,rhythm,False,sufficient,sufficient,sufficient,sufficient,sufficient,sufficient
georgia,seresnet,V1,STTC,single,morphology,5,282,0.2679,0.4183,0.6529,0.1504,0.3595,0.1001,0.2064,0.0145,0.0026,True,B_confusion,repolarization,True,loss,loss,loss,loss,loss,loss
georgia,seresnet,V1,LVH,single,morphology,5,184,0.4513,0.7607,0.8049,0.3094,0.4068,0.2160,0.3965,0.0213,0.0026,True,B_confusion,hypertrophy,False,loss,loss,loss,loss,loss,loss
georgia,seresnet,V1,RBBB,single,morphology,5,83,0.7354,0.7802,0.9708,0.0449,0.0575,-0.0460,0.1402,0.0339,0.2334,False,ok,conduction,False,indeterminate,indeterminate,indeterminate,indeterminate,indeterminate,indeterminate
georgia,seresnet,V2,AF,single,rhythm,5,85,0.7434,0.7567,0.9244,0.0133,0.0176,-0.0595,0.0881,0.0777,0.3978,False,ok,rhythm,False,indeterminate,indeterminate,sufficient,indeterminate,indeterminate,indeterminate
georgia,seresnet,V2,AFL,single,rhythm,5,28,0.4596,0.5696,0.8552,0.1100,0.1931,-0.0802,0.2873,0.0498,0.2000,False,ok,rhythm,False,indeterminate,indeterminate,indeterminate,indeterminate,indeterminate,indeterminate
georgia,seresnet,V2,TWC,single,morphology,5,345,0.4208,0.7150,0.7052,0.2942,0.4115,0.2376,0.3460,0.0256,0.0026,True,B_confusion,repolarization,False,loss,loss,loss,loss,loss,loss
georgia,seresnet,V2,LAD,single,morphology,5,141,0.2486,0.7201,0.7470,0.4715,0.6548,0.3945,0.5468,0.0296,0.0026,True,B_confusion,axis,False,loss,loss,loss,loss,loss,loss
georgia,seresnet,V2,SB,single,rhythm,5,250,0.9646,0.9628,0.9939,-0.0018,-0.0019,-0.0122,0.0074,0.0104,0.6491,False,ok,rhythm,False,sufficient,sufficient,sufficient,sufficient,sufficient,sufficient
georgia,seresnet,V2,SVT,single,rhythm,5,5,0.2791,0.4108,0.9168,0.1317,0.3205,-0.0652,0.4408,0.0805,0.3518,False,ok,rhythm,True,indeterminate,indeterminate,indeterminate,indeterminate,indeterminate,indeterminate
georgia,seresnet,V2,SR,single,rhythm,5,260,0.5707,0.7743,0.8913,0.2036,0.2629,0.1372,0.2632,0.0167,0.0026,True,B_confusion,rhythm,False,loss,loss,loss,loss,loss,loss
georgia,seresnet,V2,ST,single,rhythm,5,189,0.9465,0.9451,0.9922,-0.0013,-0.0014,-0.0217,0.0186,0.0091,0.5804,False,ok,rhythm,False,sufficient,sufficient,sufficient,sufficient,sufficient,sufficient
georgia,seresnet,V2,STTC,single,morphology,5,282,0.2713,0.4183,0.6257,0.1470,0.3514,0.0984,0.2063,0.0217,0.0026,False,ok,repolarization,True,loss,loss,indeterminate,loss,loss,loss
georgia,seresnet,V2,LVH,single,morphology,5,184,0.3397,0.7607,0.7566,0.4211,0.5535,0.3388,0.5047,0.0173,0.0026,True,B_confusion,hypertrophy,False,loss,loss,loss,loss,loss,loss
georgia,seresnet,V2,RBBB,single,morphology,5,83,0.7335,0.7802,0.9874,0.0468,0.0599,-0.0430,0.1433,0.0438,0.2334,False,ok,conduction,False,indeterminate,indeterminate,indeterminate,indeterminate,indeterminate,indeterminate
georgia,seresnet,V3,AF,single,rhythm,5,85,0.7346,0.7567,0.9238,0.0221,0.0292,-0.0538,0.1015,0.0470,0.3452,False,ok,rhythm,False,indeterminate,indeterminate,indeterminate,indeterminate,indeterminate,indeterminate
georgia,seresnet,V3,AFL,single,rhythm,5,28,0.3997,0.5696,0.8620,0.1699,0.2983,0.0149,0.3365,0.0827,0.0344,True,B_confusion,rhythm,False,indeterminate,indeterminate,indeterminate,indeterminate,indeterminate,indeterminate
georgia,seresnet,V3,TWC,single,morphology,5,345,0.5539,0.7150,0.7992,0.1611,0.2253,0.1090,0.2103,0.0043,0.0026,True,B_confusion,repolarization,False,loss,loss,loss,loss,loss,loss
georgia,seresnet,V3,LAD,single,morphology,5,141,0.2755,0.7201,0.7681,0.4446,0.6174,0.3630,0.5235,0.0250,0.0026,True,B_confusion,axis,False,loss,loss,loss,loss,loss,loss
georgia,seresnet,V3,SB,single,rhythm,5,250,0.9513,0.9628,0.9921,0.0114,0.0119,-0.0034,0.0264,0.0119,0.1115,False,ok,rhythm,False,indeterminate,sufficient,sufficient,sufficient,sufficient,sufficient
georgia,seresnet,V3,SVT,single,rhythm,5,5,0.3310,0.4108,0.9630,0.0798,0.1942,-0.1227,0.3705,0.0447,0.4758,False,ok,rhythm,True,indeterminate,indeterminate,indeterminate,indeterminate,indeterminate,indeterminate
georgia,seresnet,V3,SR,single,rhythm,5,260,0.6684,0.7743,0.9129,0.1059,0.1368,0.0501,0.1629,0.0297,0.0026,False,ok,rhythm,False,loss,loss,indeterminate,loss,indeterminate,loss
georgia,seresnet,V3,ST,single,rhythm,5,189,0.9489,0.9451,0.9920,-0.0038,-0.0040,-0.0151,0.0067,0.0058,0.7620,False,ok,rhythm,False,sufficient,sufficient,sufficient,sufficient,sufficient,sufficient
georgia,seresnet,V3,STTC,single,morphology,5,282,0.3214,0.4183,0.6681,0.0969,0.2316,0.0474,0.1553,0.0121,0.0026,False,ok,repolarization,True,loss,indeterminate,indeterminate,loss,loss,indeterminate
georgia,seresnet,V3,LVH,single,morphology,5,184,0.2865,0.7607,0.7233,0.4742,0.6233,0.3943,0.5468,0.0225,0.0026,True,B_confusion,hypertrophy,False,loss,loss,loss,loss,loss,loss
georgia,seresnet,V3,RBBB,single,morphology,5,83,0.7213,0.7802,0.9865,0.0590,0.0756,-0.0380,0.1694,0.0366,0.1911,False,ok,conduction,False,indeterminate,indeterminate,indeterminate,indeterminate,indeterminate,indeterminate
georgia,seresnet,V4,AF,single,rhythm,5,85,0.7840,0.7567,0.9271,-0.0272,-0.0360,-0.0893,0.0305,0.0293,0.8172,False,ok,rhythm,False,indeterminate,sufficient,sufficient,sufficient,sufficient,sufficient
georgia,seresnet,V4,AFL,single,rhythm,5,28,0.3819,0.5696,0.8755,0.1877,0.3295,-0.0119,0.3630,0.0709,0.0499,True,B_confusion,rhythm,False,indeterminate,indeterminate,indeterminate,indeterminate,indeterminate,indeterminate
georgia,seresnet,V4,TWC,single,morphology,5,345,0.6196,0.7150,0.8469,0.0954,0.1334,0.0493,0.1365,0.0179,0.0026,False,ok,repolarization,False,loss,indeterminate,indeterminate,loss,indeterminate,indeterminate
georgia,seresnet,V4,LAD,single,morphology,5,141,0.3252,0.7201,0.8126,0.3949,0.5484,0.3090,0.4760,0.0251,0.0026,True,B_confusion,axis,False,loss,loss,loss,loss,loss,loss
georgia,seresnet,V4,SB,single,rhythm,5,250,0.9610,0.9628,0.9929,0.0017,0.0018,-0.0094,0.0117,0.0078,0.3790,False,ok,rhythm,False,sufficient,sufficient,sufficient,sufficient,sufficient,sufficient
georgia,seresnet,V4,SVT,single,rhythm,5,5,0.2750,0.4108,0.9645,0.1358,0.3305,-0.0400,0.4465,0.0885,0.3988,False,ok,rhythm,True,indeterminate,indeterminate,indeterminate,indeterminate,indeterminate,indeterminate
georgia,seresnet,V4,SR,single,rhythm,5,260,0.7437,0.7743,0.9396,0.0306,0.0395,-0.0205,0.0777,0.0161,0.1813,False,ok,rhythm,False,indeterminate,indeterminate,sufficient,indeterminate,indeterminate,indeterminate
georgia,seresnet,V4,ST,single,rhythm,5,189,0.9387,0.9451,0.9907,0.0065,0.0069,-0.0079,0.0219,0.0045,0.2416,False,ok,rhythm,False,indeterminate,sufficient,sufficient,sufficient,sufficient,sufficient
georgia,seresnet,V4,STTC,single,morphology,5,282,0.3661,0.4183,0.7226,0.0522,0.1247,0.0049,0.1011,0.0081,0.0320,False,ok,repolarization,True,indeterminate,indeterminate,indeterminate,indeterminate,indeterminate,indeterminate
georgia,seresnet,V4,LVH,single,morphology,5,184,0.3715,0.7607,0.7712,0.3892,0.5116,0.3029,0.4633,0.0223,0.0026,True,B_confusion,hypertrophy,False,loss,loss,loss,loss,loss,loss
georgia,seresnet,V4,RBBB,single,morphology,5,83,0.7380,0.7802,0.9789,0.0422,0.0541,-0.0455,0.1429,0.0288,0.2155,False,ok,conduction,False,indeterminate,indeterminate,indeterminate,indeterminate,indeterminate,indeterminate
georgia,seresnet,V5,AF,single,rhythm,5,85,0.7397,0.7567,0.9250,0.0170,0.0224,-0.0423,0.0726,0.0511,0.3320,False,ok,rhythm,False,indeterminate,indeterminate,sufficient,indeterminate,sufficient,indeterminate
georgia,seresnet,V5,AFL,single,rhythm,5,28,0.3144,0.5696,0.8797,0.2552,0.4480,0.0742,0.4303,0.0432,0.0141,True,B_confusion,rhythm,False,loss,loss,indeterminate,loss,loss,loss
georgia,seresnet,V5,TWC,single,morphology,5,345,0.6119,0.7150,0.8491,0.1032,0.1443,0.0651,0.1390,0.0054,0.0026,False,ok,repolarization,False,loss,loss,indeterminate,loss,indeterminate,loss
georgia,seresnet,V5,LAD,single,morphology,5,141,0.4277,0.7201,0.8502,0.2924,0.4060,0.2050,0.3820,0.0267,0.0026,True,B_confusion,axis,False,loss,loss,loss,loss,loss,loss
georgia,seresnet,V5,SB,single,rhythm,5,250,0.9541,0.9628,0.9927,0.0087,0.0090,0.0004,0.0203,0.0136,0.0409,False,ok,rhythm,False,indeterminate,sufficient,sufficient,sufficient,sufficient,sufficient
georgia,seresnet,V5,SVT,single,rhythm,5,5,0.0736,0.4108,0.9567,0.3372,0.8209,-0.0309,0.8044,0.0630,0.1813,False,ok,rhythm,True,indeterminate,indeterminate,indeterminate,indeterminate,indeterminate,indeterminate
georgia,seresnet,V5,SR,single,rhythm,5,260,0.7190,0.7743,0.9343,0.0553,0.0714,0.0063,0.1016,0.0307,0.0255,False,ok,rhythm,False,indeterminate,indeterminate,indeterminate,indeterminate,indeterminate,indeterminate
georgia,seresnet,V5,ST,single,rhythm,5,189,0.9411,0.9451,0.9904,0.0041,0.0043,-0.0062,0.0154,0.0077,0.2877,False,ok,rhythm,False,sufficient,sufficient,sufficient,sufficient,sufficient,sufficient
georgia,seresnet,V5,STTC,single,morphology,5,282,0.3961,0.4183,0.7487,0.0222,0.0530,-0.0217,0.0687,0.0161,0.2155,False,ok,repolarization,True,indeterminate,indeterminate,sufficient,indeterminate,indeterminate,indeterminate
georgia,seresnet,V5,LVH,single,morphology,5,184,0.4534,0.7607,0.8068,0.3073,0.4040,0.2254,0.3820,0.0139,0.0026,True,B_confusion,hypertrophy,False,loss,loss,loss,loss,loss,loss
georgia,seresnet,V5,RBBB,single,morphology,5,83,0.7525,0.7802,0.9692,0.0277,0.0355,-0.0583,0.1261,0.0333,0.2722,False,ok,conduction,False,indeterminate,indeterminate,indeterminate,indeterminate,indeterminate,indeterminate
georgia,seresnet,V6,AF,single,rhythm,5,85,0.7499,0.7567,0.9318,0.0068,0.0090,-0.0548,0.0661,0.0344,0.4241,False,ok,rhythm,False,indeterminate,indeterminate,sufficient,indeterminate,sufficient,indeterminate
georgia,seresnet,V6,AFL,single,rhythm,5,28,0.3462,0.5696,0.8743,0.2234,0.3922,0.0318,0.4054,0.0545,0.0288,True,B_confusion,rhythm,False,loss,indeterminate,indeterminate,loss,indeterminate,indeterminate
georgia,seresnet,V6,TWC,single,morphology,5,345,0.6145,0.7150,0.8399,0.1005,0.1406,0.0602,0.1364,0.0182,0.0026,False,ok,repolarization,False,loss,loss,indeterminate,loss,indeterminate,loss
georgia,seresnet,V6,LAD,single,morphology,5,141,0.4190,0.7201,0.8318,0.3011,0.4182,0.2121,0.3916,0.0219,0.0026,True,B_confusion,axis,False,loss,loss,loss,loss,loss,loss
georgia,seresnet,V6,SB,single,rhythm,5,250,0.9551,0.9628,0.9937,0.0076,0.0079,-0.0079,0.0243,0.0113,0.2284,False,ok,rhythm,False,indeterminate,sufficient,sufficient,sufficient,sufficient,sufficient
georgia,seresnet,V6,SVT,single,rhythm,5,5,0.1483,0.4108,0.9485,0.2624,0.6389,-0.0158,0.5022,0.0790,0.2155,False,ok,rhythm,True,indeterminate,indeterminate,indeterminate,indeterminate,indeterminate,indeterminate
georgia,seresnet,V6,SR,single,rhythm,5,260,0.7156,0.7743,0.9316,0.0587,0.0759,0.0110,0.1062,0.0276,0.0141,False,ok,rhythm,False,indeterminate,indeterminate,indeterminate,indeterminate,indeterminate,indeterminate
georgia,seresnet,V6,ST,single,rhythm,5,189,0.9355,0.9451,0.9899,0.0096,0.0102,-0.0052,0.0258,0.0183,0.1813,False,ok,rhythm,False,indeterminate,sufficient,sufficient,sufficient,sufficient,sufficient
georgia,seresnet,V6,STTC,single,morphology,5,282,0.3987,0.4183,0.7445,0.0196,0.0468,-0.0245,0.0705,0.0174,0.2350,False,ok,repolarization,True,indeterminate,indeterminate,sufficient,indeterminate,indeterminate,indeterminate
georgia,seresnet,V6,LVH,single,morphology,5,184,0.4172,0.7607,0.7834,0.3435,0.4516,0.2625,0.4182,0.0078,0.0026,True,B_confusion,hypertrophy,False,loss,loss,loss,loss,loss,loss
georgia,seresnet,V6,RBBB,single,morphology,5,83,0.6786,0.7802,0.9649,0.1017,0.1303,0.0043,0.1961,0.0231,0.0377,False,ok,conduction,False,indeterminate,indeterminate,indeterminate,indeterminate,indeterminate,indeterminate
georgia,seresnet,ALL,AF,ceiling,rhythm,5,85,0.7567,0.7567,0.9369,0.0000,0.0000,,,0.0000,,False,ok,rhythm,False,na,na,na,na,na,na
georgia,seresnet,ALL,AFL,ceiling,rhythm,5,28,0.5696,0.5696,0.9171,0.0000,0.0000,,,0.0000,,False,ok,rhythm,False,na,na,na,na,na,na
georgia,seresnet,ALL,TWC,ceiling,morphology,5,345,0.7150,0.7150,0.8986,0.0000,0.0000,,,0.0000,,False,ok,repolarization,False,na,na,na,na,na,na
georgia,seresnet,ALL,LAD,ceiling,morphology,5,141,0.7201,0.7201,0.9737,0.0000,0.0000,,,0.0000,,False,ok,axis,False,na,na,na,na,na,na
georgia,seresnet,ALL,SB,ceiling,rhythm,5,250,0.9628,0.9628,0.9937,0.0000,0.0000,,,0.0000,,False,ok,rhythm,False,na,na,na,na,na,na
georgia,seresnet,ALL,SVT,ceiling,rhythm,5,5,0.4108,0.4108,0.9059,0.0000,0.0000,,,0.0000,,False,ok,rhythm,True,na,na,na,na,na,na
georgia,seresnet,ALL,SR,ceiling,rhythm,5,260,0.7743,0.7743,0.9428,0.0000,0.0000,,,0.0000,,False,ok,rhythm,False,na,na,na,na,na,na
georgia,seresnet,ALL,ST,ceiling,rhythm,5,189,0.9451,0.9451,0.9893,0.0000,0.0000,,,0.0000,,False,ok,rhythm,False,na,na,na,na,na,na
georgia,seresnet,ALL,STTC,ceiling,morphology,5,282,0.4183,0.4183,0.7654,0.0000,0.0000,,,0.0000,,False,ok,repolarization,True,na,na,na,na,na,na
georgia,seresnet,ALL,LVH,ceiling,morphology,5,184,0.7607,0.7607,0.9632,0.0000,0.0000,,,0.0000,,False,ok,hypertrophy,False,na,na,na,na,na,na
georgia,seresnet,ALL,RBBB,ceiling,morphology,5,83,0.7802,0.7802,0.9822,0.0000,0.0000,,,0.0000,,False,ok,conduction,False,na,na,na,na,na,na
georgia,seresnet,I+II,AF,device,rhythm,5,85,0.7201,0.7567,0.9331,0.0367,0.0484,-0.0087,0.0819,0.0337,0.1319,False,ok,rhythm,False,indeterminate,indeterminate,sufficient,indeterminate,indeterminate,indeterminate
georgia,seresnet,I+II,AFL,device,rhythm,5,28,0.3835,0.5696,0.8849,0.1861,0.3267,0.0091,0.3262,0.0443,0.0785,False,ok,rhythm,False,indeterminate,indeterminate,indeterminate,indeterminate,indeterminate,indeterminate
georgia,seresnet,I+II,TWC,device,morphology,5,345,0.6491,0.7150,0.8654,0.0659,0.0922,0.0301,0.1015,0.0289,0.0049,False,ok,repolarization,False,loss,indeterminate,indeterminate,indeterminate,indeterminate,indeterminate
georgia,seresnet,I+II,LAD,device,morphology,5,141,0.7041,0.7201,0.9755,0.0160,0.0222,-0.0254,0.0503,0.0277,0.3090,False,ok,axis,False,indeterminate,indeterminate,sufficient,indeterminate,sufficient,indeterminate
georgia,seresnet,I+II,SB,device,rhythm,5,250,0.9595,0.9628,0.9930,0.0032,0.0034,-0.0040,0.0100,0.0089,0.2659,False,ok,rhythm,False,sufficient,sufficient,sufficient,sufficient,sufficient,sufficient
georgia,seresnet,I+II,SVT,device,rhythm,5,5,0.1972,0.4108,0.9019,0.2136,0.5200,-0.0204,0.4408,0.0840,0.2659,False,ok,rhythm,True,indeterminate,indeterminate,indeterminate,indeterminate,indeterminate,indeterminate
georgia,seresnet,I+II,SR,device,rhythm,5,260,0.7356,0.7743,0.9376,0.0388,0.0501,-0.0014,0.0782,0.0401,0.0827,False,ok,rhythm,False,indeterminate,indeterminate,sufficient,indeterminate,indeterminate,indeterminate
georgia,seresnet,I+II,ST,device,rhythm,5,189,0.9458,0.9451,0.9885,-0.0006,-0.0007,-0.0102,0.0077,0.0054,0.6347,False,ok,rhythm,False,sufficient,sufficient,sufficient,sufficient,sufficient,sufficient
georgia,seresnet,I+II,STTC,device,morphology,5,282,0.3794,0.4183,0.7402,0.0389,0.0930,0.0056,0.0733,0.0124,0.0519,False,ok,repolarization,True,indeterminate,indeterminate,sufficient,indeterminate,indeterminate,indeterminate
georgia,seresnet,I+II,LVH,device,morphology,5,184,0.6236,0.7607,0.9026,0.1371,0.1803,0.0828,0.1937,0.0154,0.0049,False,ok,hypertrophy,False,loss,loss,indeterminate,loss,loss,loss
georgia,seresnet,I+II,RBBB,device,morphology,5,83,0.7443,0.7802,0.9776,0.0359,0.0460,-0.0185,0.1016,0.0365,0.1944,False,ok,conduction,False,indeterminate,indeterminate,indeterminate,indeterminate,indeterminate,indeterminate
georgia,seresnet,LIMB6,AF,device,rhythm,5,85,0.7293,0.7567,0.9337,0.0274,0.0363,-0.0100,0.0663,0.0419,0.1379,False,ok,rhythm,False,indeterminate,indeterminate,sufficient,indeterminate,sufficient,indeterminate
georgia,seresnet,LIMB6,AFL,device,rhythm,5,28,0.3782,0.5696,0.8653,0.1914,0.3361,0.0280,0.3277,0.0546,0.0519,False,ok,rhythm,False,loss,indeterminate,indeterminate,indeterminate,indeterminate,indeterminate
georgia,seresnet,LIMB6,TWC,device,morphology,5,345,0.6368,0.7150,0.8593,0.0782,0.1094,0.0418,0.1165,0.0261,0.0049,False,ok,repolarization,False,loss,indeterminate,indeterminate,loss,indeterminate,indeterminate
georgia,seresnet,LIMB6,LAD,device,morphology,5,141,0.7170,0.7201,0.9765,0.0031,0.0043,-0.0387,0.0368,0.0199,0.6118,False,ok,axis,False,indeterminate,sufficient,sufficient,indeterminate,sufficient,sufficient
georgia,seresnet,LIMB6,SB,device,rhythm,5,250,0.9591,0.9628,0.9930,0.0037,0.0039,-0.0055,0.0124,0.0119,0.2802,False,ok,rhythm,False,sufficient,sufficient,sufficient,sufficient,sufficient,sufficient
georgia,seresnet,LIMB6,SVT,device,rhythm,5,5,0.3478,0.4108,0.9042,0.0630,0.1533,-0.0166,0.2518,0.1541,0.5299,False,ok,rhythm,True,indeterminate,indeterminate,indeterminate,indeterminate,indeterminate,indeterminate
georgia,seresnet,LIMB6,SR,device,rhythm,5,260,0.7373,0.7743,0.9359,0.0370,0.0478,-0.0010,0.0723,0.0176,0.0821,False,ok,rhythm,False,indeterminate,indeterminate,sufficient,indeterminate,sufficient,indeterminate
georgia,seresnet,LIMB6,ST,device,rhythm,5,189,0.9490,0.9451,0.9898,-0.0038,-0.0040,-0.0125,0.0036,0.0100,0.8728,False,ok,rhythm,False,sufficient,sufficient,sufficient,sufficient,sufficient,sufficient
georgia,seresnet,LIMB6,STTC,device,morphology,5,282,0.3886,0.4183,0.7441,0.0296,0.0709,-0.0063,0.0679,0.0203,0.1134,False,ok,repolarization,True,indeterminate,indeterminate,sufficient,indeterminate,indeterminate,indeterminate
georgia,seresnet,LIMB6,LVH,device,morphology,5,184,0.6218,0.7607,0.9003,0.1389,0.1826,0.0814,0.1988,0.0184,0.0049,False,ok,hypertrophy,False,loss,loss,indeterminate,loss,loss,loss
georgia,seresnet,LIMB6,RBBB,device,morphology,5,83,0.7426,0.7802,0.9756,0.0377,0.0483,-0.0180,0.1029,0.0284,0.1916,False,ok,conduction,False,indeterminate,indeterminate,indeterminate,indeterminate,indeterminate,indeterminate
georgia,seresnet,CH3,AF,device,rhythm,5,85,0.7187,0.7567,0.9316,0.0380,0.0503,-0.0052,0.0883,0.0706,0.1074,False,ok,rhythm,False,indeterminate,indeterminate,sufficient,indeterminate,indeterminate,indeterminate
georgia,seresnet,CH3,AFL,device,rhythm,5,28,0.4397,0.5696,0.8752,0.1299,0.2280,0.0028,0.2627,0.0408,0.0778,False,ok,rhythm,False,indeterminate,indeterminate,indeterminate,indeterminate,indeterminate,indeterminate
georgia,seresnet,CH3,TWC,device,morphology,5,345,0.6594,0.7150,0.8765,0.0557,0.0779,0.0261,0.0863,0.0267,0.0049,False,ok,repolarization,False,loss,indeterminate,sufficient,indeterminate,indeterminate,indeterminate
georgia,seresnet,CH3,LAD,device,morphology,5,141,0.7594,0.7201,0.9790,-0.0393,-0.0546,-0.0732,-0.0102,0.0373,0.9970,False,ok,axis,False,sufficient,sufficient,sufficient,sufficient,sufficient,sufficient
georgia,seresnet,CH3,SB,device,rhythm,5,250,0.9586,0.9628,0.9938,0.0042,0.0044,-0.0063,0.0169,0.0104,0.3090,False,ok,rhythm,False,sufficient,sufficient,sufficient,sufficient,sufficient,sufficient
georgia,seresnet,CH3,SVT,device,rhythm,5,5,0.3515,0.4108,0.9202,0.0593,0.1442,-0.0278,0.2378,0.1397,0.6347,False,ok,rhythm,True,indeterminate,indeterminate,indeterminate,indeterminate,indeterminate,indeterminate
georgia,seresnet,CH3,SR,device,rhythm,5,260,0.7615,0.7743,0.9362,0.0128,0.0166,-0.0177,0.0423,0.0158,0.2696,False,ok,rhythm,False,indeterminate,sufficient,sufficient,indeterminate,sufficient,sufficient
georgia,seresnet,CH3,ST,device,rhythm,5,189,0.9466,0.9451,0.9898,-0.0015,-0.0016,-0.0100,0.0074,0.0078,0.7322,False,ok,rhythm,False,sufficient,sufficient,sufficient,sufficient,sufficient,sufficient
georgia,seresnet,CH3,STTC,device,morphology,5,282,0.3963,0.4183,0.7451,0.0220,0.0525,-0.0097,0.0555,0.0144,0.1777,False,ok,repolarization,True,indeterminate,indeterminate,sufficient,indeterminate,indeterminate,indeterminate
georgia,seresnet,CH3,LVH,device,morphology,5,184,0.6421,0.7607,0.9156,0.1186,0.1559,0.0733,0.1691,0.0196,0.0049,False,ok,hypertrophy,False,loss,loss,indeterminate,loss,indeterminate,loss
georgia,seresnet,CH3,RBBB,device,morphology,5,83,0.7784,0.7802,0.9869,0.0018,0.0023,-0.0590,0.0736,0.0224,0.5299,False,ok,conduction,False,indeterminate,indeterminate,sufficient,indeterminate,sufficient,indeterminate
georgia,seresnet,CH4,AF,device,rhythm,5,85,0.6886,0.7567,0.9270,0.0681,0.0900,0.0269,0.1185,0.0521,0.0049,False,ok,rhythm,False,loss,indeterminate,indeterminate,indeterminate,indeterminate,indeterminate
georgia,seresnet,CH4,AFL,device,rhythm,5,28,0.4577,0.5696,0.8851,0.1119,0.1965,-0.0040,0.2399,0.0526,0.0827,False,ok,rhythm,False,indeterminate,indeterminate,indeterminate,indeterminate,indeterminate,indeterminate
georgia,seresnet,CH4,TWC,device,morphology,5,345,0.6516,0.7150,0.8727,0.0634,0.0887,0.0322,0.0944,0.0232,0.0049,False,ok,repolarization,False,loss,indeterminate,sufficient,indeterminate,indeterminate,indeterminate
georgia,seresnet,CH4,LAD,device,morphology,5,141,0.7504,0.7201,0.9789,-0.0303,-0.0420,-0.0661,0.0000,0.0172,0.9967,False,ok,axis,False,sufficient,sufficient,sufficient,sufficient,sufficient,sufficient
georgia,seresnet,CH4,SB,device,rhythm,5,250,0.9593,0.9628,0.9929,0.0035,0.0036,-0.0062,0.0123,0.0114,0.2802,False,ok,rhythm,False,sufficient,sufficient,sufficient,sufficient,sufficient,sufficient
georgia,seresnet,CH4,SVT,device,rhythm,5,5,0.2506,0.4108,0.9059,0.1602,0.3899,-0.0013,0.4614,0.1244,0.2659,False,ok,rhythm,True,indeterminate,indeterminate,indeterminate,indeterminate,indeterminate,indeterminate
georgia,seresnet,CH4,SR,device,rhythm,5,260,0.7528,0.7743,0.9344,0.0215,0.0278,-0.0060,0.0494,0.0167,0.1340,False,ok,rhythm,False,indeterminate,sufficient,sufficient,indeterminate,sufficient,sufficient
georgia,seresnet,CH4,ST,device,rhythm,5,189,0.9458,0.9451,0.9893,-0.0007,-0.0007,-0.0095,0.0069,0.0103,0.6347,False,ok,rhythm,False,sufficient,sufficient,sufficient,sufficient,sufficient,sufficient
georgia,seresnet,CH4,STTC,device,morphology,5,282,0.3833,0.4183,0.7346,0.0350,0.0837,0.0022,0.0681,0.0183,0.0696,False,ok,repolarization,True,indeterminate,indeterminate,sufficient,indeterminate,indeterminate,indeterminate
georgia,seresnet,CH4,LVH,device,morphology,5,184,0.6394,0.7607,0.9167,0.1213,0.1595,0.0693,0.1716,0.0328,0.0049,False,ok,hypertrophy,False,loss,loss,indeterminate,loss,indeterminate,loss
georgia,seresnet,CH4,RBBB,device,morphology,5,83,0.7406,0.7802,0.9848,0.0396,0.0508,-0.0188,0.1042,0.0286,0.1682,False,ok,conduction,False,indeterminate,indeterminate,indeterminate,indeterminate,indeterminate,indeterminate
georgia,inceptiontime,I,AF,single,rhythm,5,85,0.4315,0.5496,0.9049,0.1181,0.2150,0.0226,0.2018,0.0708,0.0154,False,ok,rhythm,False,loss,indeterminate,indeterminate,indeterminate,indeterminate,indeterminate
georgia,inceptiontime,I,AFL,single,rhythm,5,28,0.1434,0.4312,0.8127,0.2878,0.6675,0.1359,0.4431,0.0487,0.0025,True,B_confusion,rhythm,True,loss,loss,loss,loss,loss,loss
georgia,inceptiontime,I,TWC,single,morphology,5,345,0.5839,0.6980,0.8159,0.1142,0.1636,0.0690,0.1608,0.0246,0.0025,False,ok,repolarization,False,loss,loss,indeterminate,loss,indeterminate,loss
georgia,inceptiontime,I,LAD,single,morphology,5,141,0.2420,0.6744,0.7360,0.4324,0.6411,0.3483,0.5198,0.0431,0.0025,True,B_confusion,axis,False,loss,loss,loss,loss,loss,loss
georgia,inceptiontime,I,SB,single,rhythm,5,250,0.9526,0.9462,0.9925,-0.0065,-0.0068,-0.0233,0.0092,0.0086,0.7983,False,ok,rhythm,False,sufficient,sufficient,sufficient,sufficient,sufficient,sufficient
georgia,inceptiontime,I,SVT,single,rhythm,5,5,0.2486,0.4072,0.7358,0.1586,0.3895,-0.0318,0.3754,0.1128,0.4584,False,ok,rhythm,True,indeterminate,indeterminate,indeterminate,indeterminate,indeterminate,indeterminate
georgia,inceptiontime,I,SR,single,rhythm,5,260,0.6438,0.7708,0.9108,0.1270,0.1647,0.0794,0.1768,0.0230,0.0025,False,ok,rhythm,False,loss,loss,indeterminate,loss,loss,loss
georgia,inceptiontime,I,ST,single,rhythm,5,189,0.9381,0.9410,0.9835,0.0029,0.0031,-0.0117,0.0178,0.0108,0.4266,False,ok,rhythm,False,sufficient,sufficient,sufficient,sufficient,sufficient,sufficient
georgia,inceptiontime,I,STTC,single,morphology,5,282,0.3591,0.4167,0.7274,0.0576,0.1382,0.0146,0.1107,0.0204,0.0096,False,ok,repolarization,True,indeterminate,indeterminate,indeterminate,indeterminate,indeterminate,indeterminate
georgia,inceptiontime,I,LVH,single,morphology,5,184,0.5466,0.7580,0.8568,0.2114,0.2789,0.1446,0.2735,0.0181,0.0025,True,B_confusion,hypertrophy,False,loss,loss,loss,loss,loss,loss
georgia,inceptiontime,I,RBBB,single,morphology,5,83,0.7219,0.7733,0.9660,0.0514,0.0665,-0.0273,0.1171,0.0288,0.1623,False,ok,conduction,False,indeterminate,indeterminate,indeterminate,indeterminate,indeterminate,indeterminate
georgia,inceptiontime,II,AF,single,rhythm,5,85,0.6291,0.5496,0.9099,-0.0795,-0.1446,-0.1577,-0.0004,0.0919,0.9750,False,ok,rhythm,False,sufficient,sufficient,sufficient,sufficient,sufficient,sufficient
georgia,inceptiontime,II,AFL,single,rhythm,5,28,0.4261,0.4312,0.8286,0.0051,0.0118,-0.1526,0.1567,0.0546,0.5688,False,ok,rhythm,True,indeterminate,indeterminate,indeterminate,indeterminate,indeterminate,indeterminate
georgia,inceptiontime,II,TWC,single,morphology,5,345,0.5559,0.6980,0.8144,0.1421,0.2036,0.0974,0.1807,0.0239,0.0025,False,ok,repolarization,False,loss,loss,indeterminate,loss,loss,loss
georgia,inceptiontime,II,LAD,single,morphology,5,141,0.6497,0.6744,0.9648,0.0247,0.0366,-0.0443,0.1120,0.0394,0.3495,False,ok,axis,False,indeterminate,indeterminate,indeterminate,indeterminate,indeterminate,indeterminate
georgia,inceptiontime,II,SB,single,rhythm,5,250,0.9537,0.9462,0.9923,-0.0076,-0.0080,-0.0305,0.0092,0.0085,0.7787,False,ok,rhythm,False,sufficient,sufficient,sufficient,sufficient,sufficient,sufficient
georgia,inceptiontime,II,SVT,single,rhythm,5,5,0.2490,0.4072,0.9049,0.1581,0.3884,-0.1374,0.4167,0.0687,0.4525,False,ok,rhythm,True,indeterminate,indeterminate,indeterminate,indeterminate,indeterminate,indeterminate
georgia,inceptiontime,II,SR,single,rhythm,5,260,0.6952,0.7708,0.9274,0.0756,0.0980,0.0195,0.1315,0.0081,0.0154,False,ok,rhythm,False,indeterminate,indeterminate,indeterminate,indeterminate,indeterminate,indeterminate
georgia,inceptiontime,II,ST,single,rhythm,5,189,0.9408,0.9410,0.9848,0.0002,0.0002,-0.0120,0.0119,0.0093,0.5707,False,ok,rhythm,False,sufficient,sufficient,sufficient,sufficient,sufficient,sufficient
georgia,inceptiontime,II,STTC,single,morphology,5,282,0.3478,0.4167,0.7207,0.0689,0.1653,0.0274,0.1127,0.0169,0.0025,False,ok,repolarization,True,loss,indeterminate,indeterminate,loss,indeterminate,indeterminate
georgia,inceptiontime,II,LVH,single,morphology,5,184,0.2603,0.7580,0.7228,0.4977,0.6566,0.4200,0.5673,0.0159,0.0025,True,B_confusion,hypertrophy,False,loss,loss,loss,loss,loss,loss
georgia,inceptiontime,II,RBBB,single,morphology,5,83,0.4614,0.7733,0.9329,0.3119,0.4033,0.2053,0.4229,0.0308,0.0025,True,B_confusion,conduction,False,loss,loss,loss,loss,loss,loss
georgia,inceptiontime,III,AF,single,rhythm,5,85,0.5085,0.5496,0.8941,0.0412,0.0749,-0.0769,0.1467,0.1050,0.3122,False,ok,rhythm,False,indeterminate,indeterminate,indeterminate,indeterminate,indeterminate,indeterminate
georgia,inceptiontime,III,AFL,single,rhythm,5,28,0.4383,0.4312,0.7919,-0.0071,-0.0164,-0.1539,0.1515,0.0877,0.5688,False,ok,rhythm,True,indeterminate,indeterminate,indeterminate,indeterminate,indeterminate,indeterminate
georgia,inceptiontime,III,TWC,single,morphology,5,345,0.4076,0.6980,0.7085,0.2904,0.4161,0.2306,0.3477,0.0321,0.0025,True,B_confusion,repolarization,False,loss,loss,loss,loss,loss,loss
georgia,inceptiontime,III,LAD,single,morphology,5,141,0.4546,0.6744,0.9110,0.2198,0.3259,0.1400,0.3051,0.0381,0.0025,True,B_confusion,axis,False,loss,loss,loss,loss,loss,loss
georgia,inceptiontime,III,SB,single,rhythm,5,250,0.9458,0.9462,0.9921,0.0003,0.0004,-0.0237,0.0219,0.0079,0.5310,False,ok,rhythm,False,indeterminate,sufficient,sufficient,sufficient,sufficient,sufficient
georgia,inceptiontime,III,SVT,single,rhythm,5,5,0.1952,0.4072,0.7426,0.2120,0.5207,-0.1679,0.5015,0.1097,0.2475,False,ok,rhythm,True,indeterminate,indeterminate,indeterminate,indeterminate,indeterminate,indeterminate
georgia,inceptiontime,III,SR,single,rhythm,5,260,0.6119,0.7708,0.9014,0.1589,0.2061,0.0992,0.2212,0.0159,0.0025,True,B_confusion,rhythm,False,loss,loss,indeterminate,loss,loss,loss
georgia,inceptiontime,III,ST,single,rhythm,5,189,0.9255,0.9410,0.9874,0.0155,0.0165,-0.0033,0.0390,0.0058,0.0977,False,ok,rhythm,False,indeterminate,sufficient,sufficient,sufficient,sufficient,sufficient
georgia,inceptiontime,III,STTC,single,morphology,5,282,0.2784,0.4167,0.6394,0.1382,0.3318,0.0942,0.1921,0.0218,0.0025,False,ok,repolarization,True,loss,loss,indeterminate,loss,loss,loss
georgia,inceptiontime,III,LVH,single,morphology,5,184,0.4572,0.7580,0.8086,0.3008,0.3969,0.2249,0.3730,0.0084,0.0025,True,B_confusion,hypertrophy,False,loss,loss,loss,loss,loss,loss
georgia,inceptiontime,III,RBBB,single,morphology,5,83,0.6258,0.7733,0.9500,0.1476,0.1908,0.0295,0.2555,0.0167,0.0154,False,ok,conduction,False,loss,indeterminate,indeterminate,indeterminate,indeterminate,indeterminate
georgia,inceptiontime,aVR,AF,single,rhythm,5,85,0.5785,0.5496,0.9183,-0.0289,-0.0525,-0.1222,0.0511,0.0654,0.7983,False,ok,rhythm,False,indeterminate,indeterminate,sufficient,indeterminate,sufficient,indeterminate
georgia,inceptiontime,aVR,AFL,single,rhythm,5,28,0.3818,0.4312,0.7862,0.0494,0.1145,-0.0964,0.1900,0.0471,0.3113,False,ok,rhythm,True,indeterminate,indeterminate,indeterminate,indeterminate,indeterminate,indeterminate
georgia,inceptiontime,aVR,TWC,single,morphology,5,345,0.5949,0.6980,0.8409,0.1031,0.1477,0.0610,0.1414,0.0290,0.0025,False,ok,repolarization,False,loss,loss,indeterminate,loss,indeterminate,loss
georgia,inceptiontime,aVR,LAD,single,morphology,5,141,0.3280,0.6744,0.8555,0.3464,0.5137,0.2534,0.4363,0.0371,0.0025,True,B_confusion,axis,False,loss,loss,loss,loss,loss,loss
georgia,inceptiontime,aVR,SB,single,rhythm,5,250,0.9510,0.9462,0.9924,-0.0048,-0.0051,-0.0252,0.0117,0.0066,0.6944,False,ok,rhythm,False,sufficient,sufficient,sufficient,sufficient,sufficient,sufficient
georgia,inceptiontime,aVR,SVT,single,rhythm,5,5,0.3532,0.4072,0.8490,0.0540,0.1326,-0.0430,0.2500,0.0317,0.6394,False,ok,rhythm,True,indeterminate,indeterminate,indeterminate,indeterminate,indeterminate,indeterminate
georgia,inceptiontime,aVR,SR,single,rhythm,5,260,0.7089,0.7708,0.9286,0.0619,0.0803,0.0057,0.1130,0.0110,0.0291,False,ok,rhythm,False,indeterminate,indeterminate,indeterminate,indeterminate,indeterminate,indeterminate
georgia,inceptiontime,aVR,ST,single,rhythm,5,189,0.9148,0.9410,0.9820,0.0262,0.0279,0.0006,0.0589,0.0051,0.0366,False,ok,rhythm,False,indeterminate,indeterminate,sufficient,indeterminate,sufficient,indeterminate
georgia,inceptiontime,aVR,STTC,single,morphology,5,282,0.3831,0.4167,0.7470,0.0336,0.0806,-0.0038,0.0722,0.0196,0.0801,False,ok,repolarization,True,indeterminate,indeterminate,sufficient,indeterminate,indeterminate,indeterminate
georgia,inceptiontime,aVR,LVH,single,morphology,5,184,0.3771,0.7580,0.7899,0.3809,0.5025,0.3032,0.4538,0.0115,0.0025,True,B_confusion,hypertrophy,False,loss,loss,loss,loss,loss,loss
georgia,inceptiontime,aVR,RBBB,single,morphology,5,83,0.6977,0.7733,0.9758,0.0756,0.0978,0.0011,0.1355,0.0409,0.0451,False,ok,conduction,False,indeterminate,indeterminate,indeterminate,indeterminate,indeterminate,indeterminate
georgia,inceptiontime,aVL,AF,single,rhythm,5,85,0.4561,0.5496,0.9073,0.0935,0.1701,-0.0252,0.1971,0.0341,0.0874,False,ok,rhythm,False,indeterminate,indeterminate,indeterminate,indeterminate,indeterminate,indeterminate
georgia,inceptiontime,aVL,AFL,single,rhythm,5,28,0.3155,0.4312,0.8349,0.1157,0.2683,-0.0924,0.2990,0.0353,0.2255,False,ok,rhythm,True,indeterminate,indeterminate,indeterminate,indeterminate,indeterminate,indeterminate
georgia,inceptiontime,aVL,TWC,single,morphology,5,345,0.4828,0.6980,0.7476,0.2152,0.3083,0.1586,0.2709,0.0239,0.0025,True,B_confusion,repolarization,False,loss,loss,loss,loss,loss,loss
georgia,inceptiontime,aVL,LAD,single,morphology,5,141,0.3420,0.6744,0.8335,0.3324,0.4929,0.2532,0.4233,0.0315,0.0025,True,B_confusion,axis,False,loss,loss,loss,loss,loss,loss
georgia,inceptiontime,aVL,SB,single,rhythm,5,250,0.9529,0.9462,0.9923,-0.0068,-0.0072,-0.0278,0.0136,0.0039,0.7734,False,ok,rhythm,False,sufficient,sufficient,sufficient,sufficient,sufficient,sufficient
georgia,inceptiontime,aVL,SVT,single,rhythm,5,5,0.1086,0.4072,0.7285,0.2986,0.7334,-0.0258,0.6306,0.1063,0.1405,False,ok,rhythm,True,indeterminate,indeterminate,indeterminate,indeterminate,indeterminate,indeterminate
georgia,inceptiontime,aVL,SR,single,rhythm,5,260,0.6400,0.7708,0.9011,0.1308,0.1696,0.0735,0.1923,0.0112,0.0025,False,ok,rhythm,False,loss,loss,indeterminate,loss,indeterminate,loss
georgia,inceptiontime,aVL,ST,single,rhythm,5,189,0.9218,0.9410,0.9853,0.0192,0.0204,0.0006,0.0409,0.0062,0.0353,False,ok,rhythm,False,indeterminate,sufficient,sufficient,sufficient,sufficient,sufficient
georgia,inceptiontime,aVL,STTC,single,morphology,5,282,0.2740,0.4167,0.6667,0.1427,0.3425,0.1000,0.1987,0.0166,0.0025,False,ok,repolarization,True,loss,loss,loss,loss,loss,loss
georgia,inceptiontime,aVL,LVH,single,morphology,5,184,0.5603,0.7580,0.8461,0.1977,0.2608,0.1241,0.2648,0.0209,0.0025,True,B_confusion,hypertrophy,False,loss,loss,loss,loss,loss,loss
georgia,inceptiontime,aVL,RBBB,single,morphology,5,83,0.6996,0.7733,0.9683,0.0737,0.0953,-0.0196,0.1481,0.0425,0.1135,False,ok,conduction,False,indeterminate,indeterminate,indeterminate,indeterminate,indeterminate,indeterminate
georgia,inceptiontime,aVF,AF,single,rhythm,5,85,0.6173,0.5496,0.9076,-0.0676,-0.1231,-0.1595,0.0300,0.0746,0.9291,False,ok,rhythm,False,indeterminate,sufficient,sufficient,indeterminate,sufficient,sufficient
georgia,inceptiontime,aVF,AFL,single,rhythm,5,28,0.3698,0.4312,0.7975,0.0614,0.1425,-0.0961,0.2183,0.0274,0.2720,False,ok,rhythm,True,indeterminate,indeterminate,indeterminate,indeterminate,indeterminate,indeterminate
georgia,inceptiontime,aVF,TWC,single,morphology,5,345,0.4553,0.6980,0.7302,0.2427,0.3477,0.1901,0.2952,0.0296,0.0025,True,B_confusion,repolarization,False,loss,loss,loss,loss,loss,loss
georgia,inceptiontime,aVF,LAD,single,morphology,5,141,0.5912,0.6744,0.9527,0.0832,0.1234,0.0103,0.1524,0.0342,0.0170,False,ok,axis,False,indeterminate,indeterminate,indeterminate,indeterminate,indeterminate,indeterminate
georgia,inceptiontime,aVF,SB,single,rhythm,5,250,0.9429,0.9462,0.9916,0.0033,0.0034,-0.0198,0.0241,0.0077,0.4584,False,ok,rhythm,False,indeterminate,sufficient,sufficient,sufficient,sufficient,sufficient
georgia,inceptiontime,aVF,SVT,single,rhythm,5,5,0.1436,0.4072,0.8470,0.2635,0.6473,-0.1194,0.5996,0.0592,0.2720,False,ok,rhythm,True,indeterminate,indeterminate,indeterminate,indeterminate,indeterminate,indeterminate
georgia,inceptiontime,aVF,SR,single,rhythm,5,260,0.6335,0.7708,0.9110,0.1373,0.1781,0.0800,0.1959,0.0170,0.0025,False,ok,rhythm,False,loss,loss,indeterminate,loss,loss,loss
georgia,inceptiontime,aVF,ST,single,rhythm,5,189,0.9436,0.9410,0.9890,-0.0026,-0.0028,-0.0159,0.0112,0.0151,0.7226,False,ok,rhythm,False,sufficient,sufficient,sufficient,sufficient,sufficient,sufficient
georgia,inceptiontime,aVF,STTC,single,morphology,5,282,0.2944,0.4167,0.6660,0.1223,0.2935,0.0802,0.1698,0.0147,0.0025,False,ok,repolarization,True,loss,loss,indeterminate,loss,loss,loss
georgia,inceptiontime,aVF,LVH,single,morphology,5,184,0.3119,0.7580,0.7541,0.4461,0.5885,0.3618,0.5214,0.0048,0.0025,True,B_confusion,hypertrophy,False,loss,loss,loss,loss,loss,loss
georgia,inceptiontime,aVF,RBBB,single,morphology,5,83,0.4890,0.7733,0.9441,0.2843,0.3676,0.1429,0.4099,0.0479,0.0025,True,B_confusion,conduction,False,loss,loss,loss,loss,loss,loss
georgia,inceptiontime,V1,AF,single,rhythm,5,85,0.5479,0.5496,0.9226,0.0018,0.0032,-0.1033,0.0904,0.0622,0.6068,False,ok,rhythm,False,indeterminate,indeterminate,sufficient,indeterminate,indeterminate,indeterminate
georgia,inceptiontime,V1,AFL,single,rhythm,5,28,0.5009,0.4312,0.8886,-0.0697,-0.1616,-0.2147,0.1088,0.0409,0.7983,False,ok,rhythm,True,indeterminate,indeterminate,indeterminate,indeterminate,indeterminate,indeterminate
georgia,inceptiontime,V1,TWC,single,morphology,5,345,0.4371,0.6980,0.7392,0.2609,0.3737,0.2070,0.3165,0.0275,0.0025,True,B_confusion,repolarization,False,loss,loss,loss,loss,loss,loss
georgia,inceptiontime,V1,LAD,single,morphology,5,141,0.2557,0.6744,0.7336,0.4187,0.6208,0.3339,0.5130,0.0360,0.0025,True,B_confusion,axis,False,loss,loss,loss,loss,loss,loss
georgia,inceptiontime,V1,SB,single,rhythm,5,250,0.9452,0.9462,0.9934,0.0010,0.0011,-0.0292,0.0282,0.0093,0.5688,False,ok,rhythm,False,indeterminate,sufficient,sufficient,sufficient,sufficient,sufficient
georgia,inceptiontime,V1,SVT,single,rhythm,5,5,0.2541,0.4072,0.7862,0.1531,0.3760,-0.0510,0.3747,0.0716,0.4878,False,ok,rhythm,True,indeterminate,indeterminate,indeterminate,indeterminate,indeterminate,indeterminate
georgia,inceptiontime,V1,SR,single,rhythm,5,260,0.6182,0.7708,0.8963,0.1526,0.1980,0.0945,0.2074,0.0180,0.0025,True,B_confusion,rhythm,False,loss,loss,indeterminate,loss,loss,loss
georgia,inceptiontime,V1,ST,single,rhythm,5,189,0.9417,0.9410,0.9840,-0.0008,-0.0008,-0.0143,0.0120,0.0105,0.6052,False,ok,rhythm,False,sufficient,sufficient,sufficient,sufficient,sufficient,sufficient
georgia,inceptiontime,V1,STTC,single,morphology,5,282,0.2789,0.4167,0.6613,0.1378,0.3307,0.0933,0.1889,0.0174,0.0025,False,ok,repolarization,True,loss,loss,indeterminate,loss,loss,loss
georgia,inceptiontime,V1,LVH,single,morphology,5,184,0.4398,0.7580,0.7888,0.3182,0.4197,0.2319,0.4060,0.0209,0.0025,True,B_confusion,hypertrophy,False,loss,loss,loss,loss,loss,loss
georgia,inceptiontime,V1,RBBB,single,morphology,5,83,0.6948,0.7733,0.9728,0.0785,0.1015,0.0004,0.1596,0.0347,0.0440,False,ok,conduction,False,indeterminate,indeterminate,indeterminate,indeterminate,indeterminate,indeterminate
georgia,inceptiontime,V2,AF,single,rhythm,5,85,0.4596,0.5496,0.8788,0.0900,0.1638,-0.0149,0.1931,0.1223,0.0814,False,ok,rhythm,False,indeterminate,indeterminate,indeterminate,indeterminate,indeterminate,indeterminate
georgia,inceptiontime,V2,AFL,single,rhythm,5,28,0.1926,0.4312,0.8188,0.2386,0.5533,0.0707,0.3962,0.0707,0.0154,True,B_confusion,rhythm,True,loss,loss,indeterminate,loss,loss,loss
georgia,inceptiontime,V2,TWC,single,morphology,5,345,0.4152,0.6980,0.7064,0.2828,0.4052,0.2243,0.3393,0.0277,0.0025,True,B_confusion,repolarization,False,loss,loss,loss,loss,loss,loss
georgia,inceptiontime,V2,LAD,single,morphology,5,141,0.2525,0.6744,0.7440,0.4219,0.6256,0.3364,0.5137,0.0546,0.0025,True,B_confusion,axis,False,loss,loss,loss,loss,loss,loss
georgia,inceptiontime,V2,SB,single,rhythm,5,250,0.9493,0.9462,0.9921,-0.0031,-0.0033,-0.0271,0.0179,0.0157,0.6183,False,ok,rhythm,False,sufficient,sufficient,sufficient,sufficient,sufficient,sufficient
georgia,inceptiontime,V2,SVT,single,rhythm,5,5,0.2483,0.4072,0.8270,0.1589,0.3902,-0.0503,0.5335,0.0434,0.4453,False,ok,rhythm,True,indeterminate,indeterminate,indeterminate,indeterminate,indeterminate,indeterminate
georgia,inceptiontime,V2,SR,single,rhythm,5,260,0.5519,0.7708,0.8846,0.2189,0.2840,0.1539,0.2755,0.0094,0.0025,True,B_confusion,rhythm,False,loss,loss,loss,loss,loss,loss
georgia,inceptiontime,V2,ST,single,rhythm,5,189,0.9401,0.9410,0.9861,0.0009,0.0010,-0.0160,0.0154,0.0073,0.5357,False,ok,rhythm,False,sufficient,sufficient,sufficient,sufficient,sufficient,sufficient
georgia,inceptiontime,V2,STTC,single,morphology,5,282,0.2649,0.4167,0.6166,0.1518,0.3643,0.1052,0.2096,0.0180,0.0025,True,A_invisible,repolarization,True,loss,loss,loss,loss,loss,loss
georgia,inceptiontime,V2,LVH,single,morphology,5,184,0.3062,0.7580,0.7278,0.4518,0.5960,0.3673,0.5290,0.0167,0.0025,True,B_confusion,hypertrophy,False,loss,loss,loss,loss,loss,loss
georgia,inceptiontime,V2,RBBB,single,morphology,5,83,0.6704,0.7733,0.9821,0.1029,0.1331,0.0022,0.2026,0.1120,0.0379,False,ok,conduction,False,indeterminate,indeterminate,indeterminate,indeterminate,indeterminate,indeterminate
georgia,inceptiontime,V3,AF,single,rhythm,5,85,0.4594,0.5496,0.8996,0.0903,0.1643,-0.0129,0.1871,0.0595,0.0814,False,ok,rhythm,False,indeterminate,indeterminate,indeterminate,indeterminate,indeterminate,indeterminate
georgia,inceptiontime,V3,AFL,single,rhythm,5,28,0.2039,0.4312,0.8345,0.2273,0.5271,0.0304,0.4168,0.0608,0.0220,True,B_confusion,rhythm,True,loss,indeterminate,indeterminate,loss,indeterminate,indeterminate
georgia,inceptiontime,V3,TWC,single,morphology,5,345,0.5762,0.6980,0.8110,0.1218,0.1745,0.0715,0.1678,0.0236,0.0025,False,ok,repolarization,False,loss,loss,indeterminate,loss,loss,loss
georgia,inceptiontime,V3,LAD,single,morphology,5,141,0.2802,0.6744,0.7614,0.3942,0.5845,0.3091,0.4934,0.0335,0.0025,True,B_confusion,axis,False,loss,loss,loss,loss,loss,loss
georgia,inceptiontime,V3,SB,single,rhythm,5,250,0.9504,0.9462,0.9915,-0.0042,-0.0045,-0.0263,0.0140,0.0217,0.6647,False,ok,rhythm,False,sufficient,sufficient,sufficient,sufficient,sufficient,sufficient
georgia,inceptiontime,V3,SVT,single,rhythm,5,5,0.2623,0.4072,0.8482,0.1449,0.3559,-0.0321,0.4492,0.0907,0.4584,False,ok,rhythm,True,indeterminate,indeterminate,indeterminate,indeterminate,indeterminate,indeterminate
georgia,inceptiontime,V3,SR,single,rhythm,5,260,0.6547,0.7708,0.9115,0.1161,0.1506,0.0585,0.1699,0.0161,0.0025,False,ok,rhythm,False,loss,loss,indeterminate,loss,indeterminate,loss
georgia,inceptiontime,V3,ST,single,rhythm,5,189,0.9175,0.9410,0.9841,0.0235,0.0250,-0.0012,0.0501,0.0067,0.0548,False,ok,rhythm,False,indeterminate,indeterminate,sufficient,indeterminate,sufficient,indeterminate
georgia,inceptiontime,V3,STTC,single,morphology,5,282,0.3339,0.4167,0.6776,0.0828,0.1987,0.0385,0.1366,0.0181,0.0025,False,ok,repolarization,True,loss,indeterminate,indeterminate,loss,indeterminate,indeterminate
georgia,inceptiontime,V3,LVH,single,morphology,5,184,0.2689,0.7580,0.6927,0.4891,0.6453,0.4028,0.5584,0.0129,0.0025,True,B_confusion,hypertrophy,False,loss,loss,loss,loss,loss,loss
georgia,inceptiontime,V3,RBBB,single,morphology,5,83,0.6859,0.7733,0.9769,0.0874,0.1130,-0.0193,0.2030,0.0525,0.0977,False,ok,conduction,False,indeterminate,indeterminate,indeterminate,indeterminate,indeterminate,indeterminate
georgia,inceptiontime,V4,AF,single,rhythm,5,85,0.4273,0.5496,0.8994,0.1223,0.2225,0.0128,0.2148,0.0529,0.0291,False,ok,rhythm,False,indeterminate,indeterminate,indeterminate,indeterminate,indeterminate,indeterminate
georgia,inceptiontime,V4,AFL,single,rhythm,5,28,0.1944,0.4312,0.8493,0.2368,0.5491,0.0820,0.3935,0.0610,0.0096,True,B_confusion,rhythm,True,loss,loss,indeterminate,loss,loss,loss
georgia,inceptiontime,V4,TWC,single,morphology,5,345,0.6018,0.6980,0.8378,0.0962,0.1378,0.0530,0.1395,0.0399,0.0025,False,ok,repolarization,False,loss,loss,indeterminate,loss,indeterminate,loss
georgia,inceptiontime,V4,LAD,single,morphology,5,141,0.3513,0.6744,0.8233,0.3232,0.4792,0.2312,0.4220,0.0545,0.0025,True,B_confusion,axis,False,loss,loss,loss,loss,loss,loss
georgia,inceptiontime,V4,SB,single,rhythm,5,250,0.9516,0.9462,0.9912,-0.0055,-0.0058,-0.0354,0.0174,0.0132,0.6926,False,ok,rhythm,False,sufficient,sufficient,sufficient,sufficient,sufficient,sufficient
georgia,inceptiontime,V4,SVT,single,rhythm,5,5,0.3045,0.4072,0.9601,0.1027,0.2521,-0.1093,0.4233,0.0637,0.4878,False,ok,rhythm,True,indeterminate,indeterminate,indeterminate,indeterminate,indeterminate,indeterminate
georgia,inceptiontime,V4,SR,single,rhythm,5,260,0.7112,0.7708,0.9275,0.0596,0.0774,0.0094,0.1060,0.0252,0.0209,False,ok,rhythm,False,indeterminate,indeterminate,indeterminate,indeterminate,indeterminate,indeterminate
georgia,inceptiontime,V4,ST,single,rhythm,5,189,0.9313,0.9410,0.9862,0.0097,0.0103,-0.0044,0.0242,0.0179,0.1452,False,ok,rhythm,False,indeterminate,sufficient,sufficient,sufficient,sufficient,sufficient
georgia,inceptiontime,V4,STTC,single,morphology,5,282,0.3656,0.4167,0.7171,0.0510,0.1225,0.0065,0.0967,0.0210,0.0220,False,ok,repolarization,True,indeterminate,indeterminate,sufficient,indeterminate,indeterminate,indeterminate
georgia,inceptiontime,V4,LVH,single,morphology,5,184,0.3365,0.7580,0.7298,0.4216,0.5561,0.3365,0.4932,0.0144,0.0025,True,B_confusion,hypertrophy,False,loss,loss,loss,loss,loss,loss
georgia,inceptiontime,V4,RBBB,single,morphology,5,83,0.6650,0.7733,0.9642,0.1083,0.1401,0.0012,0.2111,0.0334,0.0440,False,ok,conduction,False,indeterminate,indeterminate,indeterminate,indeterminate,indeterminate,indeterminate
georgia,inceptiontime,V5,AF,single,rhythm,5,85,0.3518,0.5496,0.8911,0.1978,0.3599,0.1128,0.2684,0.0352,0.0025,True,B_confusion,rhythm,False,loss,loss,loss,loss,loss,loss
georgia,inceptiontime,V5,AFL,single,rhythm,5,28,0.2213,0.4312,0.8067,0.2099,0.4867,0.0430,0.3895,0.0588,0.0170,True,B_confusion,rhythm,True,loss,indeterminate,indeterminate,loss,indeterminate,indeterminate
georgia,inceptiontime,V5,TWC,single,morphology,5,345,0.6002,0.6980,0.8445,0.0979,0.1402,0.0591,0.1347,0.0241,0.0025,False,ok,repolarization,False,loss,loss,indeterminate,loss,indeterminate,loss
georgia,inceptiontime,V5,LAD,single,morphology,5,141,0.3928,0.6744,0.8491,0.2816,0.4176,0.1864,0.3842,0.0380,0.0025,True,B_confusion,axis,False,loss,loss,loss,loss,loss,loss
georgia,inceptiontime,V5,SB,single,rhythm,5,250,0.9444,0.9462,0.9918,0.0018,0.0019,-0.0280,0.0267,0.0103,0.5310,False,ok,rhythm,False,indeterminate,sufficient,sufficient,sufficient,sufficient,sufficient
georgia,inceptiontime,V5,SVT,single,rhythm,5,5,0.1223,0.4072,0.9163,0.2849,0.6997,-0.0418,0.5775,0.0430,0.2023,False,ok,rhythm,True,indeterminate,indeterminate,indeterminate,indeterminate,indeterminate,indeterminate
georgia,inceptiontime,V5,SR,single,rhythm,5,260,0.7283,0.7708,0.9323,0.0425,0.0551,-0.0089,0.0904,0.0169,0.0868,False,ok,rhythm,False,indeterminate,indeterminate,sufficient,indeterminate,indeterminate,indeterminate
georgia,inceptiontime,V5,ST,single,rhythm,5,189,0.9187,0.9410,0.9833,0.0222,0.0236,0.0014,0.0482,0.0168,0.0339,False,ok,rhythm,False,indeterminate,sufficient,sufficient,indeterminate,sufficient,sufficient
georgia,inceptiontime,V5,STTC,single,morphology,5,282,0.3919,0.4167,0.7514,0.0248,0.0594,-0.0146,0.0698,0.0254,0.1623,False,ok,repolarization,True,indeterminate,indeterminate,sufficient,indeterminate,indeterminate,indeterminate
georgia,inceptiontime,V5,LVH,single,morphology,5,184,0.3930,0.7580,0.7483,0.3650,0.4815,0.2886,0.4389,0.0169,0.0025,True,B_confusion,hypertrophy,False,loss,loss,loss,loss,loss,loss
georgia,inceptiontime,V5,RBBB,single,morphology,5,83,0.6588,0.7733,0.9576,0.1145,0.1480,0.0101,0.2070,0.0511,0.0325,False,ok,conduction,False,indeterminate,indeterminate,indeterminate,indeterminate,indeterminate,indeterminate
georgia,inceptiontime,V6,AF,single,rhythm,5,85,0.3927,0.5496,0.8997,0.1569,0.2855,0.0776,0.2212,0.0489,0.0025,True,B_confusion,rhythm,False,loss,loss,indeterminate,loss,loss,loss
georgia,inceptiontime,V6,AFL,single,rhythm,5,28,0.2951,0.4312,0.8150,0.1361,0.3157,-0.0182,0.2845,0.0543,0.0761,False,ok,rhythm,True,indeterminate,indeterminate,indeterminate,indeterminate,indeterminate,indeterminate
georgia,inceptiontime,V6,TWC,single,morphology,5,345,0.5914,0.6980,0.8357,0.1066,0.1527,0.0678,0.1431,0.0296,0.0025,False,ok,repolarization,False,loss,loss,indeterminate,loss,indeterminate,loss
georgia,inceptiontime,V6,LAD,single,morphology,5,141,0.3947,0.6744,0.8369,0.2797,0.4147,0.1845,0.3772,0.0354,0.0025,True,B_confusion,axis,False,loss,loss,loss,loss,loss,loss
georgia,inceptiontime,V6,SB,single,rhythm,5,250,0.9491,0.9462,0.9931,-0.0030,-0.0032,-0.0318,0.0211,0.0113,0.6286,False,ok,rhythm,False,indeterminate,sufficient,sufficient,sufficient,sufficient,sufficient
georgia,inceptiontime,V6,SVT,single,rhythm,5,5,0.3080,0.4072,0.8487,0.0992,0.2436,-0.0080,0.3336,0.0713,0.3437,False,ok,rhythm,True,indeterminate,indeterminate,indeterminate,indeterminate,indeterminate,indeterminate
georgia,inceptiontime,V6,SR,single,rhythm,5,260,0.7113,0.7708,0.9299,0.0595,0.0771,0.0094,0.1089,0.0164,0.0220,False,ok,rhythm,False,indeterminate,indeterminate,indeterminate,indeterminate,indeterminate,indeterminate
georgia,inceptiontime,V6,ST,single,rhythm,5,189,0.9313,0.9410,0.9823,0.0097,0.0103,-0.0039,0.0248,0.0124,0.1197,False,ok,rhythm,False,indeterminate,sufficient,sufficient,sufficient,sufficient,sufficient
georgia,inceptiontime,V6,STTC,single,morphology,5,282,0.4098,0.4167,0.7488,0.0069,0.0166,-0.0380,0.0583,0.0203,0.4126,False,ok,repolarization,True,indeterminate,indeterminate,sufficient,indeterminate,indeterminate,indeterminate
georgia,inceptiontime,V6,LVH,single,morphology,5,184,0.3924,0.7580,0.7555,0.3656,0.4823,0.2816,0.4371,0.0057,0.0025,True,B_confusion,hypertrophy,False,loss,loss,loss,loss,loss,loss
georgia,inceptiontime,V6,RBBB,single,morphology,5,83,0.6504,0.7733,0.9472,0.1229,0.1589,0.0218,0.2129,0.0342,0.0154,False,ok,conduction,False,loss,indeterminate,indeterminate,indeterminate,indeterminate,indeterminate
georgia,inceptiontime,ALL,AF,ceiling,rhythm,5,85,0.5496,0.5496,0.9095,0.0000,0.0000,,,0.0000,,False,ok,rhythm,False,na,na,na,na,na,na
georgia,inceptiontime,ALL,AFL,ceiling,rhythm,5,28,0.4312,0.4312,0.8517,0.0000,0.0000,,,0.0000,,False,ok,rhythm,True,na,na,na,na,na,na
georgia,inceptiontime,ALL,TWC,ceiling,morphology,5,345,0.6980,0.6980,0.8996,0.0000,0.0000,,,0.0000,,False,ok,repolarization,False,na,na,na,na,na,na
georgia,inceptiontime,ALL,LAD,ceiling,morphology,5,141,0.6744,0.6744,0.9738,0.0000,0.0000,,,0.0000,,False,ok,axis,False,na,na,na,na,na,na
georgia,inceptiontime,ALL,SB,ceiling,rhythm,5,250,0.9462,0.9462,0.9930,0.0000,0.0000,,,0.0000,,False,ok,rhythm,False,na,na,na,na,na,na
georgia,inceptiontime,ALL,SVT,ceiling,rhythm,5,5,0.4072,0.4072,0.7899,0.0000,0.0000,,,0.0000,,False,ok,rhythm,True,na,na,na,na,na,na
georgia,inceptiontime,ALL,SR,ceiling,rhythm,5,260,0.7708,0.7708,0.9421,0.0000,0.0000,,,0.0000,,False,ok,rhythm,False,na,na,na,na,na,na
georgia,inceptiontime,ALL,ST,ceiling,rhythm,5,189,0.9410,0.9410,0.9847,0.0000,0.0000,,,0.0000,,False,ok,rhythm,False,na,na,na,na,na,na
georgia,inceptiontime,ALL,STTC,ceiling,morphology,5,282,0.4167,0.4167,0.7663,0.0000,0.0000,,,0.0000,,False,ok,repolarization,True,na,na,na,na,na,na
georgia,inceptiontime,ALL,LVH,ceiling,morphology,5,184,0.7580,0.7580,0.9626,0.0000,0.0000,,,0.0000,,False,ok,hypertrophy,False,na,na,na,na,na,na
georgia,inceptiontime,ALL,RBBB,ceiling,morphology,5,83,0.7733,0.7733,0.9863,0.0000,0.0000,,,0.0000,,False,ok,conduction,False,na,na,na,na,na,na
georgia,inceptiontime,I+II,AF,device,rhythm,5,85,0.6734,0.5496,0.9268,-0.1237,-0.2251,-0.1912,-0.0531,0.0905,1.0000,False,ok,rhythm,False,sufficient,sufficient,sufficient,sufficient,sufficient,sufficient
georgia,inceptiontime,I+II,AFL,device,rhythm,5,28,0.3598,0.4312,0.7690,0.0714,0.1657,-0.0850,0.1967,0.0461,0.3978,False,ok,rhythm,True,indeterminate,indeterminate,indeterminate,indeterminate,indeterminate,indeterminate
georgia,inceptiontime,I+II,TWC,device,morphology,5,345,0.6352,0.6980,0.8643,0.0628,0.0899,0.0277,0.0949,0.0258,0.0073,False,ok,repolarization,False,loss,indeterminate,sufficient,indeterminate,indeterminate,indeterminate
georgia,inceptiontime,I+II,LAD,device,morphology,5,141,0.7407,0.6744,0.9796,-0.0663,-0.0983,-0.1153,-0.0129,0.0186,1.0000,False,ok,axis,False,sufficient,sufficient,sufficient,sufficient,sufficient,sufficient
georgia,inceptiontime,I+II,SB,device,rhythm,5,250,0.9478,0.9462,0.9926,-0.0016,-0.0017,-0.0148,0.0125,0.0050,0.8806,False,ok,rhythm,False,sufficient,sufficient,sufficient,sufficient,sufficient,sufficient
georgia,inceptiontime,I+II,SVT,device,rhythm,5,5,0.4437,0.4072,0.8528,-0.0365,-0.0896,-0.1546,0.0000,0.0377,1.0000,False,ok,rhythm,True,sufficient,sufficient,sufficient,sufficient,sufficient,sufficient
georgia,inceptiontime,I+II,SR,device,rhythm,5,260,0.7470,0.7708,0.9358,0.0238,0.0309,-0.0171,0.0634,0.0271,0.3101,False,ok,rhythm,False,indeterminate,indeterminate,sufficient,indeterminate,sufficient,indeterminate
georgia,inceptiontime,I+II,ST,device,rhythm,5,189,0.9258,0.9410,0.9791,0.0152,0.0161,-0.0023,0.0359,0.0210,0.1476,False,ok,rhythm,False,indeterminate,sufficient,sufficient,sufficient,sufficient,sufficient
georgia,inceptiontime,I+II,STTC,device,morphology,5,282,0.4053,0.4167,0.7512,0.0114,0.0273,-0.0257,0.0514,0.0240,0.4579,False,ok,repolarization,True,indeterminate,indeterminate,sufficient,indeterminate,indeterminate,indeterminate
georgia,inceptiontime,I+II,LVH,device,morphology,5,184,0.6144,0.7580,0.8954,0.1437,0.1895,0.0924,0.1976,0.0081,0.0073,False,ok,hypertrophy,False,loss,loss,indeterminate,loss,loss,loss
georgia,inceptiontime,I+II,RBBB,device,morphology,5,83,0.7114,0.7733,0.9777,0.0619,0.0801,-0.0100,0.1227,0.0327,0.1476,False,ok,conduction,False,indeterminate,indeterminate,indeterminate,indeterminate,indeterminate,indeterminate
georgia,inceptiontime,LIMB6,AF,device,rhythm,5,85,0.6378,0.5496,0.9221,-0.0882,-0.1605,-0.1783,-0.0163,0.1012,1.0000,False,ok,rhythm,False,sufficient,sufficient,sufficient,sufficient,sufficient,sufficient
georgia,inceptiontime,LIMB6,AFL,device,rhythm,5,28,0.3864,0.4312,0.8526,0.0448,0.1039,-0.1135,0.1723,0.0720,0.5081,False,ok,rhythm,True,indeterminate,indeterminate,indeterminate,indeterminate,indeterminate,indeterminate
georgia,inceptiontime,LIMB6,TWC,device,morphology,5,345,0.6399,0.6980,0.8646,0.0582,0.0833,0.0247,0.0900,0.0354,0.0073,False,ok,repolarization,False,loss,indeterminate,sufficient,indeterminate,indeterminate,indeterminate
georgia,inceptiontime,LIMB6,LAD,device,morphology,5,141,0.7222,0.6744,0.9781,-0.0478,-0.0709,-0.1013,0.0012,0.0736,1.0000,False,ok,axis,False,sufficient,sufficient,sufficient,sufficient,sufficient,sufficient
georgia,inceptiontime,LIMB6,SB,device,rhythm,5,250,0.9580,0.9462,0.9933,-0.0119,-0.0126,-0.0307,0.0042,0.0141,1.0000,False,ok,rhythm,False,sufficient,sufficient,sufficient,sufficient,sufficient,sufficient
georgia,inceptiontime,LIMB6,SVT,device,rhythm,5,5,0.4357,0.4072,0.8346,-0.0285,-0.0701,-0.1246,0.0003,0.0574,1.0000,False,ok,rhythm,True,sufficient,sufficient,sufficient,sufficient,sufficient,sufficient
georgia,inceptiontime,LIMB6,SR,device,rhythm,5,260,0.7287,0.7708,0.9346,0.0421,0.0546,0.0001,0.0840,0.0454,0.1143,False,ok,rhythm,False,indeterminate,indeterminate,sufficient,indeterminate,indeterminate,indeterminate
georgia,inceptiontime,LIMB6,ST,device,rhythm,5,189,0.9393,0.9410,0.9836,0.0016,0.0017,-0.0100,0.0133,0.0164,0.6999,False,ok,rhythm,False,sufficient,sufficient,sufficient,sufficient,sufficient,sufficient
georgia,inceptiontime,LIMB6,STTC,device,morphology,5,282,0.3940,0.4167,0.7491,0.0227,0.0545,-0.0140,0.0612,0.0184,0.2741,False,ok,repolarization,True,indeterminate,indeterminate,sufficient,indeterminate,indeterminate,indeterminate
georgia,inceptiontime,LIMB6,LVH,device,morphology,5,184,0.6213,0.7580,0.9008,0.1367,0.1803,0.0852,0.1868,0.0166,0.0073,False,ok,hypertrophy,False,loss,loss,indeterminate,loss,loss,loss
georgia,inceptiontime,LIMB6,RBBB,device,morphology,5,83,0.7299,0.7733,0.9798,0.0434,0.0561,-0.0187,0.0976,0.0328,0.2198,False,ok,conduction,False,indeterminate,indeterminate,sufficient,indeterminate,indeterminate,indeterminate
georgia,inceptiontime,CH3,AF,device,rhythm,5,85,0.6074,0.5496,0.9188,-0.0577,-0.1050,-0.1329,0.0080,0.0390,1.0000,False,ok,rhythm,False,sufficient,sufficient,sufficient,sufficient,sufficient,sufficient
georgia,inceptiontime,CH3,AFL,device,rhythm,5,28,0.3965,0.4312,0.8508,0.0347,0.0805,-0.0797,0.1474,0.0529,0.4579,False,ok,rhythm,True,indeterminate,indeterminate,indeterminate,indeterminate,indeterminate,indeterminate
georgia,inceptiontime,CH3,TWC,device,morphology,5,345,0.6597,0.6980,0.8803,0.0383,0.0549,0.0122,0.0656,0.0237,0.0251,False,ok,repolarization,False,indeterminate,indeterminate,sufficient,indeterminate,sufficient,indeterminate
georgia,inceptiontime,CH3,LAD,device,morphology,5,141,0.7546,0.6744,0.9786,-0.0802,-0.1189,-0.1182,-0.0353,0.0343,1.0000,False,ok,axis,False,sufficient,sufficient,sufficient,sufficient,sufficient,sufficient
georgia,inceptiontime,CH3,SB,device,rhythm,5,250,0.9587,0.9462,0.9935,-0.0125,-0.0132,-0.0276,0.0016,0.0102,1.0000,False,ok,rhythm,False,sufficient,sufficient,sufficient,sufficient,sufficient,sufficient
georgia,inceptiontime,CH3,SVT,device,rhythm,5,5,0.3575,0.4072,0.8309,0.0497,0.1221,-0.0656,0.2274,0.0831,0.8806,False,ok,rhythm,True,indeterminate,indeterminate,indeterminate,indeterminate,indeterminate,indeterminate
georgia,inceptiontime,CH3,SR,device,rhythm,5,260,0.7320,0.7708,0.9322,0.0388,0.0503,0.0092,0.0673,0.0435,0.0391,False,ok,rhythm,False,indeterminate,indeterminate,sufficient,indeterminate,sufficient,indeterminate
georgia,inceptiontime,CH3,ST,device,rhythm,5,189,0.9406,0.9410,0.9812,0.0004,0.0004,-0.0112,0.0124,0.0097,0.8466,False,ok,rhythm,False,sufficient,sufficient,sufficient,sufficient,sufficient,sufficient
georgia,inceptiontime,CH3,STTC,device,morphology,5,282,0.3899,0.4167,0.7462,0.0268,0.0643,-0.0038,0.0576,0.0132,0.1476,False,ok,repolarization,True,indeterminate,indeterminate,sufficient,indeterminate,indeterminate,indeterminate
georgia,inceptiontime,CH3,LVH,device,morphology,5,184,0.6293,0.7580,0.9148,0.1288,0.1699,0.0807,0.1786,0.0294,0.0073,False,ok,hypertrophy,False,loss,loss,indeterminate,loss,loss,loss
georgia,inceptiontime,CH3,RBBB,device,morphology,5,83,0.7516,0.7733,0.9880,0.0217,0.0281,-0.0344,0.0776,0.0501,0.4579,False,ok,conduction,False,indeterminate,indeterminate,sufficient,indeterminate,indeterminate,indeterminate
georgia,inceptiontime,CH4,AF,device,rhythm,5,85,0.6438,0.5496,0.9167,-0.0942,-0.1713,-0.1635,-0.0267,0.0690,1.0000,False,ok,rhythm,False,sufficient,sufficient,sufficient,sufficient,sufficient,sufficient
georgia,inceptiontime,CH4,AFL,device,rhythm,5,28,0.3690,0.4312,0.8465,0.0622,0.1443,-0.0499,0.1820,0.0510,0.3470,False,ok,rhythm,True,indeterminate,indeterminate,indeterminate,indeterminate,indeterminate,indeterminate
georgia,inceptiontime,CH4,TWC,device,morphology,5,345,0.6622,0.6980,0.8842,0.0358,0.0513,0.0090,0.0638,0.0319,0.0385,False,ok,repolarization,False,indeterminate,indeterminate,sufficient,indeterminate,sufficient,indeterminate
georgia,inceptiontime,CH4,LAD,device,morphology,5,141,0.7401,0.6744,0.9782,-0.0657,-0.0974,-0.1009,-0.0253,0.0409,1.0000,False,ok,axis,False,sufficient,sufficient,sufficient,sufficient,sufficient,sufficient
georgia,inceptiontime,CH4,SB,device,rhythm,5,250,0.9575,0.9462,0.9931,-0.0113,-0.0120,-0.0347,0.0091,0.0120,1.0000,False,ok,rhythm,False,sufficient,sufficient,sufficient,sufficient,sufficient,sufficient
georgia,inceptiontime,CH4,SVT,device,rhythm,5,5,0.3618,0.4072,0.8291,0.0454,0.1114,-0.0844,0.2246,0.0571,0.8806,False,ok,rhythm,True,indeterminate,indeterminate,indeterminate,indeterminate,indeterminate,indeterminate
georgia,inceptiontime,CH4,SR,device,rhythm,5,260,0.7442,0.7708,0.9332,0.0266,0.0345,-0.0041,0.0582,0.0247,0.1476,False,ok,rhythm,False,indeterminate,indeterminate,sufficient,indeterminate,sufficient,indeterminate
georgia,inceptiontime,CH4,ST,device,rhythm,5,189,0.9423,0.9410,0.9835,-0.0014,-0.0014,-0.0116,0.0092,0.0067,0.8961,False,ok,rhythm,False,sufficient,sufficient,sufficient,sufficient,sufficient,sufficient
georgia,inceptiontime,CH4,STTC,device,morphology,5,282,0.4048,0.4167,0.7545,0.0119,0.0285,-0.0165,0.0461,0.0274,0.4228,False,ok,repolarization,True,indeterminate,sufficient,sufficient,indeterminate,indeterminate,sufficient
georgia,inceptiontime,CH4,LVH,device,morphology,5,184,0.6387,0.7580,0.9186,0.1194,0.1575,0.0745,0.1636,0.0109,0.0073,False,ok,hypertrophy,False,loss,loss,indeterminate,loss,indeterminate,loss
georgia,inceptiontime,CH4,RBBB,device,morphology,5,83,0.7384,0.7733,0.9883,0.0349,0.0452,-0.0163,0.0849,0.0424,0.2582,False,ok,conduction,False,indeterminate,indeterminate,sufficient,indeterminate,indeterminate,indeterminate
