cohort,arch,spec,cls,kind,group,n_seeds,n_pos_test,auprc,auprc_ceiling,auroc,gap,rel_gap,gap_ci_lo,gap_ci_hi,gap_seed_sd,q,blind,type,dx_group,low_ceiling,suff_abs0.02,suff_abs0.05,suff_abs0.1,suff_rel0.05,suff_rel0.1,sufficiency
chapman_broad,seresnet,I,AF,single,rhythm,1,267,0.9053,0.9648,0.9863,0.0594,0.0616,0.0172,0.1023,,0.0044,False,ok,rhythm,False,indeterminate,indeterminate,indeterminate,indeterminate,indeterminate,indeterminate
chapman_broad,seresnet,I,AFL,single,rhythm,1,67,0.4864,0.8166,0.9434,0.3302,0.4043,0.2045,0.4400,,0.0023,True,B_confusion,rhythm,False,loss,loss,loss,loss,loss,loss
chapman_broad,seresnet,I,TWC,single,morphology,1,295,0.5646,0.7769,0.8320,0.2123,0.2733,0.1597,0.2673,,0.0023,True,B_confusion,repolarization,False,loss,loss,loss,loss,loss,loss
chapman_broad,seresnet,I,LAD,single,morphology,1,57,0.1383,0.6037,0.6689,0.4654,0.7708,0.3012,0.6060,,0.0023,True,B_confusion,axis,False,loss,loss,loss,loss,loss,loss
chapman_broad,seresnet,I,SB,single,rhythm,1,583,0.9995,0.9996,0.9997,0.0001,0.0001,-0.0003,0.0006,,0.3579,False,ok,rhythm,False,sufficient,sufficient,sufficient,sufficient,sufficient,sufficient
chapman_broad,seresnet,I,SVT,single,rhythm,1,105,0.8832,0.9158,0.9874,0.0326,0.0356,-0.0040,0.0732,,0.0668,False,ok,rhythm,False,indeterminate,indeterminate,sufficient,indeterminate,sufficient,indeterminate
chapman_broad,seresnet,I,SR,single,rhythm,1,274,0.9916,0.9971,0.9986,0.0055,0.0055,-0.0009,0.0172,,0.1319,False,ok,rhythm,False,sufficient,sufficient,sufficient,sufficient,sufficient,sufficient
chapman_broad,seresnet,I,ST,single,rhythm,1,235,0.9892,0.9907,0.9977,0.0015,0.0015,-0.0071,0.0092,,0.3806,False,ok,rhythm,False,sufficient,sufficient,sufficient,sufficient,sufficient,sufficient
chapman_broad,seresnet,I,STTC,single,morphology,1,212,0.5024,0.6273,0.8235,0.1249,0.1991,0.0655,0.1861,,0.0023,False,ok,repolarization,False,loss,loss,indeterminate,loss,loss,loss
chapman_broad,seresnet,I,LVH,single,morphology,1,196,0.2450,0.7880,0.7161,0.5431,0.6892,0.4746,0.6030,,0.0023,True,B_confusion,hypertrophy,False,loss,loss,loss,loss,loss,loss
chapman_broad,seresnet,I,RBBB,single,morphology,1,68,0.8812,0.9645,0.9796,0.0833,0.0864,0.0382,0.1372,,0.0023,False,ok,conduction,False,loss,indeterminate,indeterminate,indeterminate,indeterminate,indeterminate
chapman_broad,seresnet,II,AF,single,rhythm,1,267,0.9564,0.9648,0.9939,0.0083,0.0086,-0.0120,0.0301,,0.2893,False,ok,rhythm,False,indeterminate,sufficient,sufficient,sufficient,sufficient,sufficient
chapman_broad,seresnet,II,AFL,single,rhythm,1,67,0.7420,0.8166,0.9700,0.0746,0.0913,-0.0056,0.1617,,0.0676,False,ok,rhythm,False,indeterminate,indeterminate,indeterminate,indeterminate,indeterminate,indeterminate
chapman_broad,seresnet,II,TWC,single,morphology,1,295,0.6698,0.7769,0.8754,0.1072,0.1379,0.0590,0.1526,,0.0023,False,ok,repolarization,False,loss,loss,indeterminate,loss,indeterminate,loss
chapman_broad,seresnet,II,LAD,single,morphology,1,57,0.5790,0.6037,0.9739,0.0247,0.0410,-0.0880,0.1496,,0.3807,False,ok,axis,False,indeterminate,indeterminate,indeterminate,indeterminate,indeterminate,indeterminate
chapman_broad,seresnet,II,SB,single,rhythm,1,583,0.9996,0.9996,0.9998,-0.0000,-0.0000,-0.0004,0.0003,,0.6266,False,ok,rhythm,False,sufficient,sufficient,sufficient,sufficient,sufficient,sufficient
chapman_broad,seresnet,II,SVT,single,rhythm,1,105,0.9128,0.9158,0.9895,0.0030,0.0033,-0.0357,0.0486,,0.5374,False,ok,rhythm,False,indeterminate,sufficient,sufficient,indeterminate,sufficient,sufficient
chapman_broad,seresnet,II,SR,single,rhythm,1,274,0.9956,0.9971,0.9990,0.0014,0.0014,-0.0008,0.0041,,0.1695,False,ok,rhythm,False,sufficient,sufficient,sufficient,sufficient,sufficient,sufficient
chapman_broad,seresnet,II,ST,single,rhythm,1,235,0.9891,0.9907,0.9973,0.0016,0.0016,-0.0032,0.0072,,0.3254,False,ok,rhythm,False,sufficient,sufficient,sufficient,sufficient,sufficient,sufficient
chapman_broad,seresnet,II,STTC,single,morphology,1,212,0.5585,0.6273,0.8634,0.0688,0.1096,0.0189,0.1147,,0.0084,False,ok,repolarization,False,indeterminate,indeterminate,indeterminate,indeterminate,indeterminate,indeterminate
chapman_broad,seresnet,II,LVH,single,morphology,1,196,0.3297,0.7880,0.7498,0.4584,0.5816,0.3802,0.5243,,0.0023,True,B_confusion,hypertrophy,False,loss,loss,loss,loss,loss,loss
chapman_broad,seresnet,II,RBBB,single,morphology,1,68,0.7922,0.9645,0.9592,0.1722,0.1786,0.0948,0.2521,,0.0023,True,B_confusion,conduction,False,loss,loss,indeterminate,loss,indeterminate,loss
chapman_broad,seresnet,III,AF,single,rhythm,1,267,0.9655,0.9648,0.9927,-0.0007,-0.0007,-0.0252,0.0201,,0.5374,False,ok,rhythm,False,indeterminate,sufficient,sufficient,sufficient,sufficient,sufficient
chapman_broad,seresnet,III,AFL,single,rhythm,1,67,0.7736,0.8166,0.9755,0.0430,0.0526,-0.0527,0.1460,,0.2755,False,ok,rhythm,False,indeterminate,indeterminate,indeterminate,indeterminate,indeterminate,indeterminate
chapman_broad,seresnet,III,TWC,single,morphology,1,295,0.4788,0.7769,0.7720,0.2981,0.3837,0.2327,0.3653,,0.0023,True,B_confusion,repolarization,False,loss,loss,loss,loss,loss,loss
chapman_broad,seresnet,III,LAD,single,morphology,1,57,0.2994,0.6037,0.9136,0.3043,0.5041,0.1652,0.4113,,0.0023,True,B_confusion,axis,False,loss,loss,loss,loss,loss,loss
chapman_broad,seresnet,III,SB,single,rhythm,1,583,0.9991,0.9996,0.9995,0.0005,0.0005,-0.0002,0.0014,,0.1618,False,ok,rhythm,False,sufficient,sufficient,sufficient,sufficient,sufficient,sufficient
chapman_broad,seresnet,III,SVT,single,rhythm,1,105,0.9270,0.9158,0.9892,-0.0112,-0.0122,-0.0450,0.0290,,0.7479,False,ok,rhythm,False,indeterminate,sufficient,sufficient,sufficient,sufficient,sufficient
chapman_broad,seresnet,III,SR,single,rhythm,1,274,0.9924,0.9971,0.9967,0.0047,0.0047,-0.0003,0.0114,,0.0804,False,ok,rhythm,False,sufficient,sufficient,sufficient,sufficient,sufficient,sufficient
chapman_broad,seresnet,III,ST,single,rhythm,1,235,0.9923,0.9907,0.9985,-0.0016,-0.0016,-0.0084,0.0037,,0.6995,False,ok,rhythm,False,sufficient,sufficient,sufficient,sufficient,sufficient,sufficient
chapman_broad,seresnet,III,STTC,single,morphology,1,212,0.3778,0.6273,0.7944,0.2494,0.3977,0.1812,0.3056,,0.0023,True,B_confusion,repolarization,False,loss,loss,loss,loss,loss,loss
chapman_broad,seresnet,III,LVH,single,morphology,1,196,0.2466,0.7880,0.6950,0.5415,0.6871,0.4723,0.5992,,0.0023,True,B_confusion,hypertrophy,False,loss,loss,loss,loss,loss,loss
chapman_broad,seresnet,III,RBBB,single,morphology,1,68,0.7411,0.9645,0.9627,0.2234,0.2316,0.1457,0.3130,,0.0023,True,B_confusion,conduction,False,loss,loss,loss,loss,loss,loss
chapman_broad,seresnet,aVR,AF,single,rhythm,1,267,0.9321,0.9648,0.9894,0.0326,0.0338,-0.0067,0.0704,,0.0869,False,ok,rhythm,False,indeterminate,indeterminate,sufficient,indeterminate,sufficient,indeterminate
chapman_broad,seresnet,aVR,AFL,single,rhythm,1,67,0.6425,0.8166,0.9634,0.1741,0.2132,0.0673,0.2783,,0.0044,True,B_confusion,rhythm,False,loss,loss,indeterminate,loss,indeterminate,loss
chapman_broad,seresnet,aVR,TWC,single,morphology,1,295,0.6654,0.7769,0.8755,0.1115,0.1435,0.0688,0.1569,,0.0023,False,ok,repolarization,False,loss,loss,indeterminate,loss,indeterminate,loss
chapman_broad,seresnet,aVR,LAD,single,morphology,1,57,0.3562,0.6037,0.8926,0.2475,0.4100,0.0822,0.3968,,0.0044,True,B_confusion,axis,False,loss,loss,indeterminate,loss,loss,loss
chapman_broad,seresnet,aVR,SB,single,rhythm,1,583,0.9997,0.9996,0.9998,-0.0001,-0.0001,-0.0005,0.0004,,0.6981,False,ok,rhythm,False,sufficient,sufficient,sufficient,sufficient,sufficient,sufficient
chapman_broad,seresnet,aVR,SVT,single,rhythm,1,105,0.8863,0.9158,0.9822,0.0295,0.0322,-0.0099,0.0754,,0.1377,False,ok,rhythm,False,indeterminate,indeterminate,sufficient,indeterminate,sufficient,indeterminate
chapman_broad,seresnet,aVR,SR,single,rhythm,1,274,0.9959,0.9971,0.9989,0.0012,0.0012,-0.0018,0.0051,,0.3160,False,ok,rhythm,False,sufficient,sufficient,sufficient,sufficient,sufficient,sufficient
chapman_broad,seresnet,aVR,ST,single,rhythm,1,235,0.9932,0.9907,0.9980,-0.0025,-0.0025,-0.0055,0.0000,,0.9740,False,ok,rhythm,False,sufficient,sufficient,sufficient,sufficient,sufficient,sufficient
chapman_broad,seresnet,aVR,STTC,single,morphology,1,212,0.6204,0.6273,0.8760,0.0069,0.0110,-0.0421,0.0607,,0.4559,False,ok,repolarization,False,indeterminate,indeterminate,sufficient,indeterminate,sufficient,indeterminate
chapman_broad,seresnet,aVR,LVH,single,morphology,1,196,0.3433,0.7880,0.7646,0.4447,0.5643,0.3704,0.5117,,0.0023,True,B_confusion,hypertrophy,False,loss,loss,loss,loss,loss,loss
chapman_broad,seresnet,aVR,RBBB,single,morphology,1,68,0.8243,0.9645,0.9671,0.1401,0.1453,0.0721,0.2180,,0.0023,False,ok,conduction,False,loss,loss,indeterminate,loss,indeterminate,loss
chapman_broad,seresnet,aVL,AF,single,rhythm,1,267,0.9560,0.9648,0.9907,0.0087,0.0091,-0.0219,0.0340,,0.3175,False,ok,rhythm,False,indeterminate,sufficient,sufficient,sufficient,sufficient,sufficient
chapman_broad,seresnet,aVL,AFL,single,rhythm,1,67,0.7214,0.8166,0.9698,0.0952,0.1166,0.0054,0.1953,,0.0374,False,ok,rhythm,False,indeterminate,indeterminate,indeterminate,indeterminate,indeterminate,indeterminate
chapman_broad,seresnet,aVL,TWC,single,morphology,1,295,0.3969,0.7769,0.7350,0.3800,0.4891,0.3196,0.4389,,0.0023,True,B_confusion,repolarization,False,loss,loss,loss,loss,loss,loss
chapman_broad,seresnet,aVL,LAD,single,morphology,1,57,0.1476,0.6037,0.8197,0.4561,0.7554,0.3376,0.5652,,0.0023,True,B_confusion,axis,False,loss,loss,loss,loss,loss,loss
chapman_broad,seresnet,aVL,SB,single,rhythm,1,583,0.9996,0.9996,0.9998,-0.0000,-0.0000,-0.0004,0.0003,,0.5806,False,ok,rhythm,False,sufficient,sufficient,sufficient,sufficient,sufficient,sufficient
chapman_broad,seresnet,aVL,SVT,single,rhythm,1,105,0.8976,0.9158,0.9908,0.0182,0.0199,-0.0284,0.0700,,0.3160,False,ok,rhythm,False,indeterminate,indeterminate,sufficient,indeterminate,sufficient,indeterminate
chapman_broad,seresnet,aVL,SR,single,rhythm,1,274,0.9870,0.9971,0.9952,0.0101,0.0101,0.0032,0.0190,,0.0023,False,ok,rhythm,False,sufficient,sufficient,sufficient,sufficient,sufficient,sufficient
chapman_broad,seresnet,aVL,ST,single,rhythm,1,235,0.9807,0.9907,0.9960,0.0100,0.0101,-0.0012,0.0211,,0.0642,False,ok,rhythm,False,indeterminate,sufficient,sufficient,sufficient,sufficient,sufficient
chapman_broad,seresnet,aVL,STTC,single,morphology,1,212,0.3742,0.6273,0.7828,0.2531,0.4034,0.1818,0.3160,,0.0023,True,B_confusion,repolarization,False,loss,loss,loss,loss,loss,loss
chapman_broad,seresnet,aVL,LVH,single,morphology,1,196,0.2405,0.7880,0.6977,0.5475,0.6948,0.4778,0.6077,,0.0023,True,B_confusion,hypertrophy,False,loss,loss,loss,loss,loss,loss
chapman_broad,seresnet,aVL,RBBB,single,morphology,1,68,0.8141,0.9645,0.9650,0.1504,0.1559,0.0889,0.2256,,0.0023,True,B_confusion,conduction,False,loss,loss,indeterminate,loss,indeterminate,loss
chapman_broad,seresnet,aVF,AF,single,rhythm,1,267,0.9633,0.9648,0.9934,0.0015,0.0015,-0.0230,0.0239,,0.4790,False,ok,rhythm,False,indeterminate,sufficient,sufficient,sufficient,sufficient,sufficient
chapman_broad,seresnet,aVF,AFL,single,rhythm,1,67,0.7395,0.8166,0.9795,0.0771,0.0944,-0.0161,0.1688,,0.0848,False,ok,rhythm,False,indeterminate,indeterminate,indeterminate,indeterminate,indeterminate,indeterminate
chapman_broad,seresnet,aVF,TWC,single,morphology,1,295,0.5449,0.7769,0.8183,0.2320,0.2986,0.1717,0.2933,,0.0023,True,B_confusion,repolarization,False,loss,loss,loss,loss,loss,loss
chapman_broad,seresnet,aVF,LAD,single,morphology,1,57,0.4542,0.6037,0.9625,0.1495,0.2476,0.0272,0.2685,,0.0160,False,ok,axis,False,loss,indeterminate,indeterminate,indeterminate,indeterminate,indeterminate
chapman_broad,seresnet,aVF,SB,single,rhythm,1,583,0.9996,0.9996,0.9997,0.0000,0.0000,-0.0004,0.0004,,0.5427,False,ok,rhythm,False,sufficient,sufficient,sufficient,sufficient,sufficient,sufficient
chapman_broad,seresnet,aVF,SVT,single,rhythm,1,105,0.9021,0.9158,0.9913,0.0137,0.0150,-0.0250,0.0610,,0.3540,False,ok,rhythm,False,indeterminate,indeterminate,sufficient,indeterminate,sufficient,indeterminate
chapman_broad,seresnet,aVF,SR,single,rhythm,1,274,0.9885,0.9971,0.9969,0.0086,0.0086,0.0036,0.0148,,0.0023,False,ok,rhythm,False,sufficient,sufficient,sufficient,sufficient,sufficient,sufficient
chapman_broad,seresnet,aVF,ST,single,rhythm,1,235,0.9863,0.9907,0.9976,0.0044,0.0045,-0.0039,0.0142,,0.2202,False,ok,rhythm,False,sufficient,sufficient,sufficient,sufficient,sufficient,sufficient
chapman_broad,seresnet,aVF,STTC,single,morphology,1,212,0.4765,0.6273,0.8384,0.1508,0.2403,0.0887,0.2059,,0.0023,True,B_confusion,repolarization,False,loss,loss,indeterminate,loss,loss,loss
chapman_broad,seresnet,aVF,LVH,single,morphology,1,196,0.2984,0.7880,0.7376,0.4896,0.6213,0.4144,0.5537,,0.0023,True,B_confusion,hypertrophy,False,loss,loss,loss,loss,loss,loss
chapman_broad,seresnet,aVF,RBBB,single,morphology,1,68,0.7271,0.9645,0.9579,0.2374,0.2461,0.1500,0.3357,,0.0023,True,B_confusion,conduction,False,loss,loss,loss,loss,loss,loss
chapman_broad,seresnet,V1,AF,single,rhythm,1,267,0.9731,0.9648,0.9936,-0.0084,-0.0087,-0.0395,0.0198,,0.6995,False,ok,rhythm,False,sufficient,sufficient,sufficient,sufficient,sufficient,sufficient
chapman_broad,seresnet,V1,AFL,single,rhythm,1,67,0.8172,0.8166,0.9882,-0.0006,-0.0008,-0.0885,0.0855,,0.5511,False,ok,rhythm,False,indeterminate,indeterminate,sufficient,indeterminate,indeterminate,indeterminate
chapman_broad,seresnet,V1,TWC,single,morphology,1,295,0.3819,0.7769,0.7295,0.3950,0.5084,0.3274,0.4532,,0.0023,True,B_confusion,repolarization,False,loss,loss,loss,loss,loss,loss
chapman_broad,seresnet,V1,LAD,single,morphology,1,57,0.1261,0.6037,0.6785,0.4776,0.7911,0.3334,0.5976,,0.0023,True,B_confusion,axis,False,loss,loss,loss,loss,loss,loss
chapman_broad,seresnet,V1,SB,single,rhythm,1,583,0.9996,0.9996,0.9997,0.0000,0.0000,-0.0003,0.0004,,0.5374,False,ok,rhythm,False,sufficient,sufficient,sufficient,sufficient,sufficient,sufficient
chapman_broad,seresnet,V1,SVT,single,rhythm,1,105,0.8645,0.9158,0.9637,0.0513,0.0560,-0.0014,0.1084,,0.0480,False,ok,rhythm,False,indeterminate,indeterminate,indeterminate,indeterminate,indeterminate,indeterminate
chapman_broad,seresnet,V1,SR,single,rhythm,1,274,0.9953,0.9971,0.9985,0.0018,0.0018,-0.0021,0.0066,,0.2893,False,ok,rhythm,False,sufficient,sufficient,sufficient,sufficient,sufficient,sufficient
chapman_broad,seresnet,V1,ST,single,rhythm,1,235,0.9884,0.9907,0.9970,0.0024,0.0024,-0.0081,0.0123,,0.3629,False,ok,rhythm,False,sufficient,sufficient,sufficient,sufficient,sufficient,sufficient
chapman_broad,seresnet,V1,STTC,single,morphology,1,212,0.3730,0.6273,0.7782,0.2543,0.4053,0.1862,0.3149,,0.0023,True,B_confusion,repolarization,False,loss,loss,loss,loss,loss,loss
chapman_broad,seresnet,V1,LVH,single,morphology,1,196,0.2795,0.7880,0.7385,0.5085,0.6453,0.4336,0.5660,,0.0023,True,B_confusion,hypertrophy,False,loss,loss,loss,loss,loss,loss
chapman_broad,seresnet,V1,RBBB,single,morphology,1,68,0.9490,0.9645,0.9975,0.0154,0.0160,-0.0155,0.0486,,0.2051,False,ok,conduction,False,indeterminate,sufficient,sufficient,indeterminate,sufficient,sufficient
chapman_broad,seresnet,V2,AF,single,rhythm,1,267,0.9354,0.9648,0.9893,0.0294,0.0305,0.0031,0.0555,,0.0293,False,ok,rhythm,False,indeterminate,indeterminate,sufficient,indeterminate,sufficient,indeterminate
chapman_broad,seresnet,V2,AFL,single,rhythm,1,67,0.5345,0.8166,0.9484,0.2821,0.3454,0.1528,0.3954,,0.0023,True,B_confusion,rhythm,False,loss,loss,loss,loss,loss,loss
chapman_broad,seresnet,V2,TWC,single,morphology,1,295,0.4513,0.7769,0.7674,0.3256,0.4191,0.2598,0.3880,,0.0023,True,B_confusion,repolarization,False,loss,loss,loss,loss,loss,loss
chapman_broad,seresnet,V2,LAD,single,morphology,1,57,0.0839,0.6037,0.6946,0.5198,0.8610,0.3912,0.6352,,0.0023,True,B_confusion,axis,False,loss,loss,loss,loss,loss,loss
chapman_broad,seresnet,V2,SB,single,rhythm,1,583,0.9989,0.9996,0.9993,0.0007,0.0007,0.0001,0.0014,,0.0210,False,ok,rhythm,False,sufficient,sufficient,sufficient,sufficient,sufficient,sufficient
chapman_broad,seresnet,V2,SVT,single,rhythm,1,105,0.8846,0.9158,0.9823,0.0311,0.0340,-0.0151,0.0896,,0.1607,False,ok,rhythm,False,indeterminate,indeterminate,sufficient,indeterminate,sufficient,indeterminate
chapman_broad,seresnet,V2,SR,single,rhythm,1,274,0.9855,0.9971,0.9962,0.0116,0.0116,0.0059,0.0186,,0.0023,False,ok,rhythm,False,sufficient,sufficient,sufficient,sufficient,sufficient,sufficient
chapman_broad,seresnet,V2,ST,single,rhythm,1,235,0.9749,0.9907,0.9937,0.0159,0.0160,0.0020,0.0324,,0.0197,False,ok,rhythm,False,indeterminate,sufficient,sufficient,sufficient,sufficient,sufficient
chapman_broad,seresnet,V2,STTC,single,morphology,1,212,0.3819,0.6273,0.7843,0.2454,0.3912,0.1770,0.3029,,0.0023,True,B_confusion,repolarization,False,loss,loss,loss,loss,loss,loss
chapman_broad,seresnet,V2,LVH,single,morphology,1,196,0.2799,0.7880,0.7409,0.5082,0.6449,0.4347,0.5667,,0.0023,True,B_confusion,hypertrophy,False,loss,loss,loss,loss,loss,loss
chapman_broad,seresnet,V2,RBBB,single,morphology,1,68,0.9256,0.9645,0.9946,0.0389,0.0403,0.0021,0.0872,,0.0264,False,ok,conduction,False,indeterminate,indeterminate,sufficient,indeterminate,sufficient,indeterminate
chapman_broad,seresnet,V3,AF,single,rhythm,1,267,0.9417,0.9648,0.9899,0.0231,0.0239,-0.0111,0.0549,,0.1377,False,ok,rhythm,False,indeterminate,indeterminate,sufficient,indeterminate,sufficient,indeterminate
chapman_broad,seresnet,V3,AFL,single,rhythm,1,67,0.4857,0.8166,0.9392,0.3309,0.4052,0.2049,0.4421,,0.0023,True,B_confusion,rhythm,False,loss,loss,loss,loss,loss,loss
chapman_broad,seresnet,V3,TWC,single,morphology,1,295,0.5921,0.7769,0.8396,0.1848,0.2379,0.1215,0.2387,,0.0023,True,B_confusion,repolarization,False,loss,loss,loss,loss,loss,loss
chapman_broad,seresnet,V3,LAD,single,morphology,1,57,0.0670,0.6037,0.6807,0.5367,0.8889,0.4118,0.6511,,0.0023,True,B_confusion,axis,False,loss,loss,loss,loss,loss,loss
chapman_broad,seresnet,V3,SB,single,rhythm,1,583,0.9997,0.9996,0.9998,-0.0001,-0.0001,-0.0005,0.0003,,0.7479,False,ok,rhythm,False,sufficient,sufficient,sufficient,sufficient,sufficient,sufficient
chapman_broad,seresnet,V3,SVT,single,rhythm,1,105,0.8631,0.9158,0.9837,0.0527,0.0576,0.0095,0.1032,,0.0210,False,ok,rhythm,False,indeterminate,indeterminate,indeterminate,indeterminate,indeterminate,indeterminate
chapman_broad,seresnet,V3,SR,single,rhythm,1,274,0.9944,0.9971,0.9980,0.0027,0.0027,-0.0010,0.0082,,0.1513,False,ok,rhythm,False,sufficient,sufficient,sufficient,sufficient,sufficient,sufficient
chapman_broad,seresnet,V3,ST,single,rhythm,1,235,0.9822,0.9907,0.9959,0.0085,0.0086,-0.0012,0.0185,,0.0798,False,ok,rhythm,False,sufficient,sufficient,sufficient,sufficient,sufficient,sufficient
chapman_broad,seresnet,V3,STTC,single,morphology,1,212,0.4039,0.6273,0.8153,0.2234,0.3561,0.1570,0.2855,,0.0023,True,B_confusion,repolarization,False,loss,loss,loss,loss,loss,loss
chapman_broad,seresnet,V3,LVH,single,morphology,1,196,0.3346,0.7880,0.7863,0.4534,0.5754,0.3845,0.5152,,0.0023,True,B_confusion,hypertrophy,False,loss,loss,loss,loss,loss,loss
chapman_broad,seresnet,V3,RBBB,single,morphology,1,68,0.8775,0.9645,0.9878,0.0870,0.0902,0.0397,0.1478,,0.0023,False,ok,conduction,False,loss,indeterminate,indeterminate,indeterminate,indeterminate,indeterminate
chapman_broad,seresnet,V4,AF,single,rhythm,1,267,0.9084,0.9648,0.9883,0.0563,0.0584,0.0073,0.1041,,0.0279,False,ok,rhythm,False,indeterminate,indeterminate,indeterminate,indeterminate,indeterminate,indeterminate
chapman_broad,seresnet,V4,AFL,single,rhythm,1,67,0.3484,0.8166,0.9286,0.4682,0.5733,0.3382,0.5600,,0.0023,True,B_confusion,rhythm,False,loss,loss,loss,loss,loss,loss
chapman_broad,seresnet,V4,TWC,single,morphology,1,295,0.6611,0.7769,0.8717,0.1158,0.1490,0.0669,0.1654,,0.0023,False,ok,repolarization,False,loss,loss,indeterminate,loss,indeterminate,loss
chapman_broad,seresnet,V4,LAD,single,morphology,1,57,0.0736,0.6037,0.7166,0.5301,0.8780,0.4032,0.6430,,0.0023,True,B_confusion,axis,False,loss,loss,loss,loss,loss,loss
chapman_broad,seresnet,V4,SB,single,rhythm,1,583,0.9992,0.9996,0.9995,0.0004,0.0004,-0.0001,0.0010,,0.1513,False,ok,rhythm,False,sufficient,sufficient,sufficient,sufficient,sufficient,sufficient
chapman_broad,seresnet,V4,SVT,single,rhythm,1,105,0.8864,0.9158,0.9902,0.0294,0.0321,-0.0088,0.0695,,0.1135,False,ok,rhythm,False,indeterminate,indeterminate,sufficient,indeterminate,sufficient,indeterminate
chapman_broad,seresnet,V4,SR,single,rhythm,1,274,0.9965,0.9971,0.9992,0.0006,0.0006,-0.0014,0.0028,,0.3465,False,ok,rhythm,False,sufficient,sufficient,sufficient,sufficient,sufficient,sufficient
chapman_broad,seresnet,V4,ST,single,rhythm,1,235,0.9810,0.9907,0.9952,0.0097,0.0098,-0.0004,0.0213,,0.0480,False,ok,rhythm,False,indeterminate,sufficient,sufficient,sufficient,sufficient,sufficient
chapman_broad,seresnet,V4,STTC,single,morphology,1,212,0.5342,0.6273,0.8631,0.0931,0.1484,0.0315,0.1482,,0.0064,False,ok,repolarization,False,loss,indeterminate,indeterminate,loss,indeterminate,indeterminate
chapman_broad,seresnet,V4,LVH,single,morphology,1,196,0.5015,0.7880,0.8772,0.2865,0.3636,0.2243,0.3457,,0.0023,True,B_confusion,hypertrophy,False,loss,loss,loss,loss,loss,loss
chapman_broad,seresnet,V4,RBBB,single,morphology,1,68,0.8322,0.9645,0.9759,0.1322,0.1371,0.0730,0.2034,,0.0023,False,ok,conduction,False,loss,loss,indeterminate,loss,indeterminate,loss
chapman_broad,seresnet,V5,AF,single,rhythm,1,267,0.8846,0.9648,0.9842,0.0802,0.0831,0.0268,0.1346,,0.0064,False,ok,rhythm,False,loss,indeterminate,indeterminate,indeterminate,indeterminate,indeterminate
chapman_broad,seresnet,V5,AFL,single,rhythm,1,67,0.3332,0.8166,0.9184,0.4833,0.5919,0.3582,0.5879,,0.0023,True,B_confusion,rhythm,False,loss,loss,loss,loss,loss,loss
chapman_broad,seresnet,V5,TWC,single,morphology,1,295,0.7789,0.7769,0.9197,-0.0019,-0.0025,-0.0381,0.0341,,0.5480,False,ok,repolarization,False,indeterminate,sufficient,sufficient,sufficient,sufficient,sufficient
chapman_broad,seresnet,V5,LAD,single,morphology,1,57,0.1069,0.6037,0.7746,0.4968,0.8229,0.3594,0.6158,,0.0023,True,B_confusion,axis,False,loss,loss,loss,loss,loss,loss
chapman_broad,seresnet,V5,SB,single,rhythm,1,583,0.9992,0.9996,0.9995,0.0004,0.0004,-0.0001,0.0011,,0.1182,False,ok,rhythm,False,sufficient,sufficient,sufficient,sufficient,sufficient,sufficient
chapman_broad,seresnet,V5,SVT,single,rhythm,1,105,0.8635,0.9158,0.9873,0.0523,0.0571,0.0103,0.1022,,0.0122,False,ok,rhythm,False,indeterminate,indeterminate,indeterminate,indeterminate,indeterminate,indeterminate
chapman_broad,seresnet,V5,SR,single,rhythm,1,274,0.9908,0.9971,0.9972,0.0062,0.0063,0.0016,0.0126,,0.0023,False,ok,rhythm,False,sufficient,sufficient,sufficient,sufficient,sufficient,sufficient
chapman_broad,seresnet,V5,ST,single,rhythm,1,235,0.9854,0.9907,0.9954,0.0053,0.0054,-0.0031,0.0134,,0.1448,False,ok,rhythm,False,sufficient,sufficient,sufficient,sufficient,sufficient,sufficient
chapman_broad,seresnet,V5,STTC,single,morphology,1,212,0.6105,0.6273,0.8800,0.0168,0.0268,-0.0349,0.0674,,0.3167,False,ok,repolarization,False,indeterminate,indeterminate,sufficient,indeterminate,indeterminate,indeterminate
chapman_broad,seresnet,V5,LVH,single,morphology,1,196,0.7463,0.7880,0.9365,0.0417,0.0529,0.0012,0.0794,,0.0422,False,ok,hypertrophy,False,indeterminate,indeterminate,sufficient,indeterminate,indeterminate,indeterminate
chapman_broad,seresnet,V5,RBBB,single,morphology,1,68,0.8289,0.9645,0.9756,0.1356,0.1406,0.0744,0.2091,,0.0023,False,ok,conduction,False,loss,loss,indeterminate,loss,indeterminate,loss
chapman_broad,seresnet,V6,AF,single,rhythm,1,267,0.9115,0.9648,0.9852,0.0533,0.0552,0.0170,0.0912,,0.0122,False,ok,rhythm,False,indeterminate,indeterminate,sufficient,indeterminate,sufficient,indeterminate
chapman_broad,seresnet,V6,AFL,single,rhythm,1,67,0.4524,0.8166,0.9459,0.3642,0.4460,0.2452,0.4632,,0.0023,True,B_confusion,rhythm,False,loss,loss,loss,loss,loss,loss
chapman_broad,seresnet,V6,TWC,single,morphology,1,295,0.7521,0.7769,0.9172,0.0248,0.0319,-0.0100,0.0612,,0.1229,False,ok,repolarization,False,indeterminate,indeterminate,sufficient,indeterminate,sufficient,indeterminate
chapman_broad,seresnet,V6,LAD,single,morphology,1,57,0.1220,0.6037,0.8021,0.4817,0.7979,0.3433,0.5948,,0.0023,True,B_confusion,axis,False,loss,loss,loss,loss,loss,loss
chapman_broad,seresnet,V6,SB,single,rhythm,1,583,0.9995,0.9996,0.9997,0.0002,0.0002,-0.0003,0.0007,,0.3094,False,ok,rhythm,False,sufficient,sufficient,sufficient,sufficient,sufficient,sufficient
chapman_broad,seresnet,V6,SVT,single,rhythm,1,105,0.8753,0.9158,0.9868,0.0405,0.0442,0.0005,0.0819,,0.0374,False,ok,rhythm,False,indeterminate,indeterminate,sufficient,indeterminate,sufficient,indeterminate
chapman_broad,seresnet,V6,SR,single,rhythm,1,274,0.9939,0.9971,0.9983,0.0032,0.0032,-0.0005,0.0080,,0.0842,False,ok,rhythm,False,sufficient,sufficient,sufficient,sufficient,sufficient,sufficient
chapman_broad,seresnet,V6,ST,single,rhythm,1,235,0.9849,0.9907,0.9966,0.0058,0.0059,-0.0035,0.0152,,0.1503,False,ok,rhythm,False,sufficient,sufficient,sufficient,sufficient,sufficient,sufficient
chapman_broad,seresnet,V6,STTC,single,morphology,1,212,0.6410,0.6273,0.8827,-0.0137,-0.0219,-0.0728,0.0427,,0.7135,False,ok,repolarization,False,indeterminate,sufficient,sufficient,indeterminate,sufficient,sufficient
chapman_broad,seresnet,V6,LVH,single,morphology,1,196,0.6010,0.7880,0.8950,0.1870,0.2373,0.1276,0.2503,,0.0023,True,B_confusion,hypertrophy,False,loss,loss,loss,loss,loss,loss
chapman_broad,seresnet,V6,RBBB,single,morphology,1,68,0.8683,0.9645,0.9834,0.0962,0.0997,0.0456,0.1596,,0.0023,False,ok,conduction,False,loss,indeterminate,indeterminate,indeterminate,indeterminate,indeterminate
chapman_broad,seresnet,ALL,AF,ceiling,rhythm,1,267,0.9648,0.9648,0.9946,0.0000,0.0000,,,,,False,ok,rhythm,False,na,na,na,na,na,na
chapman_broad,seresnet,ALL,AFL,ceiling,rhythm,1,67,0.8166,0.8166,0.9776,0.0000,0.0000,,,,,False,ok,rhythm,False,na,na,na,na,na,na
chapman_broad,seresnet,ALL,TWC,ceiling,morphology,1,295,0.7769,0.7769,0.9350,0.0000,0.0000,,,,,False,ok,repolarization,False,na,na,na,na,na,na
chapman_broad,seresnet,ALL,LAD,ceiling,morphology,1,57,0.6037,0.6037,0.9792,0.0000,0.0000,,,,,False,ok,axis,False,na,na,na,na,na,na
chapman_broad,seresnet,ALL,SB,ceiling,rhythm,1,583,0.9996,0.9996,0.9998,0.0000,0.0000,,,,,False,ok,rhythm,False,na,na,na,na,na,na
chapman_broad,seresnet,ALL,SVT,ceiling,rhythm,1,105,0.9158,0.9158,0.9823,0.0000,0.0000,,,,,False,ok,rhythm,False,na,na,na,na,na,na
chapman_broad,seresnet,ALL,SR,ceiling,rhythm,1,274,0.9971,0.9971,0.9994,0.0000,0.0000,,,,,False,ok,rhythm,False,na,na,na,na,na,na
chapman_broad,seresnet,ALL,ST,ceiling,rhythm,1,235,0.9907,0.9907,0.9970,0.0000,0.0000,,,,,False,ok,rhythm,False,na,na,na,na,na,na
chapman_broad,seresnet,ALL,STTC,ceiling,morphology,1,212,0.6273,0.6273,0.8968,0.0000,0.0000,,,,,False,ok,repolarization,False,na,na,na,na,na,na
chapman_broad,seresnet,ALL,LVH,ceiling,morphology,1,196,0.7880,0.7880,0.9579,0.0000,0.0000,,,,,False,ok,hypertrophy,False,na,na,na,na,na,na
chapman_broad,seresnet,ALL,RBBB,ceiling,morphology,1,68,0.9645,0.9645,0.9975,0.0000,0.0000,,,,,False,ok,conduction,False,na,na,na,na,na,na
chapman_broad,seresnet,I+II,AF,device,rhythm,1,267,0.9496,0.9648,0.9930,0.0151,0.0157,-0.0015,0.0354,,0.0839,False,ok,rhythm,False,indeterminate,sufficient,sufficient,sufficient,sufficient,sufficient
chapman_broad,seresnet,I+II,AFL,device,rhythm,1,67,0.7082,0.8166,0.9669,0.1083,0.1327,0.0357,0.1843,,0.0080,False,ok,rhythm,False,loss,indeterminate,indeterminate,indeterminate,indeterminate,indeterminate
chapman_broad,seresnet,I+II,TWC,device,morphology,1,295,0.6781,0.7769,0.8972,0.0989,0.1272,0.0565,0.1385,,0.0044,False,ok,repolarization,False,loss,loss,indeterminate,loss,indeterminate,loss
chapman_broad,seresnet,I+II,LAD,device,morphology,1,57,0.6621,0.6037,0.9852,-0.0584,-0.0967,-0.1814,0.0598,,0.8617,False,ok,axis,False,indeterminate,indeterminate,sufficient,indeterminate,sufficient,indeterminate
chapman_broad,seresnet,I+II,SB,device,rhythm,1,583,0.9993,0.9996,0.9996,0.0003,0.0003,-0.0004,0.0012,,0.3274,False,ok,rhythm,False,sufficient,sufficient,sufficient,sufficient,sufficient,sufficient
chapman_broad,seresnet,I+II,SVT,device,rhythm,1,105,0.8964,0.9158,0.9831,0.0194,0.0212,-0.0133,0.0581,,0.2339,False,ok,rhythm,False,indeterminate,indeterminate,sufficient,indeterminate,sufficient,indeterminate
chapman_broad,seresnet,I+II,SR,device,rhythm,1,274,0.9939,0.9971,0.9984,0.0032,0.0032,-0.0002,0.0070,,0.0813,False,ok,rhythm,False,sufficient,sufficient,sufficient,sufficient,sufficient,sufficient
chapman_broad,seresnet,I+II,ST,device,rhythm,1,235,0.9923,0.9907,0.9978,-0.0016,-0.0016,-0.0047,0.0014,,0.8617,False,ok,rhythm,False,sufficient,sufficient,sufficient,sufficient,sufficient,sufficient
chapman_broad,seresnet,I+II,STTC,device,morphology,1,212,0.5672,0.6273,0.8696,0.0600,0.0957,0.0120,0.1058,,0.0207,False,ok,repolarization,False,indeterminate,indeterminate,indeterminate,indeterminate,indeterminate,indeterminate
chapman_broad,seresnet,I+II,LVH,device,morphology,1,196,0.3763,0.7880,0.7883,0.4117,0.5225,0.3399,0.4797,,0.0044,True,B_confusion,hypertrophy,False,loss,loss,loss,loss,loss,loss
chapman_broad,seresnet,I+II,RBBB,device,morphology,1,68,0.8892,0.9645,0.9888,0.0752,0.0780,0.0355,0.1252,,0.0044,False,ok,conduction,False,loss,indeterminate,indeterminate,indeterminate,indeterminate,indeterminate
chapman_broad,seresnet,LIMB6,AF,device,rhythm,1,267,0.9355,0.9648,0.9914,0.0292,0.0303,0.0012,0.0607,,0.0440,False,ok,rhythm,False,indeterminate,indeterminate,sufficient,indeterminate,sufficient,indeterminate
chapman_broad,seresnet,LIMB6,AFL,device,rhythm,1,67,0.6881,0.8166,0.9536,0.1284,0.1573,0.0418,0.2162,,0.0126,False,ok,rhythm,False,loss,indeterminate,indeterminate,loss,indeterminate,indeterminate
chapman_broad,seresnet,LIMB6,TWC,device,morphology,1,295,0.6925,0.7769,0.8951,0.0844,0.1087,0.0406,0.1291,,0.0044,False,ok,repolarization,False,loss,indeterminate,indeterminate,loss,indeterminate,indeterminate
chapman_broad,seresnet,LIMB6,LAD,device,morphology,1,57,0.6390,0.6037,0.9818,-0.0353,-0.0585,-0.1710,0.0813,,0.7687,False,ok,axis,False,indeterminate,indeterminate,sufficient,indeterminate,indeterminate,indeterminate
chapman_broad,seresnet,LIMB6,SB,device,rhythm,1,583,0.9996,0.9996,0.9998,-0.0000,-0.0000,-0.0003,0.0002,,0.7496,False,ok,rhythm,False,sufficient,sufficient,sufficient,sufficient,sufficient,sufficient
chapman_broad,seresnet,LIMB6,SVT,device,rhythm,1,105,0.9189,0.9158,0.9813,-0.0031,-0.0034,-0.0322,0.0248,,0.7496,False,ok,rhythm,False,indeterminate,sufficient,sufficient,sufficient,sufficient,sufficient
chapman_broad,seresnet,LIMB6,SR,device,rhythm,1,274,0.9966,0.9971,0.9992,0.0005,0.0005,-0.0018,0.0028,,0.4629,False,ok,rhythm,False,sufficient,sufficient,sufficient,sufficient,sufficient,sufficient
chapman_broad,seresnet,LIMB6,ST,device,rhythm,1,235,0.9921,0.9907,0.9983,-0.0014,-0.0014,-0.0061,0.0045,,0.7687,False,ok,rhythm,False,sufficient,sufficient,sufficient,sufficient,sufficient,sufficient
chapman_broad,seresnet,LIMB6,STTC,device,morphology,1,212,0.5457,0.6273,0.8762,0.0816,0.1301,0.0291,0.1319,,0.0110,False,ok,repolarization,False,loss,indeterminate,indeterminate,indeterminate,indeterminate,indeterminate
chapman_broad,seresnet,LIMB6,LVH,device,morphology,1,196,0.3511,0.7880,0.7857,0.4369,0.5545,0.3616,0.5045,,0.0044,True,B_confusion,hypertrophy,False,loss,loss,loss,loss,loss,loss
chapman_broad,seresnet,LIMB6,RBBB,device,morphology,1,68,0.8989,0.9645,0.9919,0.0655,0.0679,0.0283,0.1116,,0.0044,False,ok,conduction,False,loss,indeterminate,indeterminate,indeterminate,indeterminate,indeterminate
chapman_broad,seresnet,CH3,AF,device,rhythm,1,267,0.9357,0.9648,0.9902,0.0291,0.0302,-0.0085,0.0636,,0.1128,False,ok,rhythm,False,indeterminate,indeterminate,sufficient,indeterminate,sufficient,indeterminate
chapman_broad,seresnet,CH3,AFL,device,rhythm,1,67,0.7214,0.8166,0.9724,0.0951,0.1165,0.0207,0.1747,,0.0147,False,ok,rhythm,False,loss,indeterminate,indeterminate,indeterminate,indeterminate,indeterminate
chapman_broad,seresnet,CH3,TWC,device,morphology,1,295,0.6862,0.7769,0.8991,0.0907,0.1168,0.0503,0.1317,,0.0044,False,ok,repolarization,False,loss,loss,indeterminate,loss,indeterminate,loss
chapman_broad,seresnet,CH3,LAD,device,morphology,1,57,0.6333,0.6037,0.9820,-0.0296,-0.0491,-0.1342,0.0722,,0.7687,False,ok,axis,False,indeterminate,indeterminate,sufficient,indeterminate,indeterminate,indeterminate
chapman_broad,seresnet,CH3,SB,device,rhythm,1,583,0.9997,0.9996,0.9998,-0.0001,-0.0001,-0.0004,0.0003,,0.7600,False,ok,rhythm,False,sufficient,sufficient,sufficient,sufficient,sufficient,sufficient
chapman_broad,seresnet,CH3,SVT,device,rhythm,1,105,0.8824,0.9158,0.9853,0.0334,0.0365,-0.0030,0.0736,,0.0839,False,ok,rhythm,False,indeterminate,indeterminate,sufficient,indeterminate,sufficient,indeterminate
chapman_broad,seresnet,CH3,SR,device,rhythm,1,274,0.9973,0.9971,0.9994,-0.0003,-0.0003,-0.0022,0.0016,,0.7496,False,ok,rhythm,False,sufficient,sufficient,sufficient,sufficient,sufficient,sufficient
chapman_broad,seresnet,CH3,ST,device,rhythm,1,235,0.9897,0.9907,0.9965,0.0011,0.0011,-0.0024,0.0051,,0.3883,False,ok,rhythm,False,sufficient,sufficient,sufficient,sufficient,sufficient,sufficient
chapman_broad,seresnet,CH3,STTC,device,morphology,1,212,0.5924,0.6273,0.8731,0.0349,0.0556,-0.0127,0.0788,,0.1403,False,ok,repolarization,False,indeterminate,indeterminate,sufficient,indeterminate,indeterminate,indeterminate
chapman_broad,seresnet,CH3,LVH,device,morphology,1,196,0.3906,0.7880,0.8000,0.3974,0.5043,0.3220,0.4629,,0.0044,True,B_confusion,hypertrophy,False,loss,loss,loss,loss,loss,loss
chapman_broad,seresnet,CH3,RBBB,device,morphology,1,68,0.9165,0.9645,0.9934,0.0479,0.0497,-0.0069,0.1146,,0.1403,False,ok,conduction,False,indeterminate,indeterminate,indeterminate,indeterminate,indeterminate,indeterminate
chapman_broad,seresnet,CH4,AF,device,rhythm,1,267,0.9596,0.9648,0.9930,0.0052,0.0054,-0.0229,0.0272,,0.4552,False,ok,rhythm,False,indeterminate,sufficient,sufficient,sufficient,sufficient,sufficient
chapman_broad,seresnet,CH4,AFL,device,rhythm,1,67,0.7085,0.8166,0.9641,0.1080,0.1323,0.0288,0.1944,,0.0126,False,ok,rhythm,False,loss,indeterminate,indeterminate,indeterminate,indeterminate,indeterminate
chapman_broad,seresnet,CH4,TWC,device,morphology,1,295,0.6790,0.7769,0.9013,0.0979,0.1260,0.0576,0.1389,,0.0044,False,ok,repolarization,False,loss,loss,indeterminate,loss,indeterminate,loss
chapman_broad,seresnet,CH4,LAD,device,morphology,1,57,0.6210,0.6037,0.9812,-0.0173,-0.0287,-0.1042,0.0753,,0.7496,False,ok,axis,False,indeterminate,indeterminate,sufficient,indeterminate,indeterminate,indeterminate
chapman_broad,seresnet,CH4,SB,device,rhythm,1,583,0.9985,0.9996,0.9991,0.0011,0.0011,0.0002,0.0023,,0.0207,False,ok,rhythm,False,sufficient,sufficient,sufficient,sufficient,sufficient,sufficient
chapman_broad,seresnet,CH4,SVT,device,rhythm,1,105,0.8853,0.9158,0.9873,0.0305,0.0333,-0.0130,0.0818,,0.1514,False,ok,rhythm,False,indeterminate,indeterminate,sufficient,indeterminate,sufficient,indeterminate
chapman_broad,seresnet,CH4,SR,device,rhythm,1,274,0.9947,0.9971,0.9986,0.0023,0.0023,-0.0008,0.0062,,0.1403,False,ok,rhythm,False,sufficient,sufficient,sufficient,sufficient,sufficient,sufficient
chapman_broad,seresnet,CH4,ST,device,rhythm,1,235,0.9930,0.9907,0.9980,-0.0022,-0.0023,-0.0055,0.0005,,0.9550,False,ok,rhythm,False,sufficient,sufficient,sufficient,sufficient,sufficient,sufficient
chapman_broad,seresnet,CH4,STTC,device,morphology,1,212,0.5777,0.6273,0.8848,0.0496,0.0790,0.0021,0.0973,,0.0578,False,ok,repolarization,False,indeterminate,indeterminate,sufficient,indeterminate,indeterminate,indeterminate
chapman_broad,seresnet,CH4,LVH,device,morphology,1,196,0.3830,0.7880,0.8032,0.4051,0.5140,0.3308,0.4662,,0.0044,True,B_confusion,hypertrophy,False,loss,loss,loss,loss,loss,loss
chapman_broad,seresnet,CH4,RBBB,device,morphology,1,68,0.9618,0.9645,0.9922,0.0026,0.0027,-0.0175,0.0224,,0.5688,False,ok,conduction,False,indeterminate,sufficient,sufficient,sufficient,sufficient,sufficient
georgia_broad,seresnet,I,AF,single,rhythm,1,85,0.7005,0.6087,0.9331,-0.0918,-0.1509,-0.2001,0.0216,,0.9990,False,ok,rhythm,False,indeterminate,sufficient,sufficient,sufficient,sufficient,sufficient
georgia_broad,seresnet,I,AFL,single,rhythm,1,28,0.3929,0.4666,0.8284,0.0737,0.1580,-0.0764,0.2301,,0.2826,False,ok,rhythm,True,indeterminate,indeterminate,indeterminate,indeterminate,indeterminate,indeterminate
georgia_broad,seresnet,I,TWC,single,morphology,1,410,0.5881,0.6495,0.7810,0.0615,0.0946,0.0197,0.0963,,0.0122,False,ok,repolarization,False,indeterminate,indeterminate,sufficient,indeterminate,indeterminate,indeterminate
georgia_broad,seresnet,I,LAD,single,morphology,1,141,0.2303,0.6990,0.7320,0.4687,0.6705,0.3831,0.5485,,0.0027,True,B_confusion,axis,False,loss,loss,loss,loss,loss,loss
georgia_broad,seresnet,I,SB,single,rhythm,1,250,0.9445,0.9447,0.9921,0.0001,0.0001,-0.0176,0.0179,,0.6913,False,ok,rhythm,False,sufficient,sufficient,sufficient,sufficient,sufficient,sufficient
georgia_broad,seresnet,I,SVT,single,rhythm,1,11,0.2194,0.1794,0.8988,-0.0400,-0.2231,-0.3003,0.2454,,0.8445,False,ok,rhythm,True,indeterminate,indeterminate,indeterminate,indeterminate,indeterminate,indeterminate
georgia_broad,seresnet,I,SR,single,rhythm,1,260,0.6440,0.7475,0.9109,0.1035,0.1384,0.0448,0.1612,,0.0027,False,ok,rhythm,False,loss,indeterminate,indeterminate,loss,indeterminate,indeterminate
georgia_broad,seresnet,I,ST,single,rhythm,1,189,0.9372,0.9429,0.9890,0.0057,0.0061,-0.0132,0.0267,,0.4401,False,ok,rhythm,False,indeterminate,sufficient,sufficient,sufficient,sufficient,sufficient
georgia_broad,seresnet,I,STTC,single,morphology,1,605,0.6571,0.6594,0.7597,0.0023,0.0036,-0.0281,0.0359,,0.6466,False,ok,repolarization,False,indeterminate,sufficient,sufficient,indeterminate,sufficient,sufficient
georgia_broad,seresnet,I,LVH,single,morphology,1,184,0.5423,0.6945,0.8509,0.1522,0.2192,0.0781,0.2225,,0.0027,True,B_confusion,hypertrophy,False,loss,loss,indeterminate,loss,loss,loss
georgia_broad,seresnet,I,RBBB,single,morphology,1,143,0.7609,0.8695,0.9195,0.1086,0.1249,0.0554,0.1638,,0.0052,False,ok,conduction,False,loss,loss,indeterminate,loss,indeterminate,loss
georgia_broad,seresnet,II,AF,single,rhythm,1,85,0.6775,0.6087,0.9195,-0.0689,-0.1132,-0.1705,0.0423,,0.9990,False,ok,rhythm,False,indeterminate,sufficient,sufficient,indeterminate,sufficient,sufficient
georgia_broad,seresnet,II,AFL,single,rhythm,1,28,0.3869,0.4666,0.8700,0.0797,0.1709,-0.0878,0.2626,,0.2840,False,ok,rhythm,True,indeterminate,indeterminate,indeterminate,indeterminate,indeterminate,indeterminate
georgia_broad,seresnet,II,TWC,single,morphology,1,410,0.5368,0.6495,0.7783,0.1128,0.1736,0.0706,0.1519,,0.0027,False,ok,repolarization,False,loss,loss,indeterminate,loss,loss,loss
georgia_broad,seresnet,II,LAD,single,morphology,1,141,0.6470,0.6990,0.9633,0.0520,0.0744,-0.0222,0.1214,,0.1359,False,ok,axis,False,indeterminate,indeterminate,indeterminate,indeterminate,indeterminate,indeterminate
georgia_broad,seresnet,II,SB,single,rhythm,1,250,0.9447,0.9447,0.9900,0.0000,0.0000,-0.0109,0.0107,,0.6734,False,ok,rhythm,False,sufficient,sufficient,sufficient,sufficient,sufficient,sufficient
georgia_broad,seresnet,II,SVT,single,rhythm,1,11,0.1968,0.1794,0.9310,-0.0173,-0.0967,-0.2045,0.1178,,0.8840,False,ok,rhythm,True,indeterminate,indeterminate,indeterminate,indeterminate,indeterminate,indeterminate
georgia_broad,seresnet,II,SR,single,rhythm,1,260,0.6620,0.7475,0.9173,0.0855,0.1144,0.0286,0.1409,,0.0168,False,ok,rhythm,False,loss,indeterminate,indeterminate,indeterminate,indeterminate,indeterminate
georgia_broad,seresnet,II,ST,single,rhythm,1,189,0.9375,0.9429,0.9893,0.0054,0.0057,-0.0097,0.0200,,0.3403,False,ok,rhythm,False,sufficient,sufficient,sufficient,sufficient,sufficient,sufficient
georgia_broad,seresnet,II,STTC,single,morphology,1,605,0.6180,0.6594,0.7597,0.0414,0.0628,0.0084,0.0715,,0.0208,False,ok,repolarization,False,indeterminate,indeterminate,sufficient,indeterminate,indeterminate,indeterminate
georgia_broad,seresnet,II,LVH,single,morphology,1,184,0.2702,0.6945,0.6952,0.4242,0.6109,0.3471,0.4962,,0.0027,True,B_confusion,hypertrophy,False,loss,loss,loss,loss,loss,loss
georgia_broad,seresnet,II,RBBB,single,morphology,1,143,0.5113,0.8695,0.9111,0.3583,0.4120,0.2758,0.4278,,0.0027,True,B_confusion,conduction,False,loss,loss,loss,loss,loss,loss
georgia_broad,seresnet,III,AF,single,rhythm,1,85,0.7224,0.6087,0.9330,-0.1137,-0.1868,-0.2166,-0.0028,,0.9990,False,ok,rhythm,False,sufficient,sufficient,sufficient,sufficient,sufficient,sufficient
georgia_broad,seresnet,III,AFL,single,rhythm,1,28,0.4155,0.4666,0.8984,0.0511,0.1096,-0.1305,0.2235,,0.4401,False,ok,rhythm,True,indeterminate,indeterminate,indeterminate,indeterminate,indeterminate,indeterminate
georgia_broad,seresnet,III,TWC,single,morphology,1,410,0.4509,0.6495,0.6982,0.1986,0.3058,0.1452,0.2474,,0.0027,True,B_confusion,repolarization,False,loss,loss,loss,loss,loss,loss
georgia_broad,seresnet,III,LAD,single,morphology,1,141,0.4575,0.6990,0.9088,0.2415,0.3455,0.1613,0.3145,,0.0027,True,B_confusion,axis,False,loss,loss,loss,loss,loss,loss
georgia_broad,seresnet,III,SB,single,rhythm,1,250,0.9509,0.9447,0.9922,-0.0063,-0.0066,-0.0190,0.0063,,0.9768,False,ok,rhythm,False,sufficient,sufficient,sufficient,sufficient,sufficient,sufficient
georgia_broad,seresnet,III,SVT,single,rhythm,1,11,0.2119,0.1794,0.9288,-0.0325,-0.1811,-0.2934,0.1882,,0.8736,False,ok,rhythm,True,indeterminate,indeterminate,indeterminate,indeterminate,indeterminate,indeterminate
georgia_broad,seresnet,III,SR,single,rhythm,1,260,0.5859,0.7475,0.9027,0.1616,0.2161,0.0998,0.2243,,0.0027,True,B_confusion,rhythm,False,loss,loss,indeterminate,loss,loss,loss
georgia_broad,seresnet,III,ST,single,rhythm,1,189,0.9214,0.9429,0.9879,0.0215,0.0228,0.0024,0.0450,,0.0303,False,ok,rhythm,False,indeterminate,sufficient,sufficient,sufficient,sufficient,sufficient
georgia_broad,seresnet,III,STTC,single,morphology,1,605,0.5521,0.6594,0.6797,0.1073,0.1628,0.0660,0.1494,,0.0027,False,ok,repolarization,False,loss,loss,indeterminate,loss,loss,loss
georgia_broad,seresnet,III,LVH,single,morphology,1,184,0.4882,0.6945,0.8125,0.2063,0.2971,0.1374,0.2854,,0.0027,True,B_confusion,hypertrophy,False,loss,loss,loss,loss,loss,loss
georgia_broad,seresnet,III,RBBB,single,morphology,1,143,0.6466,0.8695,0.9171,0.2229,0.2564,0.1374,0.2944,,0.0027,True,B_confusion,conduction,False,loss,loss,loss,loss,loss,loss
georgia_broad,seresnet,aVR,AF,single,rhythm,1,85,0.6878,0.6087,0.9293,-0.0791,-0.1300,-0.1731,0.0269,,0.9990,False,ok,rhythm,False,indeterminate,sufficient,sufficient,sufficient,sufficient,sufficient
georgia_broad,seresnet,aVR,AFL,single,rhythm,1,28,0.3631,0.4666,0.8128,0.1034,0.2217,-0.0906,0.3020,,0.2673,False,ok,rhythm,True,indeterminate,indeterminate,indeterminate,indeterminate,indeterminate,indeterminate
georgia_broad,seresnet,aVR,TWC,single,morphology,1,410,0.6025,0.6495,0.8067,0.0471,0.0724,0.0124,0.0800,,0.0122,False,ok,repolarization,False,indeterminate,indeterminate,sufficient,indeterminate,indeterminate,indeterminate
georgia_broad,seresnet,aVR,LAD,single,morphology,1,141,0.3310,0.6990,0.8475,0.3680,0.5265,0.2756,0.4435,,0.0027,True,B_confusion,axis,False,loss,loss,loss,loss,loss,loss
georgia_broad,seresnet,aVR,SB,single,rhythm,1,250,0.9552,0.9447,0.9922,-0.0105,-0.0111,-0.0266,0.0029,,0.9990,False,ok,rhythm,False,sufficient,sufficient,sufficient,sufficient,sufficient,sufficient
georgia_broad,seresnet,aVR,SVT,single,rhythm,1,11,0.3893,0.1794,0.9604,-0.2099,-1.1702,-0.3934,-0.0462,,0.9990,False,ok,rhythm,True,sufficient,sufficient,sufficient,sufficient,sufficient,sufficient
georgia_broad,seresnet,aVR,SR,single,rhythm,1,260,0.6824,0.7475,0.9201,0.0651,0.0870,0.0111,0.1166,,0.0188,False,ok,rhythm,False,indeterminate,indeterminate,indeterminate,indeterminate,indeterminate,indeterminate
georgia_broad,seresnet,aVR,ST,single,rhythm,1,189,0.9414,0.9429,0.9876,0.0015,0.0016,-0.0132,0.0165,,0.6318,False,ok,rhythm,False,sufficient,sufficient,sufficient,sufficient,sufficient,sufficient
georgia_broad,seresnet,aVR,STTC,single,morphology,1,605,0.6645,0.6594,0.7873,-0.0050,-0.0077,-0.0337,0.0249,,0.8481,False,ok,repolarization,False,indeterminate,sufficient,sufficient,sufficient,sufficient,sufficient
georgia_broad,seresnet,aVR,LVH,single,morphology,1,184,0.3642,0.6945,0.7860,0.3302,0.4755,0.2541,0.4056,,0.0027,True,B_confusion,hypertrophy,False,loss,loss,loss,loss,loss,loss
georgia_broad,seresnet,aVR,RBBB,single,morphology,1,143,0.7335,0.8695,0.9591,0.1360,0.1564,0.0858,0.1856,,0.0027,False,ok,conduction,False,loss,loss,indeterminate,loss,indeterminate,loss
georgia_broad,seresnet,aVL,AF,single,rhythm,1,85,0.7153,0.6087,0.9299,-0.1066,-0.1751,-0.2138,0.0191,,0.9990,False,ok,rhythm,False,sufficient,sufficient,sufficient,sufficient,sufficient,sufficient
georgia_broad,seresnet,aVL,AFL,single,rhythm,1,28,0.2980,0.4666,0.8745,0.1686,0.3613,-0.0503,0.3592,,0.1339,False,ok,rhythm,True,indeterminate,indeterminate,indeterminate,indeterminate,indeterminate,indeterminate
georgia_broad,seresnet,aVL,TWC,single,morphology,1,410,0.5016,0.6495,0.7330,0.1479,0.2277,0.1056,0.1916,,0.0027,False,ok,repolarization,False,loss,loss,loss,loss,loss,loss
georgia_broad,seresnet,aVL,LAD,single,morphology,1,141,0.3084,0.6990,0.8186,0.3906,0.5588,0.3109,0.4735,,0.0027,True,B_confusion,axis,False,loss,loss,loss,loss,loss,loss
georgia_broad,seresnet,aVL,SB,single,rhythm,1,250,0.9484,0.9447,0.9917,-0.0037,-0.0039,-0.0180,0.0101,,0.8829,False,ok,rhythm,False,sufficient,sufficient,sufficient,sufficient,sufficient,sufficient
georgia_broad,seresnet,aVL,SVT,single,rhythm,1,11,0.2322,0.1794,0.9349,-0.0528,-0.2943,-0.2932,0.1034,,0.9419,False,ok,rhythm,True,indeterminate,indeterminate,indeterminate,indeterminate,indeterminate,indeterminate
georgia_broad,seresnet,aVL,SR,single,rhythm,1,260,0.6226,0.7475,0.9000,0.1248,0.1670,0.0683,0.1852,,0.0027,False,ok,rhythm,False,loss,loss,indeterminate,loss,indeterminate,loss
georgia_broad,seresnet,aVL,ST,single,rhythm,1,189,0.9271,0.9429,0.9904,0.0158,0.0167,-0.0030,0.0379,,0.1397,False,ok,rhythm,False,indeterminate,sufficient,sufficient,sufficient,sufficient,sufficient
georgia_broad,seresnet,aVL,STTC,single,morphology,1,605,0.5859,0.6594,0.7056,0.0735,0.1115,0.0381,0.1071,,0.0027,False,ok,repolarization,False,loss,indeterminate,indeterminate,loss,indeterminate,indeterminate
georgia_broad,seresnet,aVL,LVH,single,morphology,1,184,0.5672,0.6945,0.8599,0.1273,0.1833,0.0600,0.1992,,0.0027,False,ok,hypertrophy,False,loss,loss,indeterminate,loss,indeterminate,loss
georgia_broad,seresnet,aVL,RBBB,single,morphology,1,143,0.7399,0.8695,0.9320,0.1296,0.1491,0.0691,0.1858,,0.0052,False,ok,conduction,False,loss,loss,indeterminate,loss,indeterminate,loss
georgia_broad,seresnet,aVF,AF,single,rhythm,1,85,0.7322,0.6087,0.9255,-0.1235,-0.2029,-0.2167,-0.0110,,0.9990,False,ok,rhythm,False,sufficient,sufficient,sufficient,sufficient,sufficient,sufficient
georgia_broad,seresnet,aVF,AFL,single,rhythm,1,28,0.3996,0.4666,0.8551,0.0670,0.1436,-0.1359,0.2577,,0.3892,False,ok,rhythm,True,indeterminate,indeterminate,indeterminate,indeterminate,indeterminate,indeterminate
georgia_broad,seresnet,aVF,TWC,single,morphology,1,410,0.5121,0.6495,0.7224,0.1374,0.2116,0.0914,0.1829,,0.0027,False,ok,repolarization,False,loss,loss,indeterminate,loss,loss,loss
georgia_broad,seresnet,aVF,LAD,single,morphology,1,141,0.5894,0.6990,0.9492,0.1096,0.1568,0.0463,0.1771,,0.0027,False,ok,axis,False,loss,indeterminate,indeterminate,loss,indeterminate,indeterminate
georgia_broad,seresnet,aVF,SB,single,rhythm,1,250,0.9489,0.9447,0.9925,-0.0042,-0.0045,-0.0239,0.0154,,0.8481,False,ok,rhythm,False,sufficient,sufficient,sufficient,sufficient,sufficient,sufficient
georgia_broad,seresnet,aVF,SVT,single,rhythm,1,11,0.2853,0.1794,0.9650,-0.1059,-0.5900,-0.3402,0.1334,,0.9821,False,ok,rhythm,True,indeterminate,indeterminate,indeterminate,indeterminate,indeterminate,indeterminate
georgia_broad,seresnet,aVF,SR,single,rhythm,1,260,0.6095,0.7475,0.9030,0.1380,0.1847,0.0748,0.2005,,0.0027,False,ok,rhythm,False,loss,loss,indeterminate,loss,loss,loss
georgia_broad,seresnet,aVF,ST,single,rhythm,1,189,0.9354,0.9429,0.9884,0.0075,0.0079,-0.0078,0.0231,,0.2951,False,ok,rhythm,False,indeterminate,sufficient,sufficient,sufficient,sufficient,sufficient
georgia_broad,seresnet,aVF,STTC,single,morphology,1,605,0.5806,0.6594,0.7121,0.0788,0.1195,0.0414,0.1202,,0.0027,False,ok,repolarization,False,loss,indeterminate,indeterminate,loss,indeterminate,indeterminate
georgia_broad,seresnet,aVF,LVH,single,morphology,1,184,0.3184,0.6945,0.7586,0.3761,0.5415,0.2934,0.4491,,0.0027,True,B_confusion,hypertrophy,False,loss,loss,loss,loss,loss,loss
georgia_broad,seresnet,aVF,RBBB,single,morphology,1,143,0.6104,0.8695,0.9031,0.2591,0.2980,0.1759,0.3386,,0.0027,True,B_confusion,conduction,False,loss,loss,loss,loss,loss,loss
georgia_broad,seresnet,V1,AF,single,rhythm,1,85,0.6780,0.6087,0.9268,-0.0693,-0.1139,-0.1540,0.0303,,0.9990,False,ok,rhythm,False,indeterminate,sufficient,sufficient,sufficient,sufficient,sufficient
georgia_broad,seresnet,V1,AFL,single,rhythm,1,28,0.5839,0.4666,0.9251,-0.1173,-0.2514,-0.3046,0.0537,,0.9990,False,ok,rhythm,True,indeterminate,indeterminate,sufficient,indeterminate,indeterminate,indeterminate
georgia_broad,seresnet,V1,TWC,single,morphology,1,410,0.4290,0.6495,0.6867,0.2206,0.3396,0.1787,0.2580,,0.0027,True,B_confusion,repolarization,False,loss,loss,loss,loss,loss,loss
georgia_broad,seresnet,V1,LAD,single,morphology,1,141,0.2467,0.6990,0.7427,0.4524,0.6471,0.3748,0.5317,,0.0027,True,B_confusion,axis,False,loss,loss,loss,loss,loss,loss
georgia_broad,seresnet,V1,SB,single,rhythm,1,250,0.9390,0.9447,0.9921,0.0057,0.0060,-0.0248,0.0401,,0.6466,False,ok,rhythm,False,indeterminate,sufficient,sufficient,sufficient,sufficient,sufficient
georgia_broad,seresnet,V1,SVT,single,rhythm,1,11,0.1714,0.1794,0.9307,0.0080,0.0444,-0.1631,0.1276,,0.7993,False,ok,rhythm,True,indeterminate,indeterminate,indeterminate,indeterminate,indeterminate,indeterminate
georgia_broad,seresnet,V1,SR,single,rhythm,1,260,0.5979,0.7475,0.8918,0.1496,0.2001,0.0859,0.2119,,0.0027,False,ok,rhythm,False,loss,loss,indeterminate,loss,loss,loss
georgia_broad,seresnet,V1,ST,single,rhythm,1,189,0.9436,0.9429,0.9912,-0.0007,-0.0008,-0.0169,0.0158,,0.7170,False,ok,rhythm,False,sufficient,sufficient,sufficient,sufficient,sufficient,sufficient
georgia_broad,seresnet,V1,STTC,single,morphology,1,605,0.5775,0.6594,0.6924,0.0819,0.1243,0.0459,0.1186,,0.0027,False,ok,repolarization,False,loss,indeterminate,indeterminate,loss,indeterminate,indeterminate
georgia_broad,seresnet,V1,LVH,single,morphology,1,184,0.4266,0.6945,0.7940,0.2679,0.3857,0.1773,0.3535,,0.0027,True,B_confusion,hypertrophy,False,loss,loss,loss,loss,loss,loss
georgia_broad,seresnet,V1,RBBB,single,morphology,1,143,0.8338,0.8695,0.9718,0.0357,0.0411,-0.0131,0.0818,,0.1472,False,ok,conduction,False,indeterminate,indeterminate,sufficient,indeterminate,sufficient,indeterminate
georgia_broad,seresnet,V2,AF,single,rhythm,1,85,0.6529,0.6087,0.8938,-0.0443,-0.0727,-0.1585,0.0790,,0.9207,False,ok,rhythm,False,indeterminate,indeterminate,sufficient,indeterminate,indeterminate,indeterminate
georgia_broad,seresnet,V2,AFL,single,rhythm,1,28,0.3053,0.4666,0.8450,0.1613,0.3457,-0.0552,0.3435,,0.1472,False,ok,rhythm,True,indeterminate,indeterminate,indeterminate,indeterminate,indeterminate,indeterminate
georgia_broad,seresnet,V2,TWC,single,morphology,1,410,0.4370,0.6495,0.6784,0.2125,0.3272,0.1598,0.2606,,0.0027,True,B_confusion,repolarization,False,loss,loss,loss,loss,loss,loss
georgia_broad,seresnet,V2,LAD,single,morphology,1,141,0.2490,0.6990,0.7235,0.4501,0.6439,0.3638,0.5311,,0.0027,True,B_confusion,axis,False,loss,loss,loss,loss,loss,loss
georgia_broad,seresnet,V2,SB,single,rhythm,1,250,0.9433,0.9447,0.9909,0.0014,0.0015,-0.0126,0.0168,,0.6286,False,ok,rhythm,False,sufficient,sufficient,sufficient,sufficient,sufficient,sufficient
georgia_broad,seresnet,V2,SVT,single,rhythm,1,11,0.2900,0.1794,0.9266,-0.1106,-0.6166,-0.2471,-0.0012,,0.9990,False,ok,rhythm,True,sufficient,sufficient,sufficient,sufficient,sufficient,sufficient
georgia_broad,seresnet,V2,SR,single,rhythm,1,260,0.5211,0.7475,0.8659,0.2264,0.3029,0.1582,0.2882,,0.0027,True,B_confusion,rhythm,False,loss,loss,loss,loss,loss,loss
georgia_broad,seresnet,V2,ST,single,rhythm,1,189,0.9451,0.9429,0.9909,-0.0022,-0.0023,-0.0213,0.0147,,0.7898,False,ok,rhythm,False,sufficient,sufficient,sufficient,sufficient,sufficient,sufficient
georgia_broad,seresnet,V2,STTC,single,morphology,1,605,0.5485,0.6594,0.6614,0.1109,0.1682,0.0731,0.1484,,0.0027,False,ok,repolarization,False,loss,loss,indeterminate,loss,loss,loss
georgia_broad,seresnet,V2,LVH,single,morphology,1,184,0.2586,0.6945,0.7093,0.4358,0.6276,0.3562,0.5145,,0.0027,True,B_confusion,hypertrophy,False,loss,loss,loss,loss,loss,loss
georgia_broad,seresnet,V2,RBBB,single,morphology,1,143,0.7220,0.8695,0.9637,0.1475,0.1697,0.0802,0.2140,,0.0052,False,ok,conduction,False,loss,loss,indeterminate,loss,indeterminate,loss
georgia_broad,seresnet,V3,AF,single,rhythm,1,85,0.7363,0.6087,0.9282,-0.1277,-0.2098,-0.2363,-0.0055,,0.9990,False,ok,rhythm,False,sufficient,sufficient,sufficient,sufficient,sufficient,sufficient
georgia_broad,seresnet,V3,AFL,single,rhythm,1,28,0.4206,0.4666,0.8784,0.0460,0.0986,-0.1052,0.1978,,0.4274,False,ok,rhythm,True,indeterminate,indeterminate,indeterminate,indeterminate,indeterminate,indeterminate
georgia_broad,seresnet,V3,TWC,single,morphology,1,410,0.5965,0.6495,0.7826,0.0531,0.0817,0.0087,0.0964,,0.0268,False,ok,repolarization,False,indeterminate,indeterminate,sufficient,indeterminate,indeterminate,indeterminate
georgia_broad,seresnet,V3,LAD,single,morphology,1,141,0.2284,0.6990,0.7465,0.4706,0.6732,0.3880,0.5484,,0.0027,True,B_confusion,axis,False,loss,loss,loss,loss,loss,loss
georgia_broad,seresnet,V3,SB,single,rhythm,1,250,0.9398,0.9447,0.9906,0.0048,0.0051,-0.0198,0.0304,,0.5500,False,ok,rhythm,False,indeterminate,sufficient,sufficient,sufficient,sufficient,sufficient
georgia_broad,seresnet,V3,SVT,single,rhythm,1,11,0.2762,0.1794,0.9190,-0.0968,-0.5393,-0.2892,0.0457,,0.9990,False,ok,rhythm,True,indeterminate,sufficient,sufficient,indeterminate,indeterminate,sufficient
georgia_broad,seresnet,V3,SR,single,rhythm,1,260,0.6565,0.7475,0.9111,0.0910,0.1217,0.0309,0.1510,,0.0076,False,ok,rhythm,False,loss,indeterminate,indeterminate,indeterminate,indeterminate,indeterminate
georgia_broad,seresnet,V3,ST,single,rhythm,1,189,0.9330,0.9429,0.9896,0.0099,0.0105,-0.0062,0.0247,,0.1940,False,ok,rhythm,False,indeterminate,sufficient,sufficient,sufficient,sufficient,sufficient
georgia_broad,seresnet,V3,STTC,single,morphology,1,605,0.6197,0.6594,0.7394,0.0397,0.0602,0.0035,0.0745,,0.0227,False,ok,repolarization,False,indeterminate,indeterminate,sufficient,indeterminate,indeterminate,indeterminate
georgia_broad,seresnet,V3,LVH,single,morphology,1,184,0.3004,0.6945,0.7367,0.3941,0.5674,0.3116,0.4671,,0.0027,True,B_confusion,hypertrophy,False,loss,loss,loss,loss,loss,loss
georgia_broad,seresnet,V3,RBBB,single,morphology,1,143,0.6870,0.8695,0.9157,0.1825,0.2099,0.1091,0.2547,,0.0027,True,B_confusion,conduction,False,loss,loss,loss,loss,loss,loss
georgia_broad,seresnet,V4,AF,single,rhythm,1,85,0.7325,0.6087,0.9228,-0.1238,-0.2034,-0.2325,-0.0121,,0.9990,False,ok,rhythm,False,sufficient,sufficient,sufficient,sufficient,sufficient,sufficient
georgia_broad,seresnet,V4,AFL,single,rhythm,1,28,0.3791,0.4666,0.8840,0.0875,0.1875,-0.1062,0.2832,,0.2951,False,ok,rhythm,True,indeterminate,indeterminate,indeterminate,indeterminate,indeterminate,indeterminate
georgia_broad,seresnet,V4,TWC,single,morphology,1,410,0.6231,0.6495,0.8119,0.0264,0.0406,-0.0149,0.0689,,0.2070,False,ok,repolarization,False,indeterminate,indeterminate,sufficient,indeterminate,indeterminate,indeterminate
georgia_broad,seresnet,V4,LAD,single,morphology,1,141,0.3298,0.6990,0.8232,0.3692,0.5282,0.2703,0.4562,,0.0027,True,B_confusion,axis,False,loss,loss,loss,loss,loss,loss
georgia_broad,seresnet,V4,SB,single,rhythm,1,250,0.9657,0.9447,0.9939,-0.0211,-0.0223,-0.0395,-0.0050,,0.9990,False,ok,rhythm,False,sufficient,sufficient,sufficient,sufficient,sufficient,sufficient
georgia_broad,seresnet,V4,SVT,single,rhythm,1,11,0.3126,0.1794,0.9262,-0.1332,-0.7426,-0.2730,0.0008,,0.9990,False,ok,rhythm,True,sufficient,sufficient,sufficient,sufficient,sufficient,sufficient
georgia_broad,seresnet,V4,SR,single,rhythm,1,260,0.7135,0.7475,0.9338,0.0340,0.0455,-0.0223,0.0877,,0.2475,False,ok,rhythm,False,indeterminate,indeterminate,sufficient,indeterminate,indeterminate,indeterminate
georgia_broad,seresnet,V4,ST,single,rhythm,1,189,0.9388,0.9429,0.9906,0.0041,0.0043,-0.0118,0.0191,,0.4471,False,ok,rhythm,False,sufficient,sufficient,sufficient,sufficient,sufficient,sufficient
georgia_broad,seresnet,V4,STTC,single,morphology,1,605,0.6514,0.6594,0.7690,0.0080,0.0121,-0.0207,0.0370,,0.4401,False,ok,repolarization,False,indeterminate,sufficient,sufficient,indeterminate,sufficient,sufficient
georgia_broad,seresnet,V4,LVH,single,morphology,1,184,0.3401,0.6945,0.7634,0.3544,0.5103,0.2750,0.4248,,0.0027,True,B_confusion,hypertrophy,False,loss,loss,loss,loss,loss,loss
georgia_broad,seresnet,V4,RBBB,single,morphology,1,143,0.6508,0.8695,0.9028,0.2188,0.2516,0.1551,0.2776,,0.0027,True,B_confusion,conduction,False,loss,loss,loss,loss,loss,loss
georgia_broad,seresnet,V5,AF,single,rhythm,1,85,0.6878,0.6087,0.9204,-0.0791,-0.1300,-0.1839,0.0294,,0.9990,False,ok,rhythm,False,indeterminate,sufficient,sufficient,sufficient,sufficient,sufficient
georgia_broad,seresnet,V5,AFL,single,rhythm,1,28,0.2442,0.4666,0.8416,0.2224,0.4766,0.0272,0.3979,,0.0303,True,B_confusion,rhythm,True,loss,indeterminate,indeterminate,loss,indeterminate,indeterminate
georgia_broad,seresnet,V5,TWC,single,morphology,1,410,0.6285,0.6495,0.8169,0.0210,0.0324,-0.0152,0.0537,,0.2070,False,ok,repolarization,False,indeterminate,indeterminate,sufficient,indeterminate,sufficient,indeterminate
georgia_broad,seresnet,V5,LAD,single,morphology,1,141,0.4076,0.6990,0.8475,0.2914,0.4169,0.2018,0.3800,,0.0027,True,B_confusion,axis,False,loss,loss,loss,loss,loss,loss
georgia_broad,seresnet,V5,SB,single,rhythm,1,250,0.9521,0.9447,0.9921,-0.0075,-0.0079,-0.0246,0.0084,,0.9419,False,ok,rhythm,False,sufficient,sufficient,sufficient,sufficient,sufficient,sufficient
georgia_broad,seresnet,V5,SVT,single,rhythm,1,11,0.1916,0.1794,0.9575,-0.0122,-0.0679,-0.2297,0.1610,,0.8481,False,ok,rhythm,True,indeterminate,indeterminate,indeterminate,indeterminate,indeterminate,indeterminate
georgia_broad,seresnet,V5,SR,single,rhythm,1,260,0.7213,0.7475,0.9321,0.0262,0.0351,-0.0250,0.0743,,0.2794,False,ok,rhythm,False,indeterminate,indeterminate,sufficient,indeterminate,sufficient,indeterminate
georgia_broad,seresnet,V5,ST,single,rhythm,1,189,0.9406,0.9429,0.9904,0.0022,0.0024,-0.0120,0.0170,,0.5838,False,ok,rhythm,False,sufficient,sufficient,sufficient,sufficient,sufficient,sufficient
georgia_broad,seresnet,V5,STTC,single,morphology,1,605,0.6673,0.6594,0.7865,-0.0079,-0.0120,-0.0344,0.0174,,0.8840,False,ok,repolarization,False,sufficient,sufficient,sufficient,sufficient,sufficient,sufficient
georgia_broad,seresnet,V5,LVH,single,morphology,1,184,0.4321,0.6945,0.7904,0.2624,0.3778,0.1898,0.3356,,0.0027,True,B_confusion,hypertrophy,False,loss,loss,loss,loss,loss,loss
georgia_broad,seresnet,V5,RBBB,single,morphology,1,143,0.6507,0.8695,0.9098,0.2189,0.2517,0.1555,0.2885,,0.0027,True,B_confusion,conduction,False,loss,loss,loss,loss,loss,loss
georgia_broad,seresnet,V6,AF,single,rhythm,1,85,0.6500,0.6087,0.9250,-0.0413,-0.0678,-0.1470,0.0762,,0.9061,False,ok,rhythm,False,indeterminate,indeterminate,sufficient,indeterminate,indeterminate,indeterminate
georgia_broad,seresnet,V6,AFL,single,rhythm,1,28,0.3141,0.4666,0.8655,0.1525,0.3268,-0.0238,0.3435,,0.0968,False,ok,rhythm,True,indeterminate,indeterminate,indeterminate,indeterminate,indeterminate,indeterminate
georgia_broad,seresnet,V6,TWC,single,morphology,1,410,0.6301,0.6495,0.8096,0.0194,0.0299,-0.0157,0.0508,,0.2690,False,ok,repolarization,False,indeterminate,indeterminate,sufficient,indeterminate,sufficient,indeterminate
georgia_broad,seresnet,V6,LAD,single,morphology,1,141,0.3984,0.6990,0.8415,0.3007,0.4301,0.2101,0.3875,,0.0027,True,B_confusion,axis,False,loss,loss,loss,loss,loss,loss
georgia_broad,seresnet,V6,SB,single,rhythm,1,250,0.9502,0.9447,0.9916,-0.0055,-0.0058,-0.0228,0.0096,,0.8840,False,ok,rhythm,False,sufficient,sufficient,sufficient,sufficient,sufficient,sufficient
georgia_broad,seresnet,V6,SVT,single,rhythm,1,11,0.3628,0.1794,0.9319,-0.1834,-1.0223,-0.3730,-0.0115,,0.9990,False,ok,rhythm,True,sufficient,sufficient,sufficient,sufficient,sufficient,sufficient
georgia_broad,seresnet,V6,SR,single,rhythm,1,260,0.6885,0.7475,0.9171,0.0590,0.0790,0.0049,0.1090,,0.0481,False,ok,rhythm,False,indeterminate,indeterminate,indeterminate,indeterminate,indeterminate,indeterminate
georgia_broad,seresnet,V6,ST,single,rhythm,1,189,0.9223,0.9429,0.9870,0.0206,0.0218,0.0026,0.0415,,0.0340,False,ok,rhythm,False,indeterminate,sufficient,sufficient,sufficient,sufficient,sufficient
georgia_broad,seresnet,V6,STTC,single,morphology,1,605,0.6651,0.6594,0.7814,-0.0057,-0.0086,-0.0328,0.0202,,0.8736,False,ok,repolarization,False,indeterminate,sufficient,sufficient,sufficient,sufficient,sufficient
georgia_broad,seresnet,V6,LVH,single,morphology,1,184,0.4045,0.6945,0.7533,0.2900,0.4176,0.2128,0.3639,,0.0027,True,B_confusion,hypertrophy,False,loss,loss,loss,loss,loss,loss
georgia_broad,seresnet,V6,RBBB,single,morphology,1,143,0.6937,0.8695,0.9281,0.1758,0.2022,0.1128,0.2356,,0.0027,True,B_confusion,conduction,False,loss,loss,loss,loss,loss,loss
georgia_broad,seresnet,ALL,AF,ceiling,rhythm,1,85,0.6087,0.6087,0.9302,0.0000,0.0000,,,,,False,ok,rhythm,False,na,na,na,na,na,na
georgia_broad,seresnet,ALL,AFL,ceiling,rhythm,1,28,0.4666,0.4666,0.9128,0.0000,0.0000,,,,,False,ok,rhythm,True,na,na,na,na,na,na
georgia_broad,seresnet,ALL,TWC,ceiling,morphology,1,410,0.6495,0.6495,0.8377,0.0000,0.0000,,,,,False,ok,repolarization,False,na,na,na,na,na,na
georgia_broad,seresnet,ALL,LAD,ceiling,morphology,1,141,0.6990,0.6990,0.9725,0.0000,0.0000,,,,,False,ok,axis,False,na,na,na,na,na,na
georgia_broad,seresnet,ALL,SB,ceiling,rhythm,1,250,0.9447,0.9447,0.9912,0.0000,0.0000,,,,,False,ok,rhythm,False,na,na,na,na,na,na
georgia_broad,seresnet,ALL,SVT,ceiling,rhythm,1,11,0.1794,0.1794,0.8924,0.0000,0.0000,,,,,False,ok,rhythm,True,na,na,na,na,na,na
georgia_broad,seresnet,ALL,SR,ceiling,rhythm,1,260,0.7475,0.7475,0.9332,0.0000,0.0000,,,,,False,ok,rhythm,False,na,na,na,na,na,na
georgia_broad,seresnet,ALL,ST,ceiling,rhythm,1,189,0.9429,0.9429,0.9902,0.0000,0.0000,,,,,False,ok,rhythm,False,na,na,na,na,na,na
georgia_broad,seresnet,ALL,STTC,ceiling,morphology,1,605,0.6594,0.6594,0.7807,0.0000,0.0000,,,,,False,ok,repolarization,False,na,na,na,na,na,na
georgia_broad,seresnet,ALL,LVH,ceiling,morphology,1,184,0.6945,0.6945,0.9469,0.0000,0.0000,,,,,False,ok,hypertrophy,False,na,na,na,na,na,na
georgia_broad,seresnet,ALL,RBBB,ceiling,morphology,1,143,0.8695,0.8695,0.9805,0.0000,0.0000,,,,,False,ok,conduction,False,na,na,na,na,na,na
georgia_broad,seresnet,I+II,AF,device,rhythm,1,85,0.6960,0.6087,0.9322,-0.0873,-0.1434,-0.1712,0.0143,,0.9990,False,ok,rhythm,False,sufficient,sufficient,sufficient,sufficient,sufficient,sufficient
georgia_broad,seresnet,I+II,AFL,device,rhythm,1,28,0.3341,0.4666,0.8684,0.1324,0.2839,-0.0521,0.2948,,0.3014,False,ok,rhythm,True,indeterminate,indeterminate,indeterminate,indeterminate,indeterminate,indeterminate
georgia_broad,seresnet,I+II,TWC,device,morphology,1,410,0.6168,0.6495,0.8214,0.0327,0.0504,-0.0009,0.0633,,0.1593,False,ok,repolarization,False,indeterminate,indeterminate,sufficient,indeterminate,sufficient,indeterminate
georgia_broad,seresnet,I+II,LAD,device,morphology,1,141,0.6874,0.6990,0.9751,0.0116,0.0166,-0.0505,0.0654,,0.6577,False,ok,axis,False,indeterminate,indeterminate,sufficient,indeterminate,sufficient,indeterminate
georgia_broad,seresnet,I+II,SB,device,rhythm,1,250,0.9512,0.9447,0.9923,-0.0065,-0.0069,-0.0211,0.0075,,0.9990,False,ok,rhythm,False,sufficient,sufficient,sufficient,sufficient,sufficient,sufficient
georgia_broad,seresnet,I+II,SVT,device,rhythm,1,11,0.3778,0.1794,0.9729,-0.1984,-1.1059,-0.3586,-0.0300,,0.9990,False,ok,rhythm,True,sufficient,sufficient,sufficient,sufficient,sufficient,sufficient
georgia_broad,seresnet,I+II,SR,device,rhythm,1,260,0.6942,0.7475,0.9302,0.0533,0.0714,0.0023,0.1060,,0.1319,False,ok,rhythm,False,indeterminate,indeterminate,indeterminate,indeterminate,indeterminate,indeterminate
georgia_broad,seresnet,I+II,ST,device,rhythm,1,189,0.9400,0.9429,0.9895,0.0028,0.0030,-0.0129,0.0200,,0.6453,False,ok,rhythm,False,indeterminate,sufficient,sufficient,sufficient,sufficient,sufficient
georgia_broad,seresnet,I+II,STTC,device,morphology,1,605,0.6498,0.6594,0.7881,0.0096,0.0146,-0.0171,0.0347,,0.5035,False,ok,repolarization,False,indeterminate,sufficient,sufficient,indeterminate,sufficient,sufficient
georgia_broad,seresnet,I+II,LVH,device,morphology,1,184,0.6058,0.6945,0.8940,0.0886,0.1276,0.0340,0.1524,,0.0147,False,ok,hypertrophy,False,loss,indeterminate,indeterminate,indeterminate,indeterminate,indeterminate
georgia_broad,seresnet,I+II,RBBB,device,morphology,1,143,0.7832,0.8695,0.9598,0.0864,0.0993,0.0407,0.1334,,0.0147,False,ok,conduction,False,loss,indeterminate,indeterminate,indeterminate,indeterminate,indeterminate
georgia_broad,seresnet,LIMB6,AF,device,rhythm,1,85,0.7211,0.6087,0.9256,-0.1125,-0.1848,-0.1974,-0.0104,,0.9990,False,ok,rhythm,False,sufficient,sufficient,sufficient,sufficient,sufficient,sufficient
georgia_broad,seresnet,LIMB6,AFL,device,rhythm,1,28,0.3709,0.4666,0.8534,0.0957,0.2050,-0.0767,0.2641,,0.3827,False,ok,rhythm,True,indeterminate,indeterminate,indeterminate,indeterminate,indeterminate,indeterminate
georgia_broad,seresnet,LIMB6,TWC,device,morphology,1,410,0.6275,0.6495,0.8272,0.0220,0.0339,-0.0121,0.0517,,0.3014,False,ok,repolarization,False,indeterminate,indeterminate,sufficient,indeterminate,sufficient,indeterminate
georgia_broad,seresnet,LIMB6,LAD,device,morphology,1,141,0.7328,0.6990,0.9757,-0.0338,-0.0483,-0.0888,0.0200,,0.9990,False,ok,axis,False,sufficient,sufficient,sufficient,sufficient,sufficient,sufficient
georgia_broad,seresnet,LIMB6,SB,device,rhythm,1,250,0.9579,0.9447,0.9925,-0.0132,-0.0140,-0.0274,-0.0012,,0.9990,False,ok,rhythm,False,sufficient,sufficient,sufficient,sufficient,sufficient,sufficient
georgia_broad,seresnet,LIMB6,SVT,device,rhythm,1,11,0.3779,0.1794,0.9610,-0.1985,-1.1064,-0.3710,-0.0404,,0.9990,False,ok,rhythm,True,sufficient,sufficient,sufficient,sufficient,sufficient,sufficient
georgia_broad,seresnet,LIMB6,SR,device,rhythm,1,260,0.7309,0.7475,0.9325,0.0166,0.0222,-0.0235,0.0605,,0.5035,False,ok,rhythm,False,indeterminate,indeterminate,sufficient,indeterminate,sufficient,indeterminate
georgia_broad,seresnet,LIMB6,ST,device,rhythm,1,189,0.9367,0.9429,0.9856,0.0061,0.0065,-0.0116,0.0248,,0.5035,False,ok,rhythm,False,indeterminate,sufficient,sufficient,sufficient,sufficient,sufficient
georgia_broad,seresnet,LIMB6,STTC,device,morphology,1,605,0.6491,0.6594,0.7900,0.0103,0.0156,-0.0156,0.0344,,0.5035,False,ok,repolarization,False,indeterminate,sufficient,sufficient,indeterminate,sufficient,sufficient
georgia_broad,seresnet,LIMB6,LVH,device,morphology,1,184,0.6136,0.6945,0.8986,0.0809,0.1164,0.0297,0.1398,,0.0330,False,ok,hypertrophy,False,loss,indeterminate,indeterminate,indeterminate,indeterminate,indeterminate
georgia_broad,seresnet,LIMB6,RBBB,device,morphology,1,143,0.7641,0.8695,0.9513,0.1055,0.1213,0.0534,0.1507,,0.0147,False,ok,conduction,False,loss,loss,indeterminate,loss,indeterminate,loss
georgia_broad,seresnet,CH3,AF,device,rhythm,1,85,0.6528,0.6087,0.9198,-0.0441,-0.0725,-0.1142,0.0410,,0.9990,False,ok,rhythm,False,indeterminate,sufficient,sufficient,indeterminate,sufficient,sufficient
georgia_broad,seresnet,CH3,AFL,device,rhythm,1,28,0.3335,0.4666,0.8802,0.1331,0.2853,-0.0224,0.2868,,0.1890,False,ok,rhythm,True,indeterminate,indeterminate,indeterminate,indeterminate,indeterminate,indeterminate
georgia_broad,seresnet,CH3,TWC,device,morphology,1,410,0.6412,0.6495,0.8330,0.0084,0.0129,-0.0214,0.0374,,0.5141,False,ok,repolarization,False,indeterminate,sufficient,sufficient,indeterminate,sufficient,sufficient
georgia_broad,seresnet,CH3,LAD,device,morphology,1,141,0.6811,0.6990,0.9710,0.0179,0.0257,-0.0399,0.0728,,0.5220,False,ok,axis,False,indeterminate,indeterminate,sufficient,indeterminate,indeterminate,indeterminate
georgia_broad,seresnet,CH3,SB,device,rhythm,1,250,0.9337,0.9447,0.9889,0.0110,0.0116,-0.0026,0.0252,,0.2597,False,ok,rhythm,False,indeterminate,sufficient,sufficient,sufficient,sufficient,sufficient
georgia_broad,seresnet,CH3,SVT,device,rhythm,1,11,0.3123,0.1794,0.9492,-0.1329,-0.7406,-0.2888,-0.0074,,0.9990,False,ok,rhythm,True,sufficient,sufficient,sufficient,sufficient,sufficient,sufficient
georgia_broad,seresnet,CH3,SR,device,rhythm,1,260,0.7276,0.7475,0.9263,0.0199,0.0266,-0.0135,0.0568,,0.3626,False,ok,rhythm,False,indeterminate,indeterminate,sufficient,indeterminate,sufficient,indeterminate
georgia_broad,seresnet,CH3,ST,device,rhythm,1,189,0.9504,0.9429,0.9903,-0.0076,-0.0080,-0.0216,0.0058,,0.9990,False,ok,rhythm,False,sufficient,sufficient,sufficient,sufficient,sufficient,sufficient
georgia_broad,seresnet,CH3,STTC,device,morphology,1,605,0.6594,0.6594,0.7902,0.0000,0.0000,-0.0193,0.0212,,0.7897,False,ok,repolarization,False,indeterminate,sufficient,sufficient,sufficient,sufficient,sufficient
georgia_broad,seresnet,CH3,LVH,device,morphology,1,184,0.6210,0.6945,0.9070,0.0735,0.1058,0.0234,0.1329,,0.0440,False,ok,hypertrophy,False,loss,indeterminate,indeterminate,indeterminate,indeterminate,indeterminate
georgia_broad,seresnet,CH3,RBBB,device,morphology,1,143,0.8462,0.8695,0.9788,0.0233,0.0268,-0.0121,0.0602,,0.3282,False,ok,conduction,False,indeterminate,indeterminate,sufficient,indeterminate,sufficient,indeterminate
georgia_broad,seresnet,CH4,AF,device,rhythm,1,85,0.7070,0.6087,0.9198,-0.0983,-0.1615,-0.1752,-0.0098,,0.9990,False,ok,rhythm,False,sufficient,sufficient,sufficient,sufficient,sufficient,sufficient
georgia_broad,seresnet,CH4,AFL,device,rhythm,1,28,0.3597,0.4666,0.8898,0.1069,0.2292,-0.0540,0.2704,,0.3014,False,ok,rhythm,True,indeterminate,indeterminate,indeterminate,indeterminate,indeterminate,indeterminate
georgia_broad,seresnet,CH4,TWC,device,morphology,1,410,0.6390,0.6495,0.8330,0.0105,0.0162,-0.0186,0.0398,,0.5035,False,ok,repolarization,False,indeterminate,sufficient,sufficient,indeterminate,sufficient,sufficient
georgia_broad,seresnet,CH4,LAD,device,morphology,1,141,0.7146,0.6990,0.9761,-0.0155,-0.0222,-0.0505,0.0179,,0.9990,False,ok,axis,False,sufficient,sufficient,sufficient,sufficient,sufficient,sufficient
georgia_broad,seresnet,CH4,SB,device,rhythm,1,250,0.9596,0.9447,0.9929,-0.0150,-0.0158,-0.0310,-0.0023,,0.9990,False,ok,rhythm,False,sufficient,sufficient,sufficient,sufficient,sufficient,sufficient
georgia_broad,seresnet,CH4,SVT,device,rhythm,1,11,0.3117,0.1794,0.9355,-0.1323,-0.7373,-0.3468,0.0600,,0.9990,False,ok,rhythm,True,indeterminate,indeterminate,sufficient,indeterminate,indeterminate,indeterminate
georgia_broad,seresnet,CH4,SR,device,rhythm,1,260,0.7461,0.7475,0.9303,0.0014,0.0019,-0.0407,0.0435,,0.7782,False,ok,rhythm,False,indeterminate,sufficient,sufficient,indeterminate,sufficient,sufficient
georgia_broad,seresnet,CH4,ST,device,rhythm,1,189,0.9486,0.9429,0.9861,-0.0058,-0.0061,-0.0203,0.0087,,0.9990,False,ok,rhythm,False,sufficient,sufficient,sufficient,sufficient,sufficient,sufficient
georgia_broad,seresnet,CH4,STTC,device,morphology,1,605,0.6593,0.6594,0.7896,0.0001,0.0001,-0.0230,0.0217,,0.7897,False,ok,repolarization,False,indeterminate,sufficient,sufficient,sufficient,sufficient,sufficient
georgia_broad,seresnet,CH4,LVH,device,morphology,1,184,0.6339,0.6945,0.9192,0.0606,0.0873,0.0087,0.1180,,0.0952,False,ok,hypertrophy,False,indeterminate,indeterminate,indeterminate,indeterminate,indeterminate,indeterminate
georgia_broad,seresnet,CH4,RBBB,device,morphology,1,143,0.8369,0.8695,0.9785,0.0327,0.0376,-0.0036,0.0712,,0.1890,False,ok,conduction,False,indeterminate,indeterminate,sufficient,indeterminate,sufficient,indeterminate
ptbxl_snomed_broad,seresnet,I,AF,single,rhythm,1,152,0.8887,0.8931,0.9764,0.0044,0.0049,-0.0283,0.0419,,0.5379,False,ok,rhythm,False,indeterminate,sufficient,sufficient,sufficient,sufficient,sufficient
ptbxl_snomed_broad,seresnet,I,AFL,single,rhythm,1,7,0.3185,0.6875,0.8943,0.3690,0.5367,0.0056,0.6978,,0.0354,True,B_confusion,rhythm,False,indeterminate,indeterminate,indeterminate,indeterminate,indeterminate,indeterminate
ptbxl_snomed_broad,seresnet,I,TWC,single,morphology,1,256,0.3873,0.5877,0.8264,0.2004,0.3410,0.1414,0.2573,,0.0024,True,B_confusion,repolarization,False,loss,loss,loss,loss,loss,loss
ptbxl_snomed_broad,seresnet,I,LAD,single,morphology,1,528,0.4487,0.8030,0.7328,0.3544,0.4413,0.3086,0.3928,,0.0024,True,B_confusion,axis,False,loss,loss,loss,loss,loss,loss
ptbxl_snomed_broad,seresnet,I,SB,single,rhythm,1,64,0.4364,0.4199,0.9471,-0.0165,-0.0392,-0.0833,0.0599,,0.7661,False,ok,rhythm,True,indeterminate,indeterminate,sufficient,indeterminate,indeterminate,indeterminate
ptbxl_snomed_broad,seresnet,I,SVT,single,rhythm,1,5,0.3766,0.3949,0.9962,0.0183,0.0462,-0.3872,0.3299,,0.5379,False,ok,rhythm,True,indeterminate,indeterminate,indeterminate,indeterminate,indeterminate,indeterminate
ptbxl_snomed_broad,seresnet,I,SR,single,rhythm,1,1826,0.9791,0.9818,0.9193,0.0027,0.0027,-0.0001,0.0056,,0.0535,False,ok,rhythm,False,sufficient,sufficient,sufficient,sufficient,sufficient,sufficient
ptbxl_snomed_broad,seresnet,I,ST,single,rhythm,1,82,0.8976,0.8775,0.9943,-0.0201,-0.0230,-0.0787,0.0397,,0.8148,False,ok,rhythm,False,indeterminate,sufficient,sufficient,sufficient,sufficient,sufficient
ptbxl_snomed_broad,seresnet,I,STTC,single,morphology,1,221,0.3200,0.3994,0.8301,0.0794,0.1988,0.0275,0.1313,,0.0045,False,ok,repolarization,True,loss,indeterminate,indeterminate,loss,indeterminate,indeterminate
ptbxl_snomed_broad,seresnet,I,LVH,single,morphology,1,234,0.4882,0.7535,0.8334,0.2653,0.3521,0.2082,0.3203,,0.0024,True,B_confusion,hypertrophy,False,loss,loss,loss,loss,loss,loss
ptbxl_snomed_broad,seresnet,I,RBBB,single,morphology,1,166,0.6032,0.8961,0.8499,0.2930,0.3269,0.2296,0.3597,,0.0024,True,B_confusion,conduction,False,loss,loss,loss,loss,loss,loss
ptbxl_snomed_broad,seresnet,II,AF,single,rhythm,1,152,0.8917,0.8931,0.9803,0.0014,0.0016,-0.0320,0.0311,,0.6116,False,ok,rhythm,False,indeterminate,sufficient,sufficient,sufficient,sufficient,sufficient
ptbxl_snomed_broad,seresnet,II,AFL,single,rhythm,1,7,0.7223,0.6875,0.9163,-0.0348,-0.0507,-0.2000,0.0537,,0.8148,False,ok,rhythm,False,indeterminate,indeterminate,sufficient,indeterminate,sufficient,indeterminate
ptbxl_snomed_broad,seresnet,II,TWC,single,morphology,1,256,0.3628,0.5877,0.8205,0.2249,0.3827,0.1624,0.2721,,0.0024,True,B_confusion,repolarization,False,loss,loss,loss,loss,loss,loss
ptbxl_snomed_broad,seresnet,II,LAD,single,morphology,1,528,0.6985,0.8030,0.8854,0.1046,0.1302,0.0721,0.1366,,0.0024,False,ok,axis,False,loss,loss,indeterminate,loss,indeterminate,loss
ptbxl_snomed_broad,seresnet,II,SB,single,rhythm,1,64,0.4859,0.4199,0.9534,-0.0660,-0.1571,-0.1330,0.0124,,0.9650,False,ok,rhythm,True,sufficient,sufficient,sufficient,sufficient,sufficient,sufficient
ptbxl_snomed_broad,seresnet,II,SVT,single,rhythm,1,5,0.3110,0.3949,0.9969,0.0839,0.2125,-0.1760,0.4642,,0.4150,False,ok,rhythm,True,indeterminate,indeterminate,indeterminate,indeterminate,indeterminate,indeterminate
ptbxl_snomed_broad,seresnet,II,SR,single,rhythm,1,1826,0.9777,0.9818,0.9185,0.0041,0.0042,0.0004,0.0083,,0.0304,False,ok,rhythm,False,sufficient,sufficient,sufficient,sufficient,sufficient,sufficient
ptbxl_snomed_broad,seresnet,II,ST,single,rhythm,1,82,0.9061,0.8775,0.9947,-0.0286,-0.0326,-0.0802,0.0268,,0.9000,False,ok,rhythm,False,indeterminate,sufficient,sufficient,sufficient,sufficient,sufficient
ptbxl_snomed_broad,seresnet,II,STTC,single,morphology,1,221,0.3079,0.3994,0.8133,0.0915,0.2291,0.0378,0.1408,,0.0024,False,ok,repolarization,True,loss,indeterminate,indeterminate,loss,indeterminate,indeterminate
ptbxl_snomed_broad,seresnet,II,LVH,single,morphology,1,234,0.3990,0.7535,0.7982,0.3545,0.4705,0.2912,0.4087,,0.0024,True,B_confusion,hypertrophy,False,loss,loss,loss,loss,loss,loss
ptbxl_snomed_broad,seresnet,II,RBBB,single,morphology,1,166,0.4811,0.8961,0.8558,0.4150,0.4631,0.3394,0.4874,,0.0024,True,B_confusion,conduction,False,loss,loss,loss,loss,loss,loss
ptbxl_snomed_broad,seresnet,III,AF,single,rhythm,1,152,0.8511,0.8931,0.9725,0.0420,0.0470,-0.0002,0.0800,,0.0531,False,ok,rhythm,False,indeterminate,indeterminate,sufficient,indeterminate,sufficient,indeterminate
ptbxl_snomed_broad,seresnet,III,AFL,single,rhythm,1,7,0.5004,0.6875,0.9044,0.1871,0.2722,-0.1260,0.4285,,0.3591,False,ok,rhythm,False,indeterminate,indeterminate,indeterminate,indeterminate,indeterminate,indeterminate
ptbxl_snomed_broad,seresnet,III,TWC,single,morphology,1,256,0.1830,0.5877,0.6512,0.4048,0.6887,0.3411,0.4646,,0.0024,True,B_confusion,repolarization,False,loss,loss,loss,loss,loss,loss
ptbxl_snomed_broad,seresnet,III,LAD,single,morphology,1,528,0.6264,0.8030,0.8739,0.1766,0.2199,0.1394,0.2113,,0.0024,True,B_confusion,axis,False,loss,loss,loss,loss,loss,loss
ptbxl_snomed_broad,seresnet,III,SB,single,rhythm,1,64,0.4913,0.4199,0.9493,-0.0714,-0.1699,-0.1463,0.0314,,0.9550,False,ok,rhythm,True,indeterminate,sufficient,sufficient,indeterminate,sufficient,sufficient
ptbxl_snomed_broad,seresnet,III,SVT,single,rhythm,1,5,0.4494,0.3949,0.9979,-0.0545,-0.1380,-0.4460,0.3738,,0.7564,False,ok,rhythm,True,indeterminate,indeterminate,indeterminate,indeterminate,indeterminate,indeterminate
ptbxl_snomed_broad,seresnet,III,SR,single,rhythm,1,1826,0.9688,0.9818,0.8961,0.0130,0.0132,0.0069,0.0195,,0.0024,False,ok,rhythm,False,sufficient,sufficient,sufficient,sufficient,sufficient,sufficient
ptbxl_snomed_broad,seresnet,III,ST,single,rhythm,1,82,0.8332,0.8775,0.9943,0.0443,0.0505,-0.0342,0.1232,,0.2541,False,ok,rhythm,False,indeterminate,indeterminate,indeterminate,indeterminate,indeterminate,indeterminate
ptbxl_snomed_broad,seresnet,III,STTC,single,morphology,1,221,0.1908,0.3994,0.6948,0.2086,0.5223,0.1531,0.2640,,0.0024,True,B_confusion,repolarization,True,loss,loss,loss,loss,loss,loss
ptbxl_snomed_broad,seresnet,III,LVH,single,morphology,1,234,0.3258,0.7535,0.7334,0.4277,0.5677,0.3666,0.4866,,0.0024,True,B_confusion,hypertrophy,False,loss,loss,loss,loss,loss,loss
ptbxl_snomed_broad,seresnet,III,RBBB,single,morphology,1,166,0.4174,0.8961,0.7848,0.4787,0.5342,0.4057,0.5490,,0.0024,True,B_confusion,conduction,False,loss,loss,loss,loss,loss,loss
ptbxl_snomed_broad,seresnet,aVR,AF,single,rhythm,1,152,0.8287,0.8931,0.9799,0.0644,0.0722,0.0001,0.1288,,0.0478,False,ok,rhythm,False,indeterminate,indeterminate,indeterminate,indeterminate,indeterminate,indeterminate
ptbxl_snomed_broad,seresnet,aVR,AFL,single,rhythm,1,7,0.5857,0.6875,0.8700,0.1018,0.1481,-0.1665,0.4167,,0.4113,False,ok,rhythm,False,indeterminate,indeterminate,indeterminate,indeterminate,indeterminate,indeterminate
ptbxl_snomed_broad,seresnet,aVR,TWC,single,morphology,1,256,0.4003,0.5877,0.8441,0.1875,0.3189,0.1227,0.2426,,0.0024,True,B_confusion,repolarization,False,loss,loss,loss,loss,loss,loss
ptbxl_snomed_broad,seresnet,aVR,LAD,single,morphology,1,528,0.4996,0.8030,0.7659,0.3034,0.3778,0.2567,0.3458,,0.0024,True,B_confusion,axis,False,loss,loss,loss,loss,loss,loss
ptbxl_snomed_broad,seresnet,aVR,SB,single,rhythm,1,64,0.4505,0.4199,0.9541,-0.0306,-0.0728,-0.1002,0.0487,,0.8674,False,ok,rhythm,True,indeterminate,sufficient,sufficient,indeterminate,indeterminate,sufficient
ptbxl_snomed_broad,seresnet,aVR,SVT,single,rhythm,1,5,0.7233,0.3949,0.9979,-0.3285,-0.8318,-0.7500,0.1667,,0.9470,False,ok,rhythm,True,indeterminate,indeterminate,indeterminate,indeterminate,indeterminate,indeterminate
ptbxl_snomed_broad,seresnet,aVR,SR,single,rhythm,1,1826,0.9789,0.9818,0.9171,0.0029,0.0029,-0.0000,0.0061,,0.0535,False,ok,rhythm,False,sufficient,sufficient,sufficient,sufficient,sufficient,sufficient
ptbxl_snomed_broad,seresnet,aVR,ST,single,rhythm,1,82,0.8902,0.8775,0.9947,-0.0127,-0.0145,-0.0576,0.0350,,0.7701,False,ok,rhythm,False,indeterminate,sufficient,sufficient,sufficient,sufficient,sufficient
ptbxl_snomed_broad,seresnet,aVR,STTC,single,morphology,1,221,0.3184,0.3994,0.8246,0.0810,0.2029,0.0277,0.1315,,0.0064,False,ok,repolarization,True,loss,indeterminate,indeterminate,loss,indeterminate,indeterminate
ptbxl_snomed_broad,seresnet,aVR,LVH,single,morphology,1,234,0.4787,0.7535,0.8330,0.2748,0.3647,0.2168,0.3306,,0.0024,True,B_confusion,hypertrophy,False,loss,loss,loss,loss,loss,loss
ptbxl_snomed_broad,seresnet,aVR,RBBB,single,morphology,1,166,0.5878,0.8961,0.8914,0.3083,0.3441,0.2396,0.3733,,0.0024,True,B_confusion,conduction,False,loss,loss,loss,loss,loss,loss
ptbxl_snomed_broad,seresnet,aVL,AF,single,rhythm,1,152,0.7478,0.8931,0.9621,0.1453,0.1627,0.0762,0.2120,,0.0024,False,ok,rhythm,False,loss,loss,indeterminate,loss,indeterminate,loss
ptbxl_snomed_broad,seresnet,aVL,AFL,single,rhythm,1,7,0.3293,0.6875,0.9580,0.3582,0.5210,0.0040,0.6155,,0.0490,True,B_confusion,rhythm,False,indeterminate,indeterminate,indeterminate,indeterminate,indeterminate,indeterminate
ptbxl_snomed_broad,seresnet,aVL,TWC,single,morphology,1,256,0.2623,0.5877,0.7297,0.3255,0.5538,0.2620,0.3836,,0.0024,True,B_confusion,repolarization,False,loss,loss,loss,loss,loss,loss
ptbxl_snomed_broad,seresnet,aVL,LAD,single,morphology,1,528,0.5501,0.8030,0.8215,0.2530,0.3150,0.2101,0.2893,,0.0024,True,B_confusion,axis,False,loss,loss,loss,loss,loss,loss
ptbxl_snomed_broad,seresnet,aVL,SB,single,rhythm,1,64,0.4837,0.4199,0.9523,-0.0638,-0.1519,-0.1376,0.0186,,0.9650,False,ok,rhythm,True,sufficient,sufficient,sufficient,sufficient,sufficient,sufficient
ptbxl_snomed_broad,seresnet,aVL,SVT,single,rhythm,1,5,0.4498,0.3949,0.9973,-0.0549,-0.1390,-0.4226,0.4107,,0.6741,False,ok,rhythm,True,indeterminate,indeterminate,indeterminate,indeterminate,indeterminate,indeterminate
ptbxl_snomed_broad,seresnet,aVL,SR,single,rhythm,1,1826,0.9693,0.9818,0.8901,0.0125,0.0128,0.0076,0.0175,,0.0024,False,ok,rhythm,False,sufficient,sufficient,sufficient,sufficient,sufficient,sufficient
ptbxl_snomed_broad,seresnet,aVL,ST,single,rhythm,1,82,0.8253,0.8775,0.9934,0.0522,0.0595,-0.0176,0.1316,,0.1130,False,ok,rhythm,False,indeterminate,indeterminate,indeterminate,indeterminate,indeterminate,indeterminate
ptbxl_snomed_broad,seresnet,aVL,STTC,single,morphology,1,221,0.2309,0.3994,0.7465,0.1685,0.4218,0.1196,0.2196,,0.0024,True,B_confusion,repolarization,True,loss,loss,loss,loss,loss,loss
ptbxl_snomed_broad,seresnet,aVL,LVH,single,morphology,1,234,0.3788,0.7535,0.7639,0.3747,0.4973,0.3143,0.4371,,0.0024,True,B_confusion,hypertrophy,False,loss,loss,loss,loss,loss,loss
ptbxl_snomed_broad,seresnet,aVL,RBBB,single,morphology,1,166,0.5254,0.8961,0.8044,0.3707,0.4137,0.3049,0.4398,,0.0024,True,B_confusion,conduction,False,loss,loss,loss,loss,loss,loss
ptbxl_snomed_broad,seresnet,aVF,AF,single,rhythm,1,152,0.8997,0.8931,0.9796,-0.0065,-0.0073,-0.0411,0.0235,,0.7900,False,ok,rhythm,False,indeterminate,sufficient,sufficient,sufficient,sufficient,sufficient
ptbxl_snomed_broad,seresnet,aVF,AFL,single,rhythm,1,7,0.6310,0.6875,0.9636,0.0565,0.0821,-0.1123,0.2680,,0.4825,False,ok,rhythm,False,indeterminate,indeterminate,indeterminate,indeterminate,indeterminate,indeterminate
ptbxl_snomed_broad,seresnet,aVF,TWC,single,morphology,1,256,0.2777,0.5877,0.7316,0.3101,0.5276,0.2461,0.3636,,0.0024,True,B_confusion,repolarization,False,loss,loss,loss,loss,loss,loss
ptbxl_snomed_broad,seresnet,aVF,LAD,single,morphology,1,528,0.7147,0.8030,0.9098,0.0883,0.1100,0.0569,0.1221,,0.0024,False,ok,axis,False,loss,loss,indeterminate,loss,indeterminate,loss
ptbxl_snomed_broad,seresnet,aVF,SB,single,rhythm,1,64,0.5330,0.4199,0.9524,-0.1131,-0.2693,-0.1821,-0.0175,,0.9920,False,ok,rhythm,True,sufficient,sufficient,sufficient,sufficient,sufficient,sufficient
ptbxl_snomed_broad,seresnet,aVF,SVT,single,rhythm,1,5,0.3749,0.3949,0.9973,0.0199,0.0505,-0.3146,0.3390,,0.5635,False,ok,rhythm,True,indeterminate,indeterminate,indeterminate,indeterminate,indeterminate,indeterminate
ptbxl_snomed_broad,seresnet,aVF,SR,single,rhythm,1,1826,0.9736,0.9818,0.9101,0.0082,0.0083,0.0030,0.0142,,0.0064,False,ok,rhythm,False,sufficient,sufficient,sufficient,sufficient,sufficient,sufficient
ptbxl_snomed_broad,seresnet,aVF,ST,single,rhythm,1,82,0.8808,0.8775,0.9929,-0.0033,-0.0038,-0.0786,0.0778,,0.6741,False,ok,rhythm,False,indeterminate,indeterminate,sufficient,indeterminate,sufficient,indeterminate
ptbxl_snomed_broad,seresnet,aVF,STTC,single,morphology,1,221,0.2825,0.3994,0.7786,0.1169,0.2926,0.0593,0.1759,,0.0045,False,ok,repolarization,True,loss,loss,indeterminate,loss,loss,loss
ptbxl_snomed_broad,seresnet,aVF,LVH,single,morphology,1,234,0.3778,0.7535,0.7840,0.3757,0.4986,0.3082,0.4316,,0.0024,True,B_confusion,hypertrophy,False,loss,loss,loss,loss,loss,loss
ptbxl_snomed_broad,seresnet,aVF,RBBB,single,morphology,1,166,0.4315,0.8961,0.8141,0.4646,0.5184,0.3952,0.5297,,0.0024,True,B_confusion,conduction,False,loss,loss,loss,loss,loss,loss
ptbxl_snomed_broad,seresnet,V1,AF,single,rhythm,1,152,0.8944,0.8931,0.9775,-0.0012,-0.0014,-0.0390,0.0336,,0.6980,False,ok,rhythm,False,indeterminate,sufficient,sufficient,sufficient,sufficient,sufficient
ptbxl_snomed_broad,seresnet,V1,AFL,single,rhythm,1,7,0.2605,0.6875,0.8793,0.4270,0.6211,0.0922,0.6905,,0.0147,True,B_confusion,rhythm,False,loss,loss,indeterminate,loss,loss,loss
ptbxl_snomed_broad,seresnet,V1,TWC,single,morphology,1,256,0.2275,0.5877,0.6920,0.3603,0.6129,0.2959,0.4193,,0.0024,True,B_confusion,repolarization,False,loss,loss,loss,loss,loss,loss
ptbxl_snomed_broad,seresnet,V1,LAD,single,morphology,1,528,0.3929,0.8030,0.6917,0.4101,0.5107,0.3719,0.4483,,0.0024,True,B_confusion,axis,False,loss,loss,loss,loss,loss,loss
ptbxl_snomed_broad,seresnet,V1,SB,single,rhythm,1,64,0.4501,0.4199,0.9534,-0.0302,-0.0718,-0.0997,0.0434,,0.8915,False,ok,rhythm,True,indeterminate,sufficient,sufficient,indeterminate,indeterminate,sufficient
ptbxl_snomed_broad,seresnet,V1,SVT,single,rhythm,1,5,0.3670,0.3949,0.9954,0.0279,0.0706,-0.3642,0.3888,,0.5609,False,ok,rhythm,True,indeterminate,indeterminate,indeterminate,indeterminate,indeterminate,indeterminate
ptbxl_snomed_broad,seresnet,V1,SR,single,rhythm,1,1826,0.9736,0.9818,0.9077,0.0082,0.0084,0.0039,0.0134,,0.0024,False,ok,rhythm,False,sufficient,sufficient,sufficient,sufficient,sufficient,sufficient
ptbxl_snomed_broad,seresnet,V1,ST,single,rhythm,1,82,0.9004,0.8775,0.9932,-0.0229,-0.0261,-0.0875,0.0456,,0.8227,False,ok,rhythm,False,indeterminate,sufficient,sufficient,indeterminate,sufficient,sufficient
ptbxl_snomed_broad,seresnet,V1,STTC,single,morphology,1,221,0.2606,0.3994,0.7613,0.1388,0.3476,0.0817,0.1915,,0.0024,False,ok,repolarization,True,loss,loss,indeterminate,loss,loss,loss
ptbxl_snomed_broad,seresnet,V1,LVH,single,morphology,1,234,0.4353,0.7535,0.8356,0.3182,0.4223,0.2490,0.3799,,0.0024,True,B_confusion,hypertrophy,False,loss,loss,loss,loss,loss,loss
ptbxl_snomed_broad,seresnet,V1,RBBB,single,morphology,1,166,0.9132,0.8961,0.9889,-0.0170,-0.0190,-0.0395,0.0052,,0.9650,False,ok,conduction,False,sufficient,sufficient,sufficient,sufficient,sufficient,sufficient
ptbxl_snomed_broad,seresnet,V2,AF,single,rhythm,1,152,0.8988,0.8931,0.9751,-0.0057,-0.0063,-0.0611,0.0472,,0.7451,False,ok,rhythm,False,indeterminate,sufficient,sufficient,indeterminate,sufficient,sufficient
ptbxl_snomed_broad,seresnet,V2,AFL,single,rhythm,1,7,0.3493,0.6875,0.8808,0.3381,0.4919,0.0090,0.6365,,0.0340,True,B_confusion,rhythm,False,indeterminate,indeterminate,indeterminate,indeterminate,indeterminate,indeterminate
ptbxl_snomed_broad,seresnet,V2,TWC,single,morphology,1,256,0.2979,0.5877,0.7592,0.2898,0.4931,0.2208,0.3534,,0.0024,True,B_confusion,repolarization,False,loss,loss,loss,loss,loss,loss
ptbxl_snomed_broad,seresnet,V2,LAD,single,morphology,1,528,0.4372,0.8030,0.7152,0.3658,0.4555,0.3237,0.4056,,0.0024,True,B_confusion,axis,False,loss,loss,loss,loss,loss,loss
ptbxl_snomed_broad,seresnet,V2,SB,single,rhythm,1,64,0.4978,0.4199,0.9429,-0.0778,-0.1853,-0.1727,0.0162,,0.9650,False,ok,rhythm,True,sufficient,sufficient,sufficient,sufficient,sufficient,sufficient
ptbxl_snomed_broad,seresnet,V2,SVT,single,rhythm,1,5,0.4197,0.3949,0.9965,-0.0249,-0.0630,-0.4001,0.4660,,0.6284,False,ok,rhythm,True,indeterminate,indeterminate,indeterminate,indeterminate,indeterminate,indeterminate
ptbxl_snomed_broad,seresnet,V2,SR,single,rhythm,1,1826,0.9809,0.9818,0.9254,0.0009,0.0009,-0.0036,0.0056,,0.4904,False,ok,rhythm,False,sufficient,sufficient,sufficient,sufficient,sufficient,sufficient
ptbxl_snomed_broad,seresnet,V2,ST,single,rhythm,1,82,0.8631,0.8775,0.9870,0.0144,0.0164,-0.0626,0.0931,,0.4441,False,ok,rhythm,False,indeterminate,indeterminate,sufficient,indeterminate,indeterminate,indeterminate
ptbxl_snomed_broad,seresnet,V2,STTC,single,morphology,1,221,0.2754,0.3994,0.7764,0.1241,0.3106,0.0713,0.1798,,0.0024,False,ok,repolarization,True,loss,loss,indeterminate,loss,loss,loss
ptbxl_snomed_broad,seresnet,V2,LVH,single,morphology,1,234,0.3688,0.7535,0.7914,0.3847,0.5105,0.3174,0.4461,,0.0024,True,B_confusion,hypertrophy,False,loss,loss,loss,loss,loss,loss
ptbxl_snomed_broad,seresnet,V2,RBBB,single,morphology,1,166,0.7948,0.8961,0.9335,0.1013,0.1131,0.0455,0.1555,,0.0024,False,ok,conduction,False,loss,indeterminate,indeterminate,loss,indeterminate,indeterminate
ptbxl_snomed_broad,seresnet,V3,AF,single,rhythm,1,152,0.9146,0.8931,0.9813,-0.0214,-0.0240,-0.0674,0.0182,,0.9047,False,ok,rhythm,False,sufficient,sufficient,sufficient,sufficient,sufficient,sufficient
ptbxl_snomed_broad,seresnet,V3,AFL,single,rhythm,1,7,0.4649,0.6875,0.9396,0.2226,0.3238,-0.0003,0.4776,,0.0625,False,ok,rhythm,False,indeterminate,indeterminate,indeterminate,indeterminate,indeterminate,indeterminate
ptbxl_snomed_broad,seresnet,V3,TWC,single,morphology,1,256,0.3467,0.5877,0.7949,0.2411,0.4102,0.1701,0.3039,,0.0024,True,B_confusion,repolarization,False,loss,loss,loss,loss,loss,loss
ptbxl_snomed_broad,seresnet,V3,LAD,single,morphology,1,528,0.4196,0.8030,0.7027,0.3834,0.4775,0.3382,0.4239,,0.0024,True,B_confusion,axis,False,loss,loss,loss,loss,loss,loss
ptbxl_snomed_broad,seresnet,V3,SB,single,rhythm,1,64,0.5164,0.4199,0.9585,-0.0964,-0.2297,-0.1750,-0.0011,,0.9900,False,ok,rhythm,True,sufficient,sufficient,sufficient,sufficient,sufficient,sufficient
ptbxl_snomed_broad,seresnet,V3,SVT,single,rhythm,1,5,0.3655,0.3949,0.9974,0.0294,0.0745,-0.3010,0.3856,,0.6357,False,ok,rhythm,True,indeterminate,indeterminate,indeterminate,indeterminate,indeterminate,indeterminate
ptbxl_snomed_broad,seresnet,V3,SR,single,rhythm,1,1826,0.9798,0.9818,0.9235,0.0020,0.0021,-0.0016,0.0059,,0.2341,False,ok,rhythm,False,sufficient,sufficient,sufficient,sufficient,sufficient,sufficient
ptbxl_snomed_broad,seresnet,V3,ST,single,rhythm,1,82,0.8868,0.8775,0.9927,-0.0093,-0.0106,-0.0738,0.0578,,0.7103,False,ok,rhythm,False,indeterminate,indeterminate,sufficient,indeterminate,sufficient,indeterminate
ptbxl_snomed_broad,seresnet,V3,STTC,single,morphology,1,221,0.2740,0.3994,0.7744,0.1254,0.3139,0.0748,0.1754,,0.0024,False,ok,repolarization,True,loss,loss,indeterminate,loss,loss,loss
ptbxl_snomed_broad,seresnet,V3,LVH,single,morphology,1,234,0.3925,0.7535,0.7931,0.3610,0.4791,0.2965,0.4185,,0.0024,True,B_confusion,hypertrophy,False,loss,loss,loss,loss,loss,loss
ptbxl_snomed_broad,seresnet,V3,RBBB,single,morphology,1,166,0.5920,0.8961,0.8631,0.3042,0.3394,0.2440,0.3739,,0.0024,True,B_confusion,conduction,False,loss,loss,loss,loss,loss,loss
ptbxl_snomed_broad,seresnet,V4,AF,single,rhythm,1,152,0.9078,0.8931,0.9806,-0.0146,-0.0164,-0.0548,0.0257,,0.8674,False,ok,rhythm,False,indeterminate,sufficient,sufficient,sufficient,sufficient,sufficient
ptbxl_snomed_broad,seresnet,V4,AFL,single,rhythm,1,7,0.4603,0.6875,0.8815,0.2272,0.3305,0.0000,0.5002,,0.0501,False,ok,rhythm,False,indeterminate,indeterminate,indeterminate,indeterminate,indeterminate,indeterminate
ptbxl_snomed_broad,seresnet,V4,TWC,single,morphology,1,256,0.4986,0.5877,0.8702,0.0891,0.1516,0.0309,0.1436,,0.0064,False,ok,repolarization,False,loss,indeterminate,indeterminate,loss,indeterminate,indeterminate
ptbxl_snomed_broad,seresnet,V4,LAD,single,morphology,1,528,0.4438,0.8030,0.7265,0.3593,0.4474,0.3122,0.4012,,0.0024,True,B_confusion,axis,False,loss,loss,loss,loss,loss,loss
ptbxl_snomed_broad,seresnet,V4,SB,single,rhythm,1,64,0.4649,0.4199,0.9536,-0.0450,-0.1071,-0.1202,0.0461,,0.9000,False,ok,rhythm,True,indeterminate,sufficient,sufficient,indeterminate,indeterminate,sufficient
ptbxl_snomed_broad,seresnet,V4,SVT,single,rhythm,1,5,0.4582,0.3949,0.9972,-0.0633,-0.1604,-0.4917,0.4540,,0.7103,False,ok,rhythm,True,indeterminate,indeterminate,indeterminate,indeterminate,indeterminate,indeterminate
ptbxl_snomed_broad,seresnet,V4,SR,single,rhythm,1,1826,0.9808,0.9818,0.9253,0.0010,0.0010,-0.0024,0.0042,,0.4150,False,ok,rhythm,False,sufficient,sufficient,sufficient,sufficient,sufficient,sufficient
ptbxl_snomed_broad,seresnet,V4,ST,single,rhythm,1,82,0.8997,0.8775,0.9957,-0.0222,-0.0253,-0.0944,0.0479,,0.8148,False,ok,rhythm,False,indeterminate,sufficient,sufficient,indeterminate,sufficient,sufficient
ptbxl_snomed_broad,seresnet,V4,STTC,single,morphology,1,221,0.3120,0.3994,0.8084,0.0874,0.2188,0.0322,0.1444,,0.0024,False,ok,repolarization,True,loss,indeterminate,indeterminate,loss,indeterminate,indeterminate
ptbxl_snomed_broad,seresnet,V4,LVH,single,morphology,1,234,0.4790,0.7535,0.8463,0.2745,0.3643,0.2120,0.3331,,0.0024,True,B_confusion,hypertrophy,False,loss,loss,loss,loss,loss,loss
ptbxl_snomed_broad,seresnet,V4,RBBB,single,morphology,1,166,0.5273,0.8961,0.8039,0.3689,0.4116,0.3024,0.4358,,0.0024,True,B_confusion,conduction,False,loss,loss,loss,loss,loss,loss
ptbxl_snomed_broad,seresnet,V5,AF,single,rhythm,1,152,0.9100,0.8931,0.9838,-0.0168,-0.0188,-0.0656,0.0228,,0.8674,False,ok,rhythm,False,indeterminate,sufficient,sufficient,sufficient,sufficient,sufficient
ptbxl_snomed_broad,seresnet,V5,AFL,single,rhythm,1,7,0.4702,0.6875,0.9220,0.2173,0.3161,-0.0001,0.4919,,0.0625,False,ok,rhythm,False,indeterminate,indeterminate,indeterminate,indeterminate,indeterminate,indeterminate
ptbxl_snomed_broad,seresnet,V5,TWC,single,morphology,1,256,0.4982,0.5877,0.8813,0.0895,0.1523,0.0314,0.1428,,0.0024,False,ok,repolarization,False,loss,indeterminate,indeterminate,loss,indeterminate,indeterminate
ptbxl_snomed_broad,seresnet,V5,LAD,single,morphology,1,528,0.4904,0.8030,0.7569,0.3126,0.3893,0.2675,0.3540,,0.0024,True,B_confusion,axis,False,loss,loss,loss,loss,loss,loss
ptbxl_snomed_broad,seresnet,V5,SB,single,rhythm,1,64,0.4849,0.4199,0.9536,-0.0650,-0.1547,-0.1423,0.0225,,0.9650,False,ok,rhythm,True,indeterminate,sufficient,sufficient,indeterminate,sufficient,sufficient
ptbxl_snomed_broad,seresnet,V5,SVT,single,rhythm,1,5,0.5183,0.3949,0.9976,-0.1235,-0.3127,-0.5534,0.4525,,0.8148,False,ok,rhythm,True,indeterminate,indeterminate,indeterminate,indeterminate,indeterminate,indeterminate
ptbxl_snomed_broad,seresnet,V5,SR,single,rhythm,1,1826,0.9795,0.9818,0.9240,0.0023,0.0023,-0.0015,0.0064,,0.2220,False,ok,rhythm,False,sufficient,sufficient,sufficient,sufficient,sufficient,sufficient
ptbxl_snomed_broad,seresnet,V5,ST,single,rhythm,1,82,0.9111,0.8775,0.9954,-0.0336,-0.0383,-0.0920,0.0225,,0.9047,False,ok,rhythm,False,indeterminate,sufficient,sufficient,sufficient,sufficient,sufficient
ptbxl_snomed_broad,seresnet,V5,STTC,single,morphology,1,221,0.3406,0.3994,0.8321,0.0588,0.1472,0.0022,0.1118,,0.0288,False,ok,repolarization,True,indeterminate,indeterminate,indeterminate,indeterminate,indeterminate,indeterminate
ptbxl_snomed_broad,seresnet,V5,LVH,single,morphology,1,234,0.6257,0.7535,0.8967,0.1278,0.1696,0.0813,0.1740,,0.0024,False,ok,hypertrophy,False,loss,loss,indeterminate,loss,loss,loss
ptbxl_snomed_broad,seresnet,V5,RBBB,single,morphology,1,166,0.5263,0.8961,0.8188,0.3699,0.4127,0.3007,0.4409,,0.0024,True,B_confusion,conduction,False,loss,loss,loss,loss,loss,loss
ptbxl_snomed_broad,seresnet,V6,AF,single,rhythm,1,152,0.9011,0.8931,0.9870,-0.0080,-0.0089,-0.0512,0.0349,,0.7451,False,ok,rhythm,False,indeterminate,sufficient,sufficient,sufficient,sufficient,sufficient
ptbxl_snomed_broad,seresnet,V6,AFL,single,rhythm,1,7,0.5885,0.6875,0.8592,0.0990,0.1440,0.0003,0.2566,,0.0446,False,ok,rhythm,False,indeterminate,indeterminate,indeterminate,indeterminate,indeterminate,indeterminate
ptbxl_snomed_broad,seresnet,V6,TWC,single,morphology,1,256,0.4922,0.5877,0.8744,0.0956,0.1626,0.0439,0.1449,,0.0045,False,ok,repolarization,False,loss,indeterminate,indeterminate,loss,indeterminate,indeterminate
ptbxl_snomed_broad,seresnet,V6,LAD,single,morphology,1,528,0.5424,0.8030,0.7828,0.2607,0.3246,0.2181,0.3041,,0.0024,True,B_confusion,axis,False,loss,loss,loss,loss,loss,loss
ptbxl_snomed_broad,seresnet,V6,SB,single,rhythm,1,64,0.5404,0.4199,0.9543,-0.1204,-0.2868,-0.1946,-0.0143,,0.9920,False,ok,rhythm,True,sufficient,sufficient,sufficient,sufficient,sufficient,sufficient
ptbxl_snomed_broad,seresnet,V6,SVT,single,rhythm,1,5,0.6635,0.3949,0.9933,-0.2686,-0.6803,-0.7362,0.2497,,0.9000,False,ok,rhythm,True,indeterminate,indeterminate,indeterminate,indeterminate,indeterminate,indeterminate
ptbxl_snomed_broad,seresnet,V6,SR,single,rhythm,1,1826,0.9802,0.9818,0.9258,0.0016,0.0016,-0.0016,0.0048,,0.2541,False,ok,rhythm,False,sufficient,sufficient,sufficient,sufficient,sufficient,sufficient
ptbxl_snomed_broad,seresnet,V6,ST,single,rhythm,1,82,0.8965,0.8775,0.9937,-0.0190,-0.0216,-0.0739,0.0402,,0.8148,False,ok,rhythm,False,indeterminate,sufficient,sufficient,sufficient,sufficient,sufficient
ptbxl_snomed_broad,seresnet,V6,STTC,single,morphology,1,221,0.3672,0.3994,0.8406,0.0322,0.0806,-0.0184,0.0774,,0.1944,False,ok,repolarization,True,indeterminate,indeterminate,sufficient,indeterminate,indeterminate,indeterminate
ptbxl_snomed_broad,seresnet,V6,LVH,single,morphology,1,234,0.6285,0.7535,0.8994,0.1250,0.1659,0.0787,0.1691,,0.0024,False,ok,hypertrophy,False,loss,loss,indeterminate,loss,loss,loss
ptbxl_snomed_broad,seresnet,V6,RBBB,single,morphology,1,166,0.5872,0.8961,0.8807,0.3089,0.3447,0.2481,0.3755,,0.0024,True,B_confusion,conduction,False,loss,loss,loss,loss,loss,loss
ptbxl_snomed_broad,seresnet,ALL,AF,ceiling,rhythm,1,152,0.8931,0.8931,0.9814,0.0000,0.0000,,,,,False,ok,rhythm,False,na,na,na,na,na,na
ptbxl_snomed_broad,seresnet,ALL,AFL,ceiling,rhythm,1,7,0.6875,0.6875,0.9175,0.0000,0.0000,,,,,False,ok,rhythm,False,na,na,na,na,na,na
ptbxl_snomed_broad,seresnet,ALL,TWC,ceiling,morphology,1,256,0.5877,0.5877,0.8980,0.0000,0.0000,,,,,False,ok,repolarization,False,na,na,na,na,na,na
ptbxl_snomed_broad,seresnet,ALL,LAD,ceiling,morphology,1,528,0.8030,0.8030,0.9266,0.0000,0.0000,,,,,False,ok,axis,False,na,na,na,na,na,na
ptbxl_snomed_broad,seresnet,ALL,SB,ceiling,rhythm,1,64,0.4199,0.4199,0.9473,0.0000,0.0000,,,,,False,ok,rhythm,True,na,na,na,na,na,na
ptbxl_snomed_broad,seresnet,ALL,SVT,ceiling,rhythm,1,5,0.3949,0.3949,0.9976,0.0000,0.0000,,,,,False,ok,rhythm,True,na,na,na,na,na,na
ptbxl_snomed_broad,seresnet,ALL,SR,ceiling,rhythm,1,1826,0.9818,0.9818,0.9287,0.0000,0.0000,,,,,False,ok,rhythm,False,na,na,na,na,na,na
ptbxl_snomed_broad,seresnet,ALL,ST,ceiling,rhythm,1,82,0.8775,0.8775,0.9939,0.0000,0.0000,,,,,False,ok,rhythm,False,na,na,na,na,na,na
ptbxl_snomed_broad,seresnet,ALL,STTC,ceiling,morphology,1,221,0.3994,0.3994,0.8599,0.0000,0.0000,,,,,False,ok,repolarization,True,na,na,na,na,na,na
ptbxl_snomed_broad,seresnet,ALL,LVH,ceiling,morphology,1,234,0.7535,0.7535,0.9511,0.0000,0.0000,,,,,False,ok,hypertrophy,False,na,na,na,na,na,na
ptbxl_snomed_broad,seresnet,ALL,RBBB,ceiling,morphology,1,166,0.8961,0.8961,0.9890,0.0000,0.0000,,,,,False,ok,conduction,False,na,na,na,na,na,na
ptbxl_snomed_broad,seresnet,I+II,AF,device,rhythm,1,152,0.9061,0.8931,0.9812,-0.0130,-0.0145,-0.0446,0.0182,,0.8972,False,ok,rhythm,False,sufficient,sufficient,sufficient,sufficient,sufficient,sufficient
ptbxl_snomed_broad,seresnet,I+II,AFL,device,rhythm,1,7,0.5995,0.6875,0.8555,0.0880,0.1280,-0.0998,0.3173,,0.3297,False,ok,rhythm,False,indeterminate,indeterminate,indeterminate,indeterminate,indeterminate,indeterminate
ptbxl_snomed_broad,seresnet,I+II,TWC,device,morphology,1,256,0.4520,0.5877,0.8636,0.1358,0.2310,0.0844,0.1835,,0.0040,False,ok,repolarization,False,loss,loss,indeterminate,loss,loss,loss
ptbxl_snomed_broad,seresnet,I+II,LAD,device,morphology,1,528,0.7790,0.8030,0.9221,0.0240,0.0299,-0.0013,0.0505,,0.0806,False,ok,axis,False,indeterminate,indeterminate,sufficient,indeterminate,sufficient,indeterminate
ptbxl_snomed_broad,seresnet,I+II,SB,device,rhythm,1,64,0.5242,0.4199,0.9584,-0.1042,-0.2482,-0.1692,-0.0215,,0.9970,False,ok,rhythm,True,sufficient,sufficient,sufficient,sufficient,sufficient,sufficient
ptbxl_snomed_broad,seresnet,I+II,SVT,device,rhythm,1,5,0.4279,0.3949,0.9726,-0.0331,-0.0837,-0.4717,0.3804,,0.6984,False,ok,rhythm,True,indeterminate,indeterminate,indeterminate,indeterminate,indeterminate,indeterminate
ptbxl_snomed_broad,seresnet,I+II,SR,device,rhythm,1,1826,0.9818,0.9818,0.9308,-0.0000,-0.0000,-0.0026,0.0027,,0.7143,False,ok,rhythm,False,sufficient,sufficient,sufficient,sufficient,sufficient,sufficient
ptbxl_snomed_broad,seresnet,I+II,ST,device,rhythm,1,82,0.8843,0.8775,0.9897,-0.0068,-0.0078,-0.0528,0.0468,,0.7369,False,ok,rhythm,False,indeterminate,sufficient,sufficient,indeterminate,sufficient,sufficient
ptbxl_snomed_broad,seresnet,I+II,STTC,device,morphology,1,221,0.3585,0.3994,0.8543,0.0410,0.1025,-0.0075,0.0859,,0.1388,False,ok,repolarization,True,indeterminate,indeterminate,sufficient,indeterminate,indeterminate,indeterminate
ptbxl_snomed_broad,seresnet,I+II,LVH,device,morphology,1,234,0.5442,0.7535,0.8718,0.2093,0.2778,0.1528,0.2641,,0.0040,True,B_confusion,hypertrophy,False,loss,loss,loss,loss,loss,loss
ptbxl_snomed_broad,seresnet,I+II,RBBB,device,morphology,1,166,0.6756,0.8961,0.9058,0.2205,0.2460,0.1662,0.2803,,0.0040,True,B_confusion,conduction,False,loss,loss,loss,loss,loss,loss
ptbxl_snomed_broad,seresnet,LIMB6,AF,device,rhythm,1,152,0.9194,0.8931,0.9787,-0.0263,-0.0294,-0.0544,-0.0002,,0.9970,False,ok,rhythm,False,sufficient,sufficient,sufficient,sufficient,sufficient,sufficient
ptbxl_snomed_broad,seresnet,LIMB6,AFL,device,rhythm,1,7,0.6326,0.6875,0.9442,0.0549,0.0798,-0.1118,0.2667,,0.5410,False,ok,rhythm,False,indeterminate,indeterminate,indeterminate,indeterminate,indeterminate,indeterminate
ptbxl_snomed_broad,seresnet,LIMB6,TWC,device,morphology,1,256,0.4632,0.5877,0.8700,0.1246,0.2119,0.0745,0.1706,,0.0040,False,ok,repolarization,False,loss,loss,indeterminate,loss,loss,loss
ptbxl_snomed_broad,seresnet,LIMB6,LAD,device,morphology,1,528,0.7785,0.8030,0.9242,0.0245,0.0305,-0.0011,0.0512,,0.0806,False,ok,axis,False,indeterminate,indeterminate,sufficient,indeterminate,sufficient,indeterminate
ptbxl_snomed_broad,seresnet,LIMB6,SB,device,rhythm,1,64,0.4276,0.4199,0.9441,-0.0077,-0.0182,-0.0827,0.0804,,0.7143,False,ok,rhythm,True,indeterminate,indeterminate,sufficient,indeterminate,indeterminate,indeterminate
ptbxl_snomed_broad,seresnet,LIMB6,SVT,device,rhythm,1,5,0.2017,0.3949,0.9902,0.1932,0.4893,-0.1256,0.5001,,0.1588,False,ok,rhythm,True,indeterminate,indeterminate,indeterminate,indeterminate,indeterminate,indeterminate
ptbxl_snomed_broad,seresnet,LIMB6,SR,device,rhythm,1,1826,0.9824,0.9818,0.9288,-0.0006,-0.0006,-0.0029,0.0014,,0.8589,False,ok,rhythm,False,sufficient,sufficient,sufficient,sufficient,sufficient,sufficient
ptbxl_snomed_broad,seresnet,LIMB6,ST,device,rhythm,1,82,0.9031,0.8775,0.9930,-0.0256,-0.0292,-0.0813,0.0353,,0.8930,False,ok,rhythm,False,indeterminate,sufficient,sufficient,sufficient,sufficient,sufficient
ptbxl_snomed_broad,seresnet,LIMB6,STTC,device,morphology,1,221,0.3452,0.3994,0.8513,0.0542,0.1356,0.0072,0.0962,,0.0345,False,ok,repolarization,True,indeterminate,indeterminate,sufficient,indeterminate,indeterminate,indeterminate
ptbxl_snomed_broad,seresnet,LIMB6,LVH,device,morphology,1,234,0.5648,0.7535,0.8767,0.1887,0.2504,0.1346,0.2417,,0.0040,True,B_confusion,hypertrophy,False,loss,loss,loss,loss,loss,loss
ptbxl_snomed_broad,seresnet,LIMB6,RBBB,device,morphology,1,166,0.6746,0.8961,0.9141,0.2215,0.2472,0.1641,0.2824,,0.0040,True,B_confusion,conduction,False,loss,loss,loss,loss,loss,loss
ptbxl_snomed_broad,seresnet,CH3,AF,device,rhythm,1,152,0.9313,0.8931,0.9815,-0.0382,-0.0428,-0.0759,-0.0074,,0.9970,False,ok,rhythm,False,sufficient,sufficient,sufficient,sufficient,sufficient,sufficient
ptbxl_snomed_broad,seresnet,CH3,AFL,device,rhythm,1,7,0.6836,0.6875,0.9134,0.0039,0.0057,-0.1852,0.2053,,0.6892,False,ok,rhythm,False,indeterminate,indeterminate,indeterminate,indeterminate,indeterminate,indeterminate
ptbxl_snomed_broad,seresnet,CH3,TWC,device,morphology,1,256,0.4918,0.5877,0.8804,0.0960,0.1633,0.0484,0.1398,,0.0040,False,ok,repolarization,False,loss,indeterminate,indeterminate,loss,indeterminate,indeterminate
ptbxl_snomed_broad,seresnet,CH3,LAD,device,morphology,1,528,0.7690,0.8030,0.9187,0.0340,0.0424,0.0112,0.0606,,0.0110,False,ok,axis,False,indeterminate,indeterminate,sufficient,indeterminate,sufficient,indeterminate
ptbxl_snomed_broad,seresnet,CH3,SB,device,rhythm,1,64,0.5166,0.4199,0.9623,-0.0967,-0.2302,-0.1537,-0.0197,,0.9970,False,ok,rhythm,True,sufficient,sufficient,sufficient,sufficient,sufficient,sufficient
ptbxl_snomed_broad,seresnet,CH3,SVT,device,rhythm,1,5,0.4601,0.3949,0.9813,-0.0652,-0.1651,-0.4832,0.3363,,0.7143,False,ok,rhythm,True,indeterminate,indeterminate,indeterminate,indeterminate,indeterminate,indeterminate
ptbxl_snomed_broad,seresnet,CH3,SR,device,rhythm,1,1826,0.9803,0.9818,0.9237,0.0015,0.0016,-0.0009,0.0043,,0.2160,False,ok,rhythm,False,sufficient,sufficient,sufficient,sufficient,sufficient,sufficient
ptbxl_snomed_broad,seresnet,CH3,ST,device,rhythm,1,82,0.8858,0.8775,0.9950,-0.0083,-0.0095,-0.0479,0.0359,,0.7799,False,ok,rhythm,False,indeterminate,sufficient,sufficient,sufficient,sufficient,sufficient
ptbxl_snomed_broad,seresnet,CH3,STTC,device,morphology,1,221,0.3543,0.3994,0.8526,0.0451,0.1129,0.0031,0.0850,,0.0412,False,ok,repolarization,True,indeterminate,indeterminate,sufficient,indeterminate,indeterminate,indeterminate
ptbxl_snomed_broad,seresnet,CH3,LVH,device,morphology,1,234,0.5405,0.7535,0.8780,0.2130,0.2827,0.1538,0.2730,,0.0040,True,B_confusion,hypertrophy,False,loss,loss,loss,loss,loss,loss
ptbxl_snomed_broad,seresnet,CH3,RBBB,device,morphology,1,166,0.8403,0.8961,0.9783,0.0558,0.0623,0.0227,0.0937,,0.0040,False,ok,conduction,False,loss,indeterminate,sufficient,indeterminate,indeterminate,indeterminate
ptbxl_snomed_broad,seresnet,CH4,AF,device,rhythm,1,152,0.9018,0.8931,0.9784,-0.0086,-0.0097,-0.0384,0.0216,,0.8589,False,ok,rhythm,False,indeterminate,sufficient,sufficient,sufficient,sufficient,sufficient
ptbxl_snomed_broad,seresnet,CH4,AFL,device,rhythm,1,7,0.6695,0.6875,0.8815,0.0180,0.0261,-0.0560,0.0885,,0.4255,False,ok,rhythm,False,indeterminate,indeterminate,sufficient,indeterminate,indeterminate,indeterminate
ptbxl_snomed_broad,seresnet,CH4,TWC,device,morphology,1,256,0.4917,0.5877,0.8844,0.0960,0.1634,0.0467,0.1411,,0.0040,False,ok,repolarization,False,loss,indeterminate,indeterminate,loss,indeterminate,indeterminate
ptbxl_snomed_broad,seresnet,CH4,LAD,device,morphology,1,528,0.7754,0.8030,0.9249,0.0276,0.0344,0.0056,0.0518,,0.0381,False,ok,axis,False,indeterminate,indeterminate,sufficient,indeterminate,sufficient,indeterminate
ptbxl_snomed_broad,seresnet,CH4,SB,device,rhythm,1,64,0.5096,0.4199,0.9617,-0.0896,-0.2134,-0.1529,-0.0017,,0.9970,False,ok,rhythm,True,sufficient,sufficient,sufficient,sufficient,sufficient,sufficient
ptbxl_snomed_broad,seresnet,CH4,SVT,device,rhythm,1,5,0.4634,0.3949,0.9934,-0.0685,-0.1734,-0.5071,0.4002,,0.7156,False,ok,rhythm,True,indeterminate,indeterminate,indeterminate,indeterminate,indeterminate,indeterminate
ptbxl_snomed_broad,seresnet,CH4,SR,device,rhythm,1,1826,0.9797,0.9818,0.9235,0.0021,0.0021,-0.0006,0.0050,,0.1444,False,ok,rhythm,False,sufficient,sufficient,sufficient,sufficient,sufficient,sufficient
ptbxl_snomed_broad,seresnet,CH4,ST,device,rhythm,1,82,0.8735,0.8775,0.9926,0.0040,0.0046,-0.0639,0.0807,,0.6545,False,ok,rhythm,False,indeterminate,indeterminate,sufficient,indeterminate,sufficient,indeterminate
ptbxl_snomed_broad,seresnet,CH4,STTC,device,morphology,1,221,0.3630,0.3994,0.8503,0.0364,0.0912,-0.0110,0.0755,,0.1444,False,ok,repolarization,True,indeterminate,indeterminate,sufficient,indeterminate,indeterminate,indeterminate
ptbxl_snomed_broad,seresnet,CH4,LVH,device,morphology,1,234,0.5965,0.7535,0.8912,0.1569,0.2083,0.1080,0.2074,,0.0040,True,B_confusion,hypertrophy,False,loss,loss,loss,loss,loss,loss
ptbxl_snomed_broad,seresnet,CH4,RBBB,device,morphology,1,166,0.8482,0.8961,0.9743,0.0479,0.0535,0.0113,0.0860,,0.0169,False,ok,conduction,False,indeterminate,indeterminate,sufficient,indeterminate,sufficient,indeterminate
ningbo_broad,seresnet,I,AF,single,rhythm,1,0,,,,,,,,,,False,ok,rhythm,False,na,na,na,na,na,na
ningbo_broad,seresnet,I,AFL,single,rhythm,1,1140,,,,,,,,,,False,ok,rhythm,False,na,na,na,na,na,na
ningbo_broad,seresnet,I,TWC,single,morphology,1,986,0.6302,0.7835,0.8628,0.1533,0.1956,0.1252,0.1815,,0.0017,True,B_confusion,repolarization,False,loss,loss,loss,loss,loss,loss
ningbo_broad,seresnet,I,LAD,single,morphology,1,175,0.1021,0.5839,0.7400,0.4818,0.8251,0.4017,0.5569,,0.0017,True,B_confusion,axis,False,loss,loss,loss,loss,loss,loss
ningbo_broad,seresnet,I,SB,single,rhythm,1,1899,0.9951,0.9972,0.9981,0.0021,0.0021,0.0001,0.0048,,0.0231,False,ok,rhythm,False,sufficient,sufficient,sufficient,sufficient,sufficient,sufficient
ningbo_broad,seresnet,I,SVT,single,rhythm,1,31,0.2335,0.4453,0.9790,0.2118,0.4757,0.0576,0.3427,,0.0047,True,B_confusion,rhythm,True,loss,loss,indeterminate,loss,loss,loss
ningbo_broad,seresnet,I,SR,single,rhythm,1,942,0.9470,0.9699,0.9865,0.0228,0.0236,0.0146,0.0317,,0.0017,False,ok,rhythm,False,indeterminate,sufficient,sufficient,sufficient,sufficient,sufficient
ningbo_broad,seresnet,I,ST,single,rhythm,1,852,0.9882,0.9920,0.9977,0.0038,0.0038,-0.0015,0.0096,,0.1026,False,ok,rhythm,False,sufficient,sufficient,sufficient,sufficient,sufficient,sufficient
ningbo_broad,seresnet,I,STTC,single,morphology,1,752,0.5910,0.7431,0.8574,0.1521,0.2047,0.1220,0.1817,,0.0017,True,B_confusion,repolarization,False,loss,loss,loss,loss,loss,loss
ningbo_broad,seresnet,I,LVH,single,morphology,1,710,0.4021,0.8847,0.7944,0.4827,0.5455,0.4468,0.5164,,0.0017,True,B_confusion,hypertrophy,False,loss,loss,loss,loss,loss,loss
ningbo_broad,seresnet,I,RBBB,single,morphology,1,226,0.8869,0.9467,0.9739,0.0598,0.0631,0.0334,0.0893,,0.0017,False,ok,conduction,False,loss,indeterminate,sufficient,indeterminate,sufficient,indeterminate
ningbo_broad,seresnet,II,AF,single,rhythm,1,0,,,,,,,,,,False,ok,rhythm,False,na,na,na,na,na,na
ningbo_broad,seresnet,II,AFL,single,rhythm,1,1140,,,,,,,,,,False,ok,rhythm,False,na,na,na,na,na,na
ningbo_broad,seresnet,II,TWC,single,morphology,1,986,0.6570,0.7835,0.8757,0.1264,0.1614,0.1026,0.1515,,0.0017,False,ok,repolarization,False,loss,loss,loss,loss,loss,loss
ningbo_broad,seresnet,II,LAD,single,morphology,1,175,0.5761,0.5839,0.9822,0.0078,0.0134,-0.0564,0.0727,,0.4392,False,ok,axis,False,indeterminate,indeterminate,sufficient,indeterminate,indeterminate,indeterminate
ningbo_broad,seresnet,II,SB,single,rhythm,1,1899,0.9971,0.9972,0.9987,0.0001,0.0001,-0.0019,0.0021,,0.4930,False,ok,rhythm,False,sufficient,sufficient,sufficient,sufficient,sufficient,sufficient
ningbo_broad,seresnet,II,SVT,single,rhythm,1,31,0.4209,0.4453,0.9719,0.0244,0.0548,-0.1577,0.1681,,0.4616,False,ok,rhythm,True,indeterminate,indeterminate,indeterminate,indeterminate,indeterminate,indeterminate
ningbo_broad,seresnet,II,SR,single,rhythm,1,942,0.9647,0.9699,0.9895,0.0052,0.0053,-0.0012,0.0115,,0.0700,False,ok,rhythm,False,sufficient,sufficient,sufficient,sufficient,sufficient,sufficient
ningbo_broad,seresnet,II,ST,single,rhythm,1,852,0.9943,0.9920,0.9988,-0.0023,-0.0024,-0.0067,0.0012,,0.8831,False,ok,rhythm,False,sufficient,sufficient,sufficient,sufficient,sufficient,sufficient
ningbo_broad,seresnet,II,STTC,single,morphology,1,752,0.6204,0.7431,0.8837,0.1227,0.1651,0.0953,0.1473,,0.0017,False,ok,repolarization,False,loss,loss,indeterminate,loss,loss,loss
ningbo_broad,seresnet,II,LVH,single,morphology,1,710,0.4302,0.8847,0.8178,0.4546,0.5138,0.4157,0.4910,,0.0017,True,B_confusion,hypertrophy,False,loss,loss,loss,loss,loss,loss
ningbo_broad,seresnet,II,RBBB,single,morphology,1,226,0.7658,0.9467,0.9567,0.1809,0.1911,0.1396,0.2239,,0.0017,True,B_confusion,conduction,False,loss,loss,loss,loss,loss,loss
ningbo_broad,seresnet,III,AF,single,rhythm,1,0,,,,,,,,,,False,ok,rhythm,False,na,na,na,na,na,na
ningbo_broad,seresnet,III,AFL,single,rhythm,1,1140,,,,,,,,,,False,ok,rhythm,False,na,na,na,na,na,na
ningbo_broad,seresnet,III,TWC,single,morphology,1,986,0.4542,0.7835,0.7713,0.3293,0.4203,0.2968,0.3601,,0.0017,True,B_confusion,repolarization,False,loss,loss,loss,loss,loss,loss
ningbo_broad,seresnet,III,LAD,single,morphology,1,175,0.3108,0.5839,0.9388,0.2731,0.4677,0.1896,0.3508,,0.0017,True,B_confusion,axis,False,loss,loss,loss,loss,loss,loss
ningbo_broad,seresnet,III,SB,single,rhythm,1,1899,0.9936,0.9972,0.9980,0.0035,0.0035,-0.0003,0.0085,,0.0518,False,ok,rhythm,False,sufficient,sufficient,sufficient,sufficient,sufficient,sufficient
ningbo_broad,seresnet,III,SVT,single,rhythm,1,31,0.3367,0.4453,0.9478,0.1086,0.2438,-0.0734,0.2710,,0.1603,False,ok,rhythm,True,indeterminate,indeterminate,indeterminate,indeterminate,indeterminate,indeterminate
ningbo_broad,seresnet,III,SR,single,rhythm,1,942,0.9626,0.9699,0.9891,0.0072,0.0074,0.0006,0.0145,,0.0243,False,ok,rhythm,False,sufficient,sufficient,sufficient,sufficient,sufficient,sufficient
ningbo_broad,seresnet,III,ST,single,rhythm,1,852,0.9893,0.9920,0.9976,0.0027,0.0027,-0.0023,0.0073,,0.1706,False,ok,rhythm,False,sufficient,sufficient,sufficient,sufficient,sufficient,sufficient
ningbo_broad,seresnet,III,STTC,single,morphology,1,752,0.4795,0.7431,0.8245,0.2637,0.3548,0.2294,0.2975,,0.0017,True,B_confusion,repolarization,False,loss,loss,loss,loss,loss,loss
ningbo_broad,seresnet,III,LVH,single,morphology,1,710,0.3694,0.8847,0.7801,0.5154,0.5825,0.4775,0.5505,,0.0017,True,B_confusion,hypertrophy,False,loss,loss,loss,loss,loss,loss
ningbo_broad,seresnet,III,RBBB,single,morphology,1,226,0.7599,0.9467,0.9567,0.1868,0.1973,0.1412,0.2301,,0.0017,True,B_confusion,conduction,False,loss,loss,loss,loss,loss,loss
ningbo_broad,seresnet,aVR,AF,single,rhythm,1,0,,,,,,,,,,False,ok,rhythm,False,na,na,na,na,na,na
ningbo_broad,seresnet,aVR,AFL,single,rhythm,1,1140,,,,,,,,,,False,ok,rhythm,False,na,na,na,na,na,na
ningbo_broad,seresnet,aVR,TWC,single,morphology,1,986,0.7120,0.7835,0.9013,0.0715,0.0912,0.0491,0.0955,,0.0017,False,ok,repolarization,False,loss,indeterminate,sufficient,loss,indeterminate,indeterminate
ningbo_broad,seresnet,aVR,LAD,single,morphology,1,175,0.2860,0.5839,0.9251,0.2978,0.5101,0.2268,0.3590,,0.0017,True,B_confusion,axis,False,loss,loss,loss,loss,loss,loss
ningbo_broad,seresnet,aVR,SB,single,rhythm,1,1899,0.9949,0.9972,0.9984,0.0022,0.0022,0.0003,0.0048,,0.0074,False,ok,rhythm,False,sufficient,sufficient,sufficient,sufficient,sufficient,sufficient
ningbo_broad,seresnet,aVR,SVT,single,rhythm,1,31,0.2965,0.4453,0.9590,0.1488,0.3341,-0.0045,0.2824,,0.0446,False,ok,rhythm,True,indeterminate,indeterminate,indeterminate,indeterminate,indeterminate,indeterminate
ningbo_broad,seresnet,aVR,SR,single,rhythm,1,942,0.9668,0.9699,0.9907,0.0030,0.0031,-0.0023,0.0084,,0.1661,False,ok,rhythm,False,sufficient,sufficient,sufficient,sufficient,sufficient,sufficient
ningbo_broad,seresnet,aVR,ST,single,rhythm,1,852,0.9935,0.9920,0.9985,-0.0015,-0.0016,-0.0061,0.0023,,0.7566,False,ok,rhythm,False,sufficient,sufficient,sufficient,sufficient,sufficient,sufficient
ningbo_broad,seresnet,aVR,STTC,single,morphology,1,752,0.6608,0.7431,0.8998,0.0824,0.1108,0.0595,0.1066,,0.0017,False,ok,repolarization,False,loss,loss,indeterminate,loss,indeterminate,loss
ningbo_broad,seresnet,aVR,LVH,single,morphology,1,710,0.4815,0.8847,0.8363,0.4032,0.4558,0.3683,0.4373,,0.0017,True,B_confusion,hypertrophy,False,loss,loss,loss,loss,loss,loss
ningbo_broad,seresnet,aVR,RBBB,single,morphology,1,226,0.8602,0.9467,0.9762,0.0864,0.0913,0.0567,0.1211,,0.0017,False,ok,conduction,False,loss,loss,indeterminate,loss,indeterminate,loss
ningbo_broad,seresnet,aVL,AF,single,rhythm,1,0,,,,,,,,,,False,ok,rhythm,False,na,na,na,na,na,na
ningbo_broad,seresnet,aVL,AFL,single,rhythm,1,1140,,,,,,,,,,False,ok,rhythm,False,na,na,na,na,na,na
ningbo_broad,seresnet,aVL,TWC,single,morphology,1,986,0.4724,0.7835,0.7906,0.3110,0.3970,0.2761,0.3442,,0.0017,True,B_confusion,repolarization,False,loss,loss,loss,loss,loss,loss
ningbo_broad,seresnet,aVL,LAD,single,morphology,1,175,0.1773,0.5839,0.8560,0.4066,0.6964,0.3245,0.4850,,0.0017,True,B_confusion,axis,False,loss,loss,loss,loss,loss,loss
ningbo_broad,seresnet,aVL,SB,single,rhythm,1,1899,0.9925,0.9972,0.9973,0.0046,0.0047,0.0011,0.0086,,0.0062,False,ok,rhythm,False,sufficient,sufficient,sufficient,sufficient,sufficient,sufficient
ningbo_broad,seresnet,aVL,SVT,single,rhythm,1,31,0.3735,0.4453,0.9761,0.0718,0.1612,-0.0878,0.2345,,0.2223,False,ok,rhythm,True,indeterminate,indeterminate,indeterminate,indeterminate,indeterminate,indeterminate
ningbo_broad,seresnet,aVL,SR,single,rhythm,1,942,0.9494,0.9699,0.9874,0.0205,0.0211,0.0111,0.0319,,0.0017,False,ok,rhythm,False,indeterminate,sufficient,sufficient,sufficient,sufficient,sufficient
ningbo_broad,seresnet,aVL,ST,single,rhythm,1,852,0.9807,0.9920,0.9958,0.0113,0.0114,0.0036,0.0196,,0.0047,False,ok,rhythm,False,sufficient,sufficient,sufficient,sufficient,sufficient,sufficient
ningbo_broad,seresnet,aVL,STTC,single,morphology,1,752,0.4706,0.7431,0.8094,0.2726,0.3668,0.2369,0.3050,,0.0017,True,B_confusion,repolarization,False,loss,loss,loss,loss,loss,loss
ningbo_broad,seresnet,aVL,LVH,single,morphology,1,710,0.3490,0.8847,0.7642,0.5358,0.6056,0.4967,0.5679,,0.0017,True,B_confusion,hypertrophy,False,loss,loss,loss,loss,loss,loss
ningbo_broad,seresnet,aVL,RBBB,single,morphology,1,226,0.8368,0.9467,0.9606,0.1099,0.1161,0.0760,0.1482,,0.0017,False,ok,conduction,False,loss,loss,indeterminate,loss,indeterminate,loss
ningbo_broad,seresnet,aVF,AF,single,rhythm,1,0,,,,,,,,,,False,ok,rhythm,False,na,na,na,na,na,na
ningbo_broad,seresnet,aVF,AFL,single,rhythm,1,1140,,,,,,,,,,False,ok,rhythm,False,na,na,na,na,na,na
ningbo_broad,seresnet,aVF,TWC,single,morphology,1,986,0.5468,0.7835,0.8182,0.2367,0.3021,0.2049,0.2687,,0.0017,True,B_confusion,repolarization,False,loss,loss,loss,loss,loss,loss
ningbo_broad,seresnet,aVF,LAD,single,morphology,1,175,0.4567,0.5839,0.9727,0.1272,0.2178,0.0663,0.1862,,0.0017,False,ok,axis,False,loss,loss,indeterminate,loss,loss,loss
ningbo_broad,seresnet,aVF,SB,single,rhythm,1,1899,0.9946,0.9972,0.9983,0.0025,0.0025,-0.0012,0.0074,,0.1603,False,ok,rhythm,False,sufficient,sufficient,sufficient,sufficient,sufficient,sufficient
ningbo_broad,seresnet,aVF,SVT,single,rhythm,1,31,0.4366,0.4453,0.9714,0.0087,0.0196,-0.1880,0.1895,,0.4930,False,ok,rhythm,True,indeterminate,indeterminate,indeterminate,indeterminate,indeterminate,indeterminate
ningbo_broad,seresnet,aVF,SR,single,rhythm,1,942,0.9631,0.9699,0.9899,0.0067,0.0069,-0.0019,0.0179,,0.1054,False,ok,rhythm,False,sufficient,sufficient,sufficient,sufficient,sufficient,sufficient
ningbo_broad,seresnet,aVF,ST,single,rhythm,1,852,0.9895,0.9920,0.9966,0.0024,0.0025,-0.0024,0.0069,,0.1853,False,ok,rhythm,False,sufficient,sufficient,sufficient,sufficient,sufficient,sufficient
ningbo_broad,seresnet,aVF,STTC,single,morphology,1,752,0.5567,0.7431,0.8504,0.1865,0.2509,0.1556,0.2164,,0.0017,True,B_confusion,repolarization,False,loss,loss,loss,loss,loss,loss
ningbo_broad,seresnet,aVF,LVH,single,morphology,1,710,0.4073,0.8847,0.7995,0.4774,0.5396,0.4393,0.5133,,0.0017,True,B_confusion,hypertrophy,False,loss,loss,loss,loss,loss,loss
ningbo_broad,seresnet,aVF,RBBB,single,morphology,1,226,0.7602,0.9467,0.9554,0.1865,0.1970,0.1418,0.2309,,0.0017,True,B_confusion,conduction,False,loss,loss,loss,loss,loss,loss
ningbo_broad,seresnet,V1,AF,single,rhythm,1,0,,,,,,,,,,False,ok,rhythm,False,na,na,na,na,na,na
ningbo_broad,seresnet,V1,AFL,single,rhythm,1,1140,,,,,,,,,,False,ok,rhythm,False,na,na,na,na,na,na
ningbo_broad,seresnet,V1,TWC,single,morphology,1,986,0.4309,0.7835,0.7627,0.3525,0.4500,0.3149,0.3869,,0.0017,True,B_confusion,repolarization,False,loss,loss,loss,loss,loss,loss
ningbo_broad,seresnet,V1,LAD,single,morphology,1,175,0.1119,0.5839,0.7611,0.4720,0.8083,0.3908,0.5529,,0.0017,True,B_confusion,axis,False,loss,loss,loss,loss,loss,loss
ningbo_broad,seresnet,V1,SB,single,rhythm,1,1899,0.9949,0.9972,0.9979,0.0022,0.0022,-0.0001,0.0049,,0.0496,False,ok,rhythm,False,sufficient,sufficient,sufficient,sufficient,sufficient,sufficient
ningbo_broad,seresnet,V1,SVT,single,rhythm,1,31,0.3483,0.4453,0.9843,0.0970,0.2179,-0.0841,0.2717,,0.1954,False,ok,rhythm,True,indeterminate,indeterminate,indeterminate,indeterminate,indeterminate,indeterminate
ningbo_broad,seresnet,V1,SR,single,rhythm,1,942,0.9537,0.9699,0.9866,0.0162,0.0167,0.0082,0.0250,,0.0017,False,ok,rhythm,False,indeterminate,sufficient,sufficient,sufficient,sufficient,sufficient
ningbo_broad,seresnet,V1,ST,single,rhythm,1,852,0.9805,0.9920,0.9959,0.0115,0.0116,0.0058,0.0173,,0.0032,False,ok,rhythm,False,sufficient,sufficient,sufficient,sufficient,sufficient,sufficient
ningbo_broad,seresnet,V1,STTC,single,morphology,1,752,0.4393,0.7431,0.7928,0.3038,0.4089,0.2711,0.3392,,0.0017,True,B_confusion,repolarization,False,loss,loss,loss,loss,loss,loss
ningbo_broad,seresnet,V1,LVH,single,morphology,1,710,0.4242,0.8847,0.8021,0.4605,0.5205,0.4228,0.4949,,0.0017,True,B_confusion,hypertrophy,False,loss,loss,loss,loss,loss,loss
ningbo_broad,seresnet,V1,RBBB,single,morphology,1,226,0.9395,0.9467,0.9921,0.0072,0.0076,-0.0079,0.0233,,0.2259,False,ok,conduction,False,indeterminate,sufficient,sufficient,sufficient,sufficient,sufficient
ningbo_broad,seresnet,V2,AF,single,rhythm,1,0,,,,,,,,,,False,ok,rhythm,False,na,na,na,na,na,na
ningbo_broad,seresnet,V2,AFL,single,rhythm,1,1140,,,,,,,,,,False,ok,rhythm,False,na,na,na,na,na,na
ningbo_broad,seresnet,V2,TWC,single,morphology,1,986,0.4682,0.7835,0.7902,0.3153,0.4024,0.2811,0.3464,,0.0017,True,B_confusion,repolarization,False,loss,loss,loss,loss,loss,loss
ningbo_broad,seresnet,V2,LAD,single,morphology,1,175,0.0946,0.5839,0.7191,0.4893,0.8380,0.4136,0.5658,,0.0017,True,B_confusion,axis,False,loss,loss,loss,loss,loss,loss
ningbo_broad,seresnet,V2,SB,single,rhythm,1,1899,0.9969,0.9972,0.9985,0.0003,0.0003,-0.0020,0.0023,,0.4292,False,ok,rhythm,False,sufficient,sufficient,sufficient,sufficient,sufficient,sufficient
ningbo_broad,seresnet,V2,SVT,single,rhythm,1,31,0.3818,0.4453,0.9805,0.0636,0.1427,-0.1382,0.2574,,0.3090,False,ok,rhythm,True,indeterminate,indeterminate,indeterminate,indeterminate,indeterminate,indeterminate
ningbo_broad,seresnet,V2,SR,single,rhythm,1,942,0.9567,0.9699,0.9856,0.0132,0.0136,0.0068,0.0202,,0.0017,False,ok,rhythm,False,indeterminate,sufficient,sufficient,sufficient,sufficient,sufficient
ningbo_broad,seresnet,V2,ST,single,rhythm,1,852,0.9774,0.9920,0.9962,0.0146,0.0147,0.0083,0.0207,,0.0017,False,ok,rhythm,False,indeterminate,sufficient,sufficient,sufficient,sufficient,sufficient
ningbo_broad,seresnet,V2,STTC,single,morphology,1,752,0.4953,0.7431,0.8230,0.2478,0.3335,0.2139,0.2823,,0.0017,True,B_confusion,repolarization,False,loss,loss,loss,loss,loss,loss
ningbo_broad,seresnet,V2,LVH,single,morphology,1,710,0.4194,0.8847,0.8003,0.4654,0.5260,0.4233,0.5008,,0.0017,True,B_confusion,hypertrophy,False,loss,loss,loss,loss,loss,loss
ningbo_broad,seresnet,V2,RBBB,single,morphology,1,226,0.8870,0.9467,0.9846,0.0597,0.0631,0.0335,0.0855,,0.0017,False,ok,conduction,False,loss,indeterminate,sufficient,indeterminate,sufficient,indeterminate
ningbo_broad,seresnet,V3,AF,single,rhythm,1,0,,,,,,,,,,False,ok,rhythm,False,na,na,na,na,na,na
ningbo_broad,seresnet,V3,AFL,single,rhythm,1,1140,,,,,,,,,,False,ok,rhythm,False,na,na,na,na,na,na
ningbo_broad,seresnet,V3,TWC,single,morphology,1,986,0.5721,0.7835,0.8421,0.2113,0.2697,0.1802,0.2413,,0.0017,True,B_confusion,repolarization,False,loss,loss,loss,loss,loss,loss
ningbo_broad,seresnet,V3,LAD,single,morphology,1,175,0.1187,0.5839,0.7819,0.4652,0.7967,0.3840,0.5397,,0.0017,True,B_confusion,axis,False,loss,loss,loss,loss,loss,loss
ningbo_broad,seresnet,V3,SB,single,rhythm,1,1899,0.9967,0.9972,0.9984,0.0005,0.0005,-0.0018,0.0023,,0.3575,False,ok,rhythm,False,sufficient,sufficient,sufficient,sufficient,sufficient,sufficient
ningbo_broad,seresnet,V3,SVT,single,rhythm,1,31,0.3473,0.4453,0.9763,0.0980,0.2201,-0.0957,0.2730,,0.2065,False,ok,rhythm,True,indeterminate,indeterminate,indeterminate,indeterminate,indeterminate,indeterminate
ningbo_broad,seresnet,V3,SR,single,rhythm,1,942,0.9559,0.9699,0.9859,0.0140,0.0144,0.0067,0.0213,,0.0032,False,ok,rhythm,False,indeterminate,sufficient,sufficient,sufficient,sufficient,sufficient
ningbo_broad,seresnet,V3,ST,single,rhythm,1,852,0.9766,0.9920,0.9956,0.0154,0.0155,0.0092,0.0218,,0.0017,False,ok,rhythm,False,indeterminate,sufficient,sufficient,sufficient,sufficient,sufficient
ningbo_broad,seresnet,V3,STTC,single,morphology,1,752,0.5460,0.7431,0.8435,0.1971,0.2653,0.1662,0.2271,,0.0017,True,B_confusion,repolarization,False,loss,loss,loss,loss,loss,loss
ningbo_broad,seresnet,V3,LVH,single,morphology,1,710,0.4698,0.8847,0.8393,0.4149,0.4690,0.3806,0.4481,,0.0017,True,B_confusion,hypertrophy,False,loss,loss,loss,loss,loss,loss
ningbo_broad,seresnet,V3,RBBB,single,morphology,1,226,0.8905,0.9467,0.9807,0.0561,0.0593,0.0310,0.0836,,0.0032,False,ok,conduction,False,loss,indeterminate,sufficient,indeterminate,sufficient,indeterminate
ningbo_broad,seresnet,V4,AF,single,rhythm,1,0,,,,,,,,,,False,ok,rhythm,False,na,na,na,na,na,na
ningbo_broad,seresnet,V4,AFL,single,rhythm,1,1140,,,,,,,,,,False,ok,rhythm,False,na,na,na,na,na,na
ningbo_broad,seresnet,V4,TWC,single,morphology,1,986,0.7085,0.7835,0.8953,0.0749,0.0957,0.0504,0.0999,,0.0017,False,ok,repolarization,False,loss,loss,sufficient,loss,indeterminate,loss
ningbo_broad,seresnet,V4,LAD,single,morphology,1,175,0.1415,0.5839,0.8110,0.4424,0.7576,0.3620,0.5195,,0.0017,True,B_confusion,axis,False,loss,loss,loss,loss,loss,loss
ningbo_broad,seresnet,V4,SB,single,rhythm,1,1899,0.9962,0.9972,0.9984,0.0010,0.0010,-0.0012,0.0035,,0.2477,False,ok,rhythm,False,sufficient,sufficient,sufficient,sufficient,sufficient,sufficient
ningbo_broad,seresnet,V4,SVT,single,rhythm,1,31,0.3613,0.4453,0.9703,0.0840,0.1887,-0.0809,0.2606,,0.2069,False,ok,rhythm,True,indeterminate,indeterminate,indeterminate,indeterminate,indeterminate,indeterminate
ningbo_broad,seresnet,V4,SR,single,rhythm,1,942,0.9535,0.9699,0.9855,0.0163,0.0168,0.0091,0.0240,,0.0032,False,ok,rhythm,False,indeterminate,sufficient,sufficient,sufficient,sufficient,sufficient
ningbo_broad,seresnet,V4,ST,single,rhythm,1,852,0.9708,0.9920,0.9951,0.0212,0.0213,0.0137,0.0285,,0.0017,False,ok,rhythm,False,indeterminate,sufficient,sufficient,sufficient,sufficient,sufficient
ningbo_broad,seresnet,V4,STTC,single,morphology,1,752,0.6464,0.7431,0.8830,0.0968,0.1302,0.0723,0.1216,,0.0017,False,ok,repolarization,False,loss,loss,indeterminate,loss,indeterminate,loss
ningbo_broad,seresnet,V4,LVH,single,morphology,1,710,0.6491,0.8847,0.9059,0.2357,0.2664,0.2052,0.2661,,0.0017,True,B_confusion,hypertrophy,False,loss,loss,loss,loss,loss,loss
ningbo_broad,seresnet,V4,RBBB,single,morphology,1,226,0.8567,0.9467,0.9712,0.0900,0.0950,0.0591,0.1227,,0.0017,False,ok,conduction,False,loss,loss,indeterminate,loss,indeterminate,loss
ningbo_broad,seresnet,V5,AF,single,rhythm,1,0,,,,,,,,,,False,ok,rhythm,False,na,na,na,na,na,na
ningbo_broad,seresnet,V5,AFL,single,rhythm,1,1140,,,,,,,,,,False,ok,rhythm,False,na,na,na,na,na,na
ningbo_broad,seresnet,V5,TWC,single,morphology,1,986,0.7615,0.7835,0.9146,0.0220,0.0281,0.0022,0.0412,,0.0296,False,ok,repolarization,False,indeterminate,sufficient,sufficient,indeterminate,sufficient,sufficient
ningbo_broad,seresnet,V5,LAD,single,morphology,1,175,0.1716,0.5839,0.8638,0.4123,0.7062,0.3419,0.4811,,0.0017,True,B_confusion,axis,False,loss,loss,loss,loss,loss,loss
ningbo_broad,seresnet,V5,SB,single,rhythm,1,1899,0.9963,0.9972,0.9984,0.0008,0.0008,-0.0015,0.0029,,0.2586,False,ok,rhythm,False,sufficient,sufficient,sufficient,sufficient,sufficient,sufficient
ningbo_broad,seresnet,V5,SVT,single,rhythm,1,31,0.4193,0.4453,0.9611,0.0260,0.0583,-0.1552,0.2035,,0.4223,False,ok,rhythm,True,indeterminate,indeterminate,indeterminate,indeterminate,indeterminate,indeterminate
ningbo_broad,seresnet,V5,SR,single,rhythm,1,942,0.9548,0.9699,0.9864,0.0151,0.0155,0.0091,0.0215,,0.0017,False,ok,rhythm,False,indeterminate,sufficient,sufficient,sufficient,sufficient,sufficient
ningbo_broad,seresnet,V5,ST,single,rhythm,1,852,0.9759,0.9920,0.9956,0.0161,0.0162,0.0095,0.0227,,0.0017,False,ok,rhythm,False,indeterminate,sufficient,sufficient,sufficient,sufficient,sufficient
ningbo_broad,seresnet,V5,STTC,single,morphology,1,752,0.7171,0.7431,0.9086,0.0260,0.0350,0.0058,0.0453,,0.0074,False,ok,repolarization,False,indeterminate,sufficient,sufficient,indeterminate,sufficient,sufficient
ningbo_broad,seresnet,V5,LVH,single,morphology,1,710,0.8677,0.8847,0.9613,0.0170,0.0192,0.0030,0.0305,,0.0102,False,ok,hypertrophy,False,indeterminate,sufficient,sufficient,sufficient,sufficient,sufficient
ningbo_broad,seresnet,V5,RBBB,single,morphology,1,226,0.8436,0.9467,0.9703,0.1031,0.1089,0.0710,0.1391,,0.0017,False,ok,conduction,False,loss,loss,indeterminate,loss,indeterminate,loss
ningbo_broad,seresnet,V6,AF,single,rhythm,1,0,,,,,,,,,,False,ok,rhythm,False,na,na,na,na,na,na
ningbo_broad,seresnet,V6,AFL,single,rhythm,1,1140,,,,,,,,,,False,ok,rhythm,False,na,na,na,na,na,na
ningbo_broad,seresnet,V6,TWC,single,morphology,1,986,0.7269,0.7835,0.9052,0.0566,0.0722,0.0329,0.0784,,0.0017,False,ok,repolarization,False,loss,indeterminate,sufficient,indeterminate,indeterminate,indeterminate
ningbo_broad,seresnet,V6,LAD,single,morphology,1,175,0.1829,0.5839,0.8713,0.4010,0.6867,0.3302,0.4685,,0.0017,True,B_confusion,axis,False,loss,loss,loss,loss,loss,loss
ningbo_broad,seresnet,V6,SB,single,rhythm,1,1899,0.9964,0.9972,0.9982,0.0008,0.0008,-0.0011,0.0023,,0.2386,False,ok,rhythm,False,sufficient,sufficient,sufficient,sufficient,sufficient,sufficient
ningbo_broad,seresnet,V6,SVT,single,rhythm,1,31,0.3439,0.4453,0.9752,0.1015,0.2279,-0.0768,0.2715,,0.1847,False,ok,rhythm,True,indeterminate,indeterminate,indeterminate,indeterminate,indeterminate,indeterminate
ningbo_broad,seresnet,V6,SR,single,rhythm,1,942,0.9573,0.9699,0.9869,0.0125,0.0129,0.0058,0.0194,,0.0032,False,ok,rhythm,False,sufficient,sufficient,sufficient,sufficient,sufficient,sufficient
ningbo_broad,seresnet,V6,ST,single,rhythm,1,852,0.9730,0.9920,0.9950,0.0189,0.0191,0.0125,0.0253,,0.0017,False,ok,rhythm,False,indeterminate,sufficient,sufficient,sufficient,sufficient,sufficient
ningbo_broad,seresnet,V6,STTC,single,morphology,1,752,0.6686,0.7431,0.8914,0.0746,0.1003,0.0530,0.0971,,0.0017,False,ok,repolarization,False,loss,loss,sufficient,loss,indeterminate,loss
ningbo_broad,seresnet,V6,LVH,single,morphology,1,710,0.7557,0.8847,0.9368,0.1290,0.1459,0.1076,0.1534,,0.0017,False,ok,hypertrophy,False,loss,loss,loss,loss,loss,loss
ningbo_broad,seresnet,V6,RBBB,single,morphology,1,226,0.8569,0.9467,0.9712,0.0897,0.0948,0.0588,0.1247,,0.0017,False,ok,conduction,False,loss,loss,indeterminate,loss,indeterminate,loss
ningbo_broad,seresnet,ALL,AF,ceiling,rhythm,1,0,,,,,,,,,,False,ok,rhythm,False,na,na,na,na,na,na
ningbo_broad,seresnet,ALL,AFL,ceiling,rhythm,1,1140,,,,,,,,,,False,ok,rhythm,False,na,na,na,na,na,na
ningbo_broad,seresnet,ALL,TWC,ceiling,morphology,1,986,0.7835,0.7835,0.9405,0.0000,0.0000,,,,,False,ok,repolarization,False,na,na,na,na,na,na
ningbo_broad,seresnet,ALL,LAD,ceiling,morphology,1,175,0.5839,0.5839,0.9816,0.0000,0.0000,,,,,False,ok,axis,False,na,na,na,na,na,na
ningbo_broad,seresnet,ALL,SB,ceiling,rhythm,1,1899,0.9972,0.9972,0.9988,0.0000,0.0000,,,,,False,ok,rhythm,False,na,na,na,na,na,na
ningbo_broad,seresnet,ALL,SVT,ceiling,rhythm,1,31,0.4453,0.4453,0.9361,0.0000,0.0000,,,,,False,ok,rhythm,True,na,na,na,na,na,na
ningbo_broad,seresnet,ALL,SR,ceiling,rhythm,1,942,0.9699,0.9699,0.9913,0.0000,0.0000,,,,,False,ok,rhythm,False,na,na,na,na,na,na
ningbo_broad,seresnet,ALL,ST,ceiling,rhythm,1,852,0.9920,0.9920,0.9976,0.0000,0.0000,,,,,False,ok,rhythm,False,na,na,na,na,na,na
ningbo_broad,seresnet,ALL,STTC,ceiling,morphology,1,752,0.7431,0.7431,0.9280,0.0000,0.0000,,,,,False,ok,repolarization,False,na,na,na,na,na,na
ningbo_broad,seresnet,ALL,LVH,ceiling,morphology,1,710,0.8847,0.8847,0.9751,0.0000,0.0000,,,,,False,ok,hypertrophy,False,na,na,na,na,na,na
ningbo_broad,seresnet,ALL,RBBB,ceiling,morphology,1,226,0.9467,0.9467,0.9920,0.0000,0.0000,,,,,False,ok,conduction,False,na,na,na,na,na,na
ningbo_broad,seresnet,I+II,AF,device,rhythm,1,0,,,,,,,,,,False,ok,rhythm,False,na,na,na,na,na,na
ningbo_broad,seresnet,I+II,AFL,device,rhythm,1,1140,,,,,,,,,,False,ok,rhythm,False,na,na,na,na,na,na
ningbo_broad,seresnet,I+II,TWC,device,morphology,1,986,0.7364,0.7835,0.9181,0.0471,0.0601,0.0279,0.0670,,0.0024,False,ok,repolarization,False,loss,indeterminate,sufficient,indeterminate,sufficient,indeterminate
ningbo_broad,seresnet,I+II,LAD,device,morphology,1,175,0.6733,0.5839,0.9861,-0.0894,-0.1531,-0.1317,-0.0418,,1.0000,False,ok,axis,False,sufficient,sufficient,sufficient,sufficient,sufficient,sufficient
ningbo_broad,seresnet,I+II,SB,device,rhythm,1,1899,0.9954,0.9972,0.9986,0.0018,0.0018,0.0001,0.0042,,0.0231,False,ok,rhythm,False,sufficient,sufficient,sufficient,sufficient,sufficient,sufficient
ningbo_broad,seresnet,I+II,SVT,device,rhythm,1,31,0.3876,0.4453,0.9618,0.0577,0.1297,-0.0651,0.1746,,0.2864,False,ok,rhythm,True,indeterminate,indeterminate,indeterminate,indeterminate,indeterminate,indeterminate
ningbo_broad,seresnet,I+II,SR,device,rhythm,1,942,0.9644,0.9699,0.9907,0.0055,0.0057,-0.0014,0.0136,,0.1279,False,ok,rhythm,False,sufficient,sufficient,sufficient,sufficient,sufficient,sufficient
ningbo_broad,seresnet,I+II,ST,device,rhythm,1,852,0.9941,0.9920,0.9988,-0.0022,-0.0022,-0.0059,0.0011,,0.9461,False,ok,rhythm,False,sufficient,sufficient,sufficient,sufficient,sufficient,sufficient
ningbo_broad,seresnet,I+II,STTC,device,morphology,1,752,0.6654,0.7431,0.9020,0.0778,0.1046,0.0539,0.1000,,0.0024,False,ok,repolarization,False,loss,loss,sufficient,loss,indeterminate,loss
ningbo_broad,seresnet,I+II,LVH,device,morphology,1,710,0.5191,0.8847,0.8555,0.3657,0.4133,0.3319,0.4014,,0.0024,True,B_confusion,hypertrophy,False,loss,loss,loss,loss,loss,loss
ningbo_broad,seresnet,I+II,RBBB,device,morphology,1,226,0.9023,0.9467,0.9735,0.0444,0.0469,0.0212,0.0703,,0.0024,False,ok,conduction,False,loss,indeterminate,sufficient,indeterminate,sufficient,indeterminate
ningbo_broad,seresnet,LIMB6,AF,device,rhythm,1,0,,,,,,,,,,False,ok,rhythm,False,na,na,na,na,na,na
ningbo_broad,seresnet,LIMB6,AFL,device,rhythm,1,1140,,,,,,,,,,False,ok,rhythm,False,na,na,na,na,na,na
ningbo_broad,seresnet,LIMB6,TWC,device,morphology,1,986,0.7384,0.7835,0.9198,0.0451,0.0576,0.0261,0.0653,,0.0024,False,ok,repolarization,False,loss,indeterminate,sufficient,indeterminate,sufficient,indeterminate
ningbo_broad,seresnet,LIMB6,LAD,device,morphology,1,175,0.6548,0.5839,0.9867,-0.0709,-0.1214,-0.1188,-0.0211,,1.0000,False,ok,axis,False,sufficient,sufficient,sufficient,sufficient,sufficient,sufficient
ningbo_broad,seresnet,LIMB6,SB,device,rhythm,1,1899,0.9967,0.9972,0.9986,0.0004,0.0004,-0.0007,0.0016,,0.3366,False,ok,rhythm,False,sufficient,sufficient,sufficient,sufficient,sufficient,sufficient
ningbo_broad,seresnet,LIMB6,SVT,device,rhythm,1,31,0.3681,0.4453,0.9404,0.0772,0.1733,-0.0971,0.2290,,0.3341,False,ok,rhythm,True,indeterminate,indeterminate,indeterminate,indeterminate,indeterminate,indeterminate
ningbo_broad,seresnet,LIMB6,SR,device,rhythm,1,942,0.9573,0.9699,0.9894,0.0126,0.0130,0.0034,0.0232,,0.0024,False,ok,rhythm,False,indeterminate,sufficient,sufficient,sufficient,sufficient,sufficient
ningbo_broad,seresnet,LIMB6,ST,device,rhythm,1,852,0.9942,0.9920,0.9988,-0.0023,-0.0023,-0.0064,0.0013,,0.9461,False,ok,rhythm,False,sufficient,sufficient,sufficient,sufficient,sufficient,sufficient
ningbo_broad,seresnet,LIMB6,STTC,device,morphology,1,752,0.6621,0.7431,0.9015,0.0810,0.1090,0.0602,0.1020,,0.0024,False,ok,repolarization,False,loss,loss,indeterminate,loss,indeterminate,loss
ningbo_broad,seresnet,LIMB6,LVH,device,morphology,1,710,0.5121,0.8847,0.8553,0.3726,0.4212,0.3388,0.4077,,0.0024,True,B_confusion,hypertrophy,False,loss,loss,loss,loss,loss,loss
ningbo_broad,seresnet,LIMB6,RBBB,device,morphology,1,226,0.8975,0.9467,0.9790,0.0492,0.0519,0.0251,0.0751,,0.0024,False,ok,conduction,False,loss,indeterminate,sufficient,indeterminate,sufficient,indeterminate
ningbo_broad,seresnet,CH3,AF,device,rhythm,1,0,,,,,,,,,,False,ok,rhythm,False,na,na,na,na,na,na
ningbo_broad,seresnet,CH3,AFL,device,rhythm,1,1140,,,,,,,,,,False,ok,rhythm,False,na,na,na,na,na,na
ningbo_broad,seresnet,CH3,TWC,device,morphology,1,986,0.7435,0.7835,0.9277,0.0400,0.0510,0.0207,0.0593,,0.0024,False,ok,repolarization,False,loss,indeterminate,sufficient,indeterminate,sufficient,indeterminate
ningbo_broad,seresnet,CH3,LAD,device,morphology,1,175,0.5884,0.5839,0.9779,-0.0045,-0.0077,-0.0591,0.0511,,0.6721,False,ok,axis,False,indeterminate,indeterminate,sufficient,indeterminate,sufficient,indeterminate
ningbo_broad,seresnet,CH3,SB,device,rhythm,1,1899,0.9959,0.9972,0.9985,0.0012,0.0013,0.0003,0.0027,,0.0089,False,ok,rhythm,False,sufficient,sufficient,sufficient,sufficient,sufficient,sufficient
ningbo_broad,seresnet,CH3,SVT,device,rhythm,1,31,0.3962,0.4453,0.9815,0.0492,0.1104,-0.1049,0.1778,,0.4396,False,ok,rhythm,True,indeterminate,indeterminate,indeterminate,indeterminate,indeterminate,indeterminate
ningbo_broad,seresnet,CH3,SR,device,rhythm,1,942,0.9672,0.9699,0.9910,0.0027,0.0027,-0.0023,0.0077,,0.2276,False,ok,rhythm,False,sufficient,sufficient,sufficient,sufficient,sufficient,sufficient
ningbo_broad,seresnet,CH3,ST,device,rhythm,1,852,0.9917,0.9920,0.9987,0.0002,0.0002,-0.0055,0.0082,,0.6256,False,ok,rhythm,False,sufficient,sufficient,sufficient,sufficient,sufficient,sufficient
ningbo_broad,seresnet,CH3,STTC,device,morphology,1,752,0.6814,0.7431,0.9096,0.0618,0.0831,0.0431,0.0804,,0.0024,False,ok,repolarization,False,loss,indeterminate,sufficient,loss,indeterminate,indeterminate
ningbo_broad,seresnet,CH3,LVH,device,morphology,1,710,0.5600,0.8847,0.8743,0.3248,0.3671,0.2853,0.3600,,0.0024,True,B_confusion,hypertrophy,False,loss,loss,loss,loss,loss,loss
ningbo_broad,seresnet,CH3,RBBB,device,morphology,1,226,0.9219,0.9467,0.9871,0.0248,0.0262,0.0096,0.0422,,0.0024,False,ok,conduction,False,indeterminate,sufficient,sufficient,sufficient,sufficient,sufficient
ningbo_broad,seresnet,CH4,AF,device,rhythm,1,0,,,,,,,,,,False,ok,rhythm,False,na,na,na,na,na,na
ningbo_broad,seresnet,CH4,AFL,device,rhythm,1,1140,,,,,,,,,,False,ok,rhythm,False,na,na,na,na,na,na
ningbo_broad,seresnet,CH4,TWC,device,morphology,1,986,0.7465,0.7835,0.9260,0.0369,0.0471,0.0184,0.0564,,0.0024,False,ok,repolarization,False,indeterminate,indeterminate,sufficient,indeterminate,sufficient,indeterminate
ningbo_broad,seresnet,CH4,LAD,device,morphology,1,175,0.6301,0.5839,0.9821,-0.0463,-0.0792,-0.0904,0.0059,,1.0000,False,ok,axis,False,sufficient,sufficient,sufficient,sufficient,sufficient,sufficient
ningbo_broad,seresnet,CH4,SB,device,rhythm,1,1899,0.9958,0.9972,0.9987,0.0014,0.0014,-0.0003,0.0039,,0.1408,False,ok,rhythm,False,sufficient,sufficient,sufficient,sufficient,sufficient,sufficient
ningbo_broad,seresnet,CH4,SVT,device,rhythm,1,31,0.3651,0.4453,0.9683,0.0802,0.1801,-0.0600,0.2099,,0.2276,False,ok,rhythm,True,indeterminate,indeterminate,indeterminate,indeterminate,indeterminate,indeterminate
ningbo_broad,seresnet,CH4,SR,device,rhythm,1,942,0.9688,0.9699,0.9901,0.0011,0.0011,-0.0039,0.0060,,0.4410,False,ok,rhythm,False,sufficient,sufficient,sufficient,sufficient,sufficient,sufficient
ningbo_broad,seresnet,CH4,ST,device,rhythm,1,852,0.9919,0.9920,0.9980,0.0001,0.0001,-0.0045,0.0043,,0.6256,False,ok,rhythm,False,sufficient,sufficient,sufficient,sufficient,sufficient,sufficient
ningbo_broad,seresnet,CH4,STTC,device,morphology,1,752,0.6852,0.7431,0.9123,0.0579,0.0780,0.0376,0.0776,,0.0024,False,ok,repolarization,False,loss,indeterminate,sufficient,loss,indeterminate,indeterminate
ningbo_broad,seresnet,CH4,LVH,device,morphology,1,710,0.5637,0.8847,0.8736,0.3211,0.3629,0.2847,0.3561,,0.0024,True,B_confusion,hypertrophy,False,loss,loss,loss,loss,loss,loss
ningbo_broad,seresnet,CH4,RBBB,device,morphology,1,226,0.9067,0.9467,0.9822,0.0399,0.0422,0.0201,0.0618,,0.0024,False,ok,conduction,False,loss,indeterminate,sufficient,indeterminate,sufficient,indeterminate
